171914, Attitude, Roll,0.086909135, Accelerometer (raw), x,0.096038818
171914, Attitude, Yaw,1.527642044, Accelerometer (raw), y,-0.358184814
171914, Attitude, Pitch,0.358991258, Accelerometer (raw), z,-0.900665283
171915, Attitude, Roll,0.071608939, Accelerometer (raw), x,0.045440674
171915, Attitude, Yaw,1.536481498, Accelerometer (raw), y,-0.351211548
171915, Attitude, Pitch,0.359063622, Accelerometer (raw), z,-0.916259766
171915, Attitude, Roll,0.066860885, Accelerometer (raw), x,0.060287476
171915, Attitude, Yaw,1.537489435, Accelerometer (raw), y,-0.343765259
171915, Attitude, Pitch,0.352686412, Accelerometer (raw), z,-0.914871216
171915, Attitude, Roll,0.061060105, Accelerometer (raw), x,0.066696167
171915, Attitude, Yaw,1.532931833, Accelerometer (raw), y,-0.332931519
171915, Attitude, Pitch,0.35308638, Accelerometer (raw), z,-0.931884766
171915, Attitude, Roll,0.059258439, Accelerometer (raw), x,0.05557251
171915, Attitude, Yaw,1.535136441, Accelerometer (raw), y,-0.352767944
171915, Attitude, Pitch,0.34771391, Accelerometer (raw), z,-0.920913696
171915, Attitude, Roll,0.055654262, Accelerometer (raw), x,0.054977417
171915, Attitude, Yaw,1.538942701, Accelerometer (raw), y,-0.34777832
171915, Attitude, Pitch,0.349647648, Accelerometer (raw), z,-0.913421631
171915, Attitude, Roll,0.050320009, Accelerometer (raw), x,0.055862427
171915, Attitude, Yaw,1.540610927, Accelerometer (raw), y,-0.325744629
171915, Attitude, Pitch,0.345219719, Accelerometer (raw), z,-0.931381226
171915, Attitude, Roll,0.053165887, Accelerometer (raw), x,0.05039978
171915, Attitude, Yaw,1.542942382, Accelerometer (raw), y,-0.303131104
171915, Attitude, Pitch,0.333804916, Accelerometer (raw), z,-0.942123413
171915, Attitude, Roll,0.053846957, Accelerometer (raw), x,0.039245605
171915, Attitude, Yaw,1.55016603, Accelerometer (raw), y,-0.321060181
171915, Attitude, Pitch,0.321851617, Accelerometer (raw), z,-0.936828613
171915, Attitude, Roll,0.040960196, Accelerometer (raw), x,0.028839111
171915, Attitude, Yaw,1.564805833, Accelerometer (raw), y,-0.32913208
171915, Attitude, Pitch,0.328284552, Accelerometer (raw), z,-0.929672241
171915, Attitude, Roll,0.034233169, Accelerometer (raw), x,0.036254883
171915, Attitude, Yaw,1.569987445, Accelerometer (raw), y,-0.332275391
171915, Attitude, Pitch,0.326444066, Accelerometer (raw), z,-0.937026978
171916, Attitude, Roll,0.023867307, Accelerometer (raw), x,0.011581421
171916, Attitude, Yaw,1.570772032, Accelerometer (raw), y,-0.333969116
171916, Attitude, Pitch,0.330772089, Accelerometer (raw), z,-0.932922363
171916, Attitude, Roll,0.021843667, Accelerometer (raw), x,0.015991211
171916, Attitude, Yaw,1.565695341, Accelerometer (raw), y,-0.322067261
171916, Attitude, Pitch,0.327630466, Accelerometer (raw), z,-0.929458618
171916, Attitude, Roll,0.024902258, Accelerometer (raw), x,0.029525757
171916, Attitude, Yaw,1.556653394, Accelerometer (raw), y,-0.307098389
171916, Attitude, Pitch,0.31622559, Accelerometer (raw), z,-0.937408447
171916, Attitude, Roll,0.028862719, Accelerometer (raw), x,0.023574829
171916, Attitude, Yaw,1.55026994, Accelerometer (raw), y,-0.302062988
171916, Attitude, Pitch,0.309880211, Accelerometer (raw), z,-0.953186035
171916, Attitude, Roll,0.029454256, Accelerometer (raw), x,0.055480957
171916, Attitude, Yaw,1.547725264, Accelerometer (raw), y,-0.210952759
171916, Attitude, Pitch,0.307340292, Accelerometer (raw), z,-0.939193726
171916, Attitude, Roll,0.026057722, Accelerometer (raw), x,0.030181885
171916, Attitude, Yaw,1.552395917, Accelerometer (raw), y,-0.291473389
171916, Attitude, Pitch,0.302507541, Accelerometer (raw), z,-0.948776245
171916, Attitude, Roll,0.030216801, Accelerometer (raw), x,0.038757324
171916, Attitude, Yaw,1.556061296, Accelerometer (raw), y,-0.299789429
171916, Attitude, Pitch,0.308607894, Accelerometer (raw), z,-0.941360474
171916, Attitude, Roll,0.042084985, Accelerometer (raw), x,0.034408569
171916, Attitude, Yaw,1.56242773, Accelerometer (raw), y,-0.300827026
171916, Attitude, Pitch,0.313175049, Accelerometer (raw), z,-0.942352295
171916, Attitude, Roll,0.043355784, Accelerometer (raw), x,0.039855957
171916, Attitude, Yaw,1.562784769, Accelerometer (raw), y,-0.307403564
171916, Attitude, Pitch,0.315189305, Accelerometer (raw), z,-0.928955078
171916, Attitude, Roll,0.038297667, Accelerometer (raw), x,0.039108276
171916, Attitude, Yaw,1.561593284, Accelerometer (raw), y,-0.300964355
171916, Attitude, Pitch,0.317123092, Accelerometer (raw), z,-0.949615479
171917, Attitude, Roll,0.038833245, Accelerometer (raw), x,0.04057312
171917, Attitude, Yaw,1.561434705, Accelerometer (raw), y,-0.30809021
171917, Attitude, Pitch,0.314763435, Accelerometer (raw), z,-0.95022583
171917, Attitude, Roll,0.036460994, Accelerometer (raw), x,0.040527344
171917, Attitude, Yaw,1.559057497, Accelerometer (raw), y,-0.306274414
171917, Attitude, Pitch,0.316744263, Accelerometer (raw), z,-0.947647095
171917, Attitude, Roll,0.037041416, Accelerometer (raw), x,0.039474487
171917, Attitude, Yaw,1.559016135, Accelerometer (raw), y,-0.310134888
171917, Attitude, Pitch,0.318667461, Accelerometer (raw), z,-0.945877075
171917, Attitude, Roll,0.033281109, Accelerometer (raw), x,0.025268555
171917, Attitude, Yaw,1.560277977, Accelerometer (raw), y,-0.306732178
171917, Attitude, Pitch,0.320175859, Accelerometer (raw), z,-0.943954468
171917, Attitude, Roll,0.031034377, Accelerometer (raw), x,0.01651001
171917, Attitude, Yaw,1.563782034, Accelerometer (raw), y,-0.291473389
171917, Attitude, Pitch,0.317700382, Accelerometer (raw), z,-0.942642212
171917, Attitude, Roll,0.028133661, Accelerometer (raw), x,0.030395508
171917, Attitude, Yaw,1.56699232, Accelerometer (raw), y,-0.308074951
171917, Attitude, Pitch,0.316131857, Accelerometer (raw), z,-0.933258057
171917, Attitude, Roll,0.031216249, Accelerometer (raw), x,0.035736084
171917, Attitude, Yaw,1.570997238, Accelerometer (raw), y,-0.309249878
171917, Attitude, Pitch,0.317286901, Accelerometer (raw), z,-0.937332153
171917, Attitude, Roll,0.029596498, Accelerometer (raw), x,0.020996094
171917, Attitude, Yaw,1.575669632, Accelerometer (raw), y,-0.319610596
171917, Attitude, Pitch,0.313335749, Accelerometer (raw), z,-0.95022583
171917, Attitude, Roll,0.028511491, Accelerometer (raw), x,0.022583008
171917, Attitude, Yaw,1.576938207, Accelerometer (raw), y,-0.304519653
171917, Attitude, Pitch,0.310026699, Accelerometer (raw), z,-0.941711426
171917, Attitude, Roll,0.027031781, Accelerometer (raw), x,0.027130127
171917, Attitude, Yaw,1.576198873, Accelerometer (raw), y,-0.297012329
171917, Attitude, Pitch,0.307057208, Accelerometer (raw), z,-0.946868896
171918, Attitude, Roll,0.025973479, Accelerometer (raw), x,0.024627686
171918, Attitude, Yaw,1.576159459, Accelerometer (raw), y,-0.29006958
171918, Attitude, Pitch,0.302242154, Accelerometer (raw), z,-0.958877563
171918, Attitude, Roll,0.026453732, Accelerometer (raw), x,0.015960693
171918, Attitude, Yaw,1.577843629, Accelerometer (raw), y,-0.28767395
171918, Attitude, Pitch,0.301866887, Accelerometer (raw), z,-0.951049805
171918, Attitude, Roll,0.024893927, Accelerometer (raw), x,0.015182495
171918, Attitude, Yaw,1.57860812, Accelerometer (raw), y,-0.301620483
171918, Attitude, Pitch,0.302105442, Accelerometer (raw), z,-0.938262939
171918, Attitude, Roll,0.023592391, Accelerometer (raw), x,0.01890564
171918, Attitude, Yaw,1.580287818, Accelerometer (raw), y,-0.286560059
171918, Attitude, Pitch,0.303699067, Accelerometer (raw), z,-0.949127197
171918, Attitude, Roll,0.023051907, Accelerometer (raw), x,0.025665283
171918, Attitude, Yaw,1.579664881, Accelerometer (raw), y,-0.297058105
171918, Attitude, Pitch,0.303813479, Accelerometer (raw), z,-0.933303833
171918, Attitude, Roll,0.023220871, Accelerometer (raw), x,0.028594971
171918, Attitude, Yaw,1.581603409, Accelerometer (raw), y,-0.30418396
171918, Attitude, Pitch,0.305588866, Accelerometer (raw), z,-0.931091309
171918, Attitude, Roll,0.02200426, Accelerometer (raw), x,0.021331787
171918, Attitude, Yaw,1.58164813, Accelerometer (raw), y,-0.300689697
171918, Attitude, Pitch,0.304109186, Accelerometer (raw), z,-0.947799683
171918, Attitude, Roll,0.021604148, Accelerometer (raw), x,0.022293091
171918, Attitude, Yaw,1.582953044, Accelerometer (raw), y,-0.298706055
171918, Attitude, Pitch,0.304734234, Accelerometer (raw), z,-0.945785522
171918, Attitude, Roll,0.020332345, Accelerometer (raw), x,0.021179199
171918, Attitude, Yaw,1.584833398, Accelerometer (raw), y,-0.29637146
171918, Attitude, Pitch,0.305217832, Accelerometer (raw), z,-0.952774048
171918, Attitude, Roll,0.019136405, Accelerometer (raw), x,0.016860962
171918, Attitude, Yaw,1.586206138, Accelerometer (raw), y,-0.289810181
171918, Attitude, Pitch,0.306070198, Accelerometer (raw), z,-0.964828491
171919, Attitude, Roll,0.018791866, Accelerometer (raw), x,0.014282227
171919, Attitude, Yaw,1.587853392, Accelerometer (raw), y,-0.299362183
171919, Attitude, Pitch,0.306119067, Accelerometer (raw), z,-0.930618286
171919, Attitude, Roll,0.017253907, Accelerometer (raw), x,0.018600464
171919, Attitude, Yaw,1.589217368, Accelerometer (raw), y,-0.297851563
171919, Attitude, Pitch,0.306667928, Accelerometer (raw), z,-0.94569397
171919, Attitude, Roll,0.017090426, Accelerometer (raw), x,0.013381958
171919, Attitude, Yaw,1.589038169, Accelerometer (raw), y,-0.296966553
171919, Attitude, Pitch,0.306313823, Accelerometer (raw), z,-0.944900513
171919, Attitude, Roll,0.016388743, Accelerometer (raw), x,0.014663696
171919, Attitude, Yaw,1.589160526, Accelerometer (raw), y,-0.295547485
171919, Attitude, Pitch,0.307160581, Accelerometer (raw), z,-0.946105957
171919, Attitude, Roll,0.016583587, Accelerometer (raw), x,0.016540527
171919, Attitude, Yaw,1.589515537, Accelerometer (raw), y,-0.299102783
171919, Attitude, Pitch,0.306843309, Accelerometer (raw), z,-0.948669434
171919, Attitude, Roll,0.017255466, Accelerometer (raw), x,0.011535645
171919, Attitude, Yaw,1.590263572, Accelerometer (raw), y,-0.299560547
171919, Attitude, Pitch,0.306314407, Accelerometer (raw), z,-0.941726685
171919, Attitude, Roll,0.016288293, Accelerometer (raw), x,0.013244629
171919, Attitude, Yaw,1.590943717, Accelerometer (raw), y,-0.296615601
171919, Attitude, Pitch,0.306084147, Accelerometer (raw), z,-0.948760986
171919, Attitude, Roll,0.015985958, Accelerometer (raw), x,0.021270752
171919, Attitude, Yaw,1.590729389, Accelerometer (raw), y,-0.302261353
171919, Attitude, Pitch,0.304500006, Accelerometer (raw), z,-0.94354248
171919, Attitude, Roll,0.016196792, Accelerometer (raw), x,0.016891479
171919, Attitude, Yaw,1.590645817, Accelerometer (raw), y,-0.292938232
171919, Attitude, Pitch,0.304727386, Accelerometer (raw), z,-0.949523926
171919, Attitude, Roll,0.016467747, Accelerometer (raw), x,0.01574707
171919, Attitude, Yaw,1.591185625, Accelerometer (raw), y,-0.296600342
171919, Attitude, Pitch,0.304101868, Accelerometer (raw), z,-0.946243286
171919, Attitude, Roll,0.015242673, Accelerometer (raw), x,0.011688232
171919, Attitude, Yaw,1.591978179, Accelerometer (raw), y,-0.287506104
171919, Attitude, Pitch,0.305500866, Accelerometer (raw), z,-0.952850342
171920, Attitude, Roll,0.013709422, Accelerometer (raw), x,0.018432617
171920, Attitude, Yaw,1.591321122, Accelerometer (raw), y,-0.295196533
171920, Attitude, Pitch,0.303962106, Accelerometer (raw), z,-0.937744141
171920, Attitude, Roll,0.014682176, Accelerometer (raw), x,0.009689331
171920, Attitude, Yaw,1.592506007, Accelerometer (raw), y,-0.297271729
171920, Attitude, Pitch,0.30240277, Accelerometer (raw), z,-0.930114746
171920, Attitude, Roll,0.009629003, Accelerometer (raw), x,0.004470825
171920, Attitude, Yaw,1.596897291, Accelerometer (raw), y,-0.30480957
171920, Attitude, Pitch,0.306428074, Accelerometer (raw), z,-0.932189941
171920, Attitude, Roll,0.009717401, Accelerometer (raw), x,0.000534058
171920, Attitude, Yaw,1.583077372, Accelerometer (raw), y,-0.312759399
171920, Attitude, Pitch,0.314780822, Accelerometer (raw), z,-0.972137451
171920, Attitude, Roll,0.040734914, Accelerometer (raw), x,0.022140503
171920, Attitude, Yaw,1.572038657, Accelerometer (raw), y,-0.312713623
171920, Attitude, Pitch,0.292614574, Accelerometer (raw), z,-0.934906006
171920, Attitude, Roll,0.044870699, Accelerometer (raw), x,-0.0052948
171920, Attitude, Yaw,1.563424111, Accelerometer (raw), y,-0.079559326
171920, Attitude, Pitch,0.280917905, Accelerometer (raw), z,-0.927978516
171920, Attitude, Roll,0.044544804, Accelerometer (raw), x,0.049057007
171920, Attitude, Yaw,1.548048775, Accelerometer (raw), y,-0.302139282
171920, Attitude, Pitch,0.27477249, Accelerometer (raw), z,-0.936080933
171920, Attitude, Roll,0.030971458, Accelerometer (raw), x,0.071914673
171920, Attitude, Yaw,1.556978839, Accelerometer (raw), y,-0.266677856
171920, Attitude, Pitch,0.282953118, Accelerometer (raw), z,-0.949569702
171920, Attitude, Roll,0.03616941, Accelerometer (raw), x,0.079879761
171920, Attitude, Yaw,1.577043203, Accelerometer (raw), y,-0.286193848
171920, Attitude, Pitch,0.297349659, Accelerometer (raw), z,-0.949707031
171920, Attitude, Roll,0.075700783, Accelerometer (raw), x,0.109985352
171920, Attitude, Yaw,1.602839975, Accelerometer (raw), y,-0.416687012
171920, Attitude, Pitch,0.311987928, Accelerometer (raw), z,-0.864608765
171921, Attitude, Roll,0.102063106, Accelerometer (raw), x,0.109985352
171921, Attitude, Yaw,1.643382992, Accelerometer (raw), y,-0.416976929
171921, Attitude, Pitch,0.345503991, Accelerometer (raw), z,-0.87059021
171921, Attitude, Roll,0.070095731, Accelerometer (raw), x,0.09312439
171921, Attitude, Yaw,1.650525021, Accelerometer (raw), y,-0.382705688
171921, Attitude, Pitch,0.31348574, Accelerometer (raw), z,-0.893203735
171921, Attitude, Roll,0.061415532, Accelerometer (raw), x,0.087921143
171921, Attitude, Yaw,1.644856019, Accelerometer (raw), y,-0.364822388
171921, Attitude, Pitch,0.294319556, Accelerometer (raw), z,-0.941070557
171921, Attitude, Roll,0.063584942, Accelerometer (raw), x,0.087005615
171921, Attitude, Yaw,1.646861385, Accelerometer (raw), y,-0.371627808
171921, Attitude, Pitch,0.298632454, Accelerometer (raw), z,-0.898864746
171921, Attitude, Roll,0.050690428, Accelerometer (raw), x,0.052276611
171921, Attitude, Yaw,1.653761975, Accelerometer (raw), y,-0.459106445
171921, Attitude, Pitch,0.316667403, Accelerometer (raw), z,-0.920501709
171921, Attitude, Roll,0.037492348, Accelerometer (raw), x,0.06729126
171921, Attitude, Yaw,1.659241181, Accelerometer (raw), y,-0.48286438
171921, Attitude, Pitch,0.328028121, Accelerometer (raw), z,-1.004364014
171921, Attitude, Roll,0.018909297, Accelerometer (raw), x,-0.010009766
171921, Attitude, Yaw,1.656102303, Accelerometer (raw), y,-0.320083618
171921, Attitude, Pitch,0.357288687, Accelerometer (raw), z,-1.09475708
171921, Attitude, Roll,0.013966784, Accelerometer (raw), x,-0.073913574
171921, Attitude, Yaw,1.652476385, Accelerometer (raw), y,-0.266265869
171921, Attitude, Pitch,0.397619873, Accelerometer (raw), z,-0.978973389
171921, Attitude, Roll,0.003832195, Accelerometer (raw), x,-0.060134888
171921, Attitude, Yaw,1.639546065, Accelerometer (raw), y,-0.22644043
171921, Attitude, Pitch,0.430831816, Accelerometer (raw), z,-0.916992188
171921, Attitude, Roll,-0.014974676, Accelerometer (raw), x,-0.040267944
171921, Attitude, Yaw,1.619791405, Accelerometer (raw), y,-0.264297485
171921, Attitude, Pitch,0.448753275, Accelerometer (raw), z,-0.788452148
171922, Attitude, Roll,-0.006342855, Accelerometer (raw), x,-0.063064575
171922, Attitude, Yaw,1.58769991, Accelerometer (raw), y,-0.332336426
171922, Attitude, Pitch,0.406564074, Accelerometer (raw), z,-0.85369873
171922, Attitude, Roll,-0.021317214, Accelerometer (raw), x,-0.074981689
171922, Attitude, Yaw,1.580992765, Accelerometer (raw), y,-0.384994507
171922, Attitude, Pitch,0.380022815, Accelerometer (raw), z,-0.913528442
171922, Attitude, Roll,-0.024427367, Accelerometer (raw), x,-0.026321411
171922, Attitude, Yaw,1.574127985, Accelerometer (raw), y,-0.43649292
171922, Attitude, Pitch,0.365886917, Accelerometer (raw), z,-0.93258667
171922, Attitude, Roll,-0.031757268, Accelerometer (raw), x,-0.03868103
171922, Attitude, Yaw,1.576694526, Accelerometer (raw), y,-0.452285767
171922, Attitude, Pitch,0.373586077, Accelerometer (raw), z,-0.960266113
171922, Attitude, Roll,-0.029562558, Accelerometer (raw), x,-0.051757813
171922, Attitude, Yaw,1.583222853, Accelerometer (raw), y,-0.313217163
171922, Attitude, Pitch,0.368226814, Accelerometer (raw), z,-1.043075562
171922, Attitude, Roll,-0.045355918, Accelerometer (raw), x,-0.099014282
171922, Attitude, Yaw,1.593214152, Accelerometer (raw), y,-0.222564697
171922, Attitude, Pitch,0.385060764, Accelerometer (raw), z,-1.002105713
171922, Attitude, Roll,-0.048317793, Accelerometer (raw), x,0.021377563
171922, Attitude, Yaw,1.615389797, Accelerometer (raw), y,-0.214385986
171922, Attitude, Pitch,0.403670296, Accelerometer (raw), z,-0.976699829
171922, Attitude, Roll,-0.050139359, Accelerometer (raw), x,-0.036819458
171922, Attitude, Yaw,1.611396399, Accelerometer (raw), y,-0.222640991
171922, Attitude, Pitch,0.37277854, Accelerometer (raw), z,-0.932510376
171922, Attitude, Roll,-0.046013826, Accelerometer (raw), x,-0.016845703
171922, Attitude, Yaw,1.62222626, Accelerometer (raw), y,-0.32460022
171922, Attitude, Pitch,0.351756249, Accelerometer (raw), z,-0.854248047
171923, Attitude, Roll,-0.042923821, Accelerometer (raw), x,-0.007873535
171923, Attitude, Yaw,1.631397474, Accelerometer (raw), y,-0.29675293
171923, Attitude, Pitch,0.319759536, Accelerometer (raw), z,-0.936340332
171923, Attitude, Roll,-0.031704131, Accelerometer (raw), x,-0.029129028
171923, Attitude, Yaw,1.639905898, Accelerometer (raw), y,-0.438644409
171923, Attitude, Pitch,0.329778835, Accelerometer (raw), z,-0.868515015
171923, Attitude, Roll,-0.038403568, Accelerometer (raw), x,-0.02204895
171923, Attitude, Yaw,1.631536656, Accelerometer (raw), y,-0.4559021
171923, Attitude, Pitch,0.349855387, Accelerometer (raw), z,-0.979766846
171923, Attitude, Roll,-0.038200119, Accelerometer (raw), x,-0.002975464
171923, Attitude, Yaw,1.620686361, Accelerometer (raw), y,-0.398208618
171923, Attitude, Pitch,0.384120966, Accelerometer (raw), z,-1.018112183
171923, Attitude, Roll,-0.043060006, Accelerometer (raw), x,-0.109710693
171923, Attitude, Yaw,1.608726123, Accelerometer (raw), y,-0.183319092
171923, Attitude, Pitch,0.387636728, Accelerometer (raw), z,-1.05821228
171923, Attitude, Roll,-0.040807399, Accelerometer (raw), x,-0.129745483
171923, Attitude, Yaw,1.622589048, Accelerometer (raw), y,-0.16859436
171923, Attitude, Pitch,0.400663669, Accelerometer (raw), z,-1.002120972
171923, Attitude, Roll,-0.045842171, Accelerometer (raw), x,-0.036254883
171923, Attitude, Yaw,1.585026423, Accelerometer (raw), y,-0.23878479
171923, Attitude, Pitch,0.366640277, Accelerometer (raw), z,-0.837478638
171923, Attitude, Roll,-0.03278929, Accelerometer (raw), x,-0.071914673
171923, Attitude, Yaw,1.575565642, Accelerometer (raw), y,-0.297576904
171923, Attitude, Pitch,0.357519145, Accelerometer (raw), z,-0.802215576
171923, Attitude, Roll,-0.031248635, Accelerometer (raw), x,-0.012466431
171923, Attitude, Yaw,1.561873096, Accelerometer (raw), y,-0.344207764
171923, Attitude, Pitch,0.354098079, Accelerometer (raw), z,-0.878753662
171923, Attitude, Roll,-0.055319772, Accelerometer (raw), x,-0.073760986
171923, Attitude, Yaw,1.576982686, Accelerometer (raw), y,-0.449905396
171923, Attitude, Pitch,0.339680302, Accelerometer (raw), z,-0.924514771
171924, Attitude, Roll,-0.075311993, Accelerometer (raw), x,-0.112106323
171924, Attitude, Yaw,1.604030519, Accelerometer (raw), y,-0.38331604
171924, Attitude, Pitch,0.359112882, Accelerometer (raw), z,-0.997253418
171924, Attitude, Roll,-0.075071429, Accelerometer (raw), x,-0.086166382
171924, Attitude, Yaw,1.639725779, Accelerometer (raw), y,-0.326919556
171924, Attitude, Pitch,0.386381612, Accelerometer (raw), z,-1.092163086
171924, Attitude, Roll,-0.096388393, Accelerometer (raw), x,-0.050430298
171924, Attitude, Yaw,1.643514347, Accelerometer (raw), y,-0.271469116
171924, Attitude, Pitch,0.391615033, Accelerometer (raw), z,-0.920913696
171924, Attitude, Roll,-0.087614242, Accelerometer (raw), x,-0.019622803
171924, Attitude, Yaw,1.653012928, Accelerometer (raw), y,-0.2837677
171924, Attitude, Pitch,0.390550724, Accelerometer (raw), z,-0.877838135
171924, Attitude, Roll,-0.072750285, Accelerometer (raw), x,-0.057159424
171924, Attitude, Yaw,1.652517119, Accelerometer (raw), y,-0.279205322
171924, Attitude, Pitch,0.359601339, Accelerometer (raw), z,-0.925125122
171924, Attitude, Roll,-0.070717534, Accelerometer (raw), x,-0.036514282
171924, Attitude, Yaw,1.655840383, Accelerometer (raw), y,-0.302856445
171924, Attitude, Pitch,0.336547826, Accelerometer (raw), z,-0.901168823
171924, Attitude, Roll,-0.061088184, Accelerometer (raw), x,-0.008346558
171924, Attitude, Yaw,1.651514537, Accelerometer (raw), y,-0.360443115
171924, Attitude, Pitch,0.329165597, Accelerometer (raw), z,-0.852874756
171924, Attitude, Roll,-0.04153219, Accelerometer (raw), x,-0.001098633
171924, Attitude, Yaw,1.643413169, Accelerometer (raw), y,-0.418884277
171924, Attitude, Pitch,0.334614863, Accelerometer (raw), z,-0.946472168
171924, Attitude, Roll,-0.033916981, Accelerometer (raw), x,-0.055160522
171924, Attitude, Yaw,1.615116129, Accelerometer (raw), y,-0.400192261
171924, Attitude, Pitch,0.38559919, Accelerometer (raw), z,-1.061508179
171924, Attitude, Roll,-0.023816045, Accelerometer (raw), x,-0.092102051
171924, Attitude, Yaw,1.589757446, Accelerometer (raw), y,-0.235366821
171924, Attitude, Pitch,0.379424372, Accelerometer (raw), z,-1.040023804
171925, Attitude, Roll,-0.006223439, Accelerometer (raw), x,-0.095581055
171925, Attitude, Yaw,1.574461454, Accelerometer (raw), y,-0.215484619
171925, Attitude, Pitch,0.387161278, Accelerometer (raw), z,-0.958251953
171925, Attitude, Roll,-0.000750465, Accelerometer (raw), x,-0.05645752
171925, Attitude, Yaw,1.534966492, Accelerometer (raw), y,-0.226028442
171925, Attitude, Pitch,0.348618876, Accelerometer (raw), z,-0.858566284
171925, Attitude, Roll,-0.014290871, Accelerometer (raw), x,-0.068862915
171925, Attitude, Yaw,1.52256585, Accelerometer (raw), y,-0.330276489
171925, Attitude, Pitch,0.365016501, Accelerometer (raw), z,-0.824691772
171925, Attitude, Roll,-0.022516419, Accelerometer (raw), x,-0.031188965
171925, Attitude, Yaw,1.515048709, Accelerometer (raw), y,-0.407501221
171925, Attitude, Pitch,0.361689657, Accelerometer (raw), z,-0.820404053
171925, Attitude, Roll,-0.032986272, Accelerometer (raw), x,-0.019348145
171925, Attitude, Yaw,1.512933508, Accelerometer (raw), y,-0.483840942
171925, Attitude, Pitch,0.374665114, Accelerometer (raw), z,-0.911621094
171925, Attitude, Roll,-0.050096486, Accelerometer (raw), x,-0.104095459
171925, Attitude, Yaw,1.52990859, Accelerometer (raw), y,-0.462036133
171925, Attitude, Pitch,0.380566526, Accelerometer (raw), z,-1.011550903
171925, Attitude, Roll,-0.063039867, Accelerometer (raw), x,-0.135650635
171925, Attitude, Yaw,1.555842245, Accelerometer (raw), y,-0.252380371
171925, Attitude, Pitch,0.404640508, Accelerometer (raw), z,-1.174804688
171925, Attitude, Roll,-0.060400418, Accelerometer (raw), x,-0.02520752
171925, Attitude, Yaw,1.581485825, Accelerometer (raw), y,-0.289276123
171925, Attitude, Pitch,0.428566257, Accelerometer (raw), z,-0.847213745
171925, Attitude, Roll,-0.061540229, Accelerometer (raw), x,-0.056671143
171925, Attitude, Yaw,1.589557272, Accelerometer (raw), y,-0.274429321
171925, Attitude, Pitch,0.415589882, Accelerometer (raw), z,-0.923660278
171925, Attitude, Roll,-0.060158605, Accelerometer (raw), x,-0.059631348
171925, Attitude, Yaw,1.59866274, Accelerometer (raw), y,-0.326217651
171925, Attitude, Pitch,0.381293135, Accelerometer (raw), z,-0.865036011
171926, Attitude, Roll,-0.054273867, Accelerometer (raw), x,-0.01512146
171926, Attitude, Yaw,1.603200384, Accelerometer (raw), y,-0.348388672
171926, Attitude, Pitch,0.364809464, Accelerometer (raw), z,-0.835098267
171926, Attitude, Roll,-0.091774458, Accelerometer (raw), x,-0.029708862
171926, Attitude, Yaw,1.578465569, Accelerometer (raw), y,-0.333526611
171926, Attitude, Pitch,0.308434486, Accelerometer (raw), z,-0.895553589
171926, Attitude, Roll,-0.111769427, Accelerometer (raw), x,-0.123550415
171926, Attitude, Yaw,1.586153132, Accelerometer (raw), y,-0.381713867
171926, Attitude, Pitch,0.295612031, Accelerometer (raw), z,-1.023651123
171926, Attitude, Roll,-0.108119783, Accelerometer (raw), x,-0.15397644
171926, Attitude, Yaw,1.597439489, Accelerometer (raw), y,-0.337524414
171926, Attitude, Pitch,0.29693638, Accelerometer (raw), z,-1.082366943
171926, Attitude, Roll,-0.094465078, Accelerometer (raw), x,-0.150238037
171926, Attitude, Yaw,1.602596746, Accelerometer (raw), y,-0.169082642
171926, Attitude, Pitch,0.319296297, Accelerometer (raw), z,-0.972702026
171926, Attitude, Roll,-0.088725647, Accelerometer (raw), x,-0.145599365
171926, Attitude, Yaw,1.618297616, Accelerometer (raw), y,-0.143875122
171926, Attitude, Pitch,0.337860873, Accelerometer (raw), z,-0.918991089
171926, Attitude, Roll,-0.06358076, Accelerometer (raw), x,-0.051727295
171926, Attitude, Yaw,1.588823188, Accelerometer (raw), y,-0.273117065
171926, Attitude, Pitch,0.2847793, Accelerometer (raw), z,-0.812957764
171926, Attitude, Roll,-0.088699453, Accelerometer (raw), x,-0.106002808
171926, Attitude, Yaw,1.560037589, Accelerometer (raw), y,-0.255325317
171926, Attitude, Pitch,0.242085654, Accelerometer (raw), z,-0.882843018
171926, Attitude, Roll,-0.108256318, Accelerometer (raw), x,-0.121414185
171926, Attitude, Yaw,1.522500797, Accelerometer (raw), y,-0.265823364
171926, Attitude, Pitch,0.196137858, Accelerometer (raw), z,-0.979919434
171926, Attitude, Roll,-0.112071286, Accelerometer (raw), x,-0.111572266
171926, Attitude, Yaw,1.524169517, Accelerometer (raw), y,-0.292175293
171926, Attitude, Pitch,0.19733444, Accelerometer (raw), z,-0.966949463
171927, Attitude, Roll,-0.105129571, Accelerometer (raw), x,-0.142944336
171927, Attitude, Yaw,1.538678058, Accelerometer (raw), y,-0.264755249
171927, Attitude, Pitch,0.204709917, Accelerometer (raw), z,-1.020996094
171927, Attitude, Roll,-0.060245037, Accelerometer (raw), x,-0.055236816
171927, Attitude, Yaw,1.579520528, Accelerometer (raw), y,-0.078689575
171927, Attitude, Pitch,0.234172692, Accelerometer (raw), z,-1.170669556
171927, Attitude, Roll,-0.071027115, Accelerometer (raw), x,-0.062057495
171927, Attitude, Yaw,1.594178551, Accelerometer (raw), y,-0.1144104
171927, Attitude, Pitch,0.247390046, Accelerometer (raw), z,-0.988525391
171927, Attitude, Roll,-0.080174759, Accelerometer (raw), x,0.01260376
171927, Attitude, Yaw,1.607245207, Accelerometer (raw), y,-0.15586853
171927, Attitude, Pitch,0.259442497, Accelerometer (raw), z,-0.904769897
171927, Attitude, Roll,-0.082562607, Accelerometer (raw), x,-0.048614502
171927, Attitude, Yaw,1.612343566, Accelerometer (raw), y,-0.179351807
171927, Attitude, Pitch,0.250762242, Accelerometer (raw), z,-0.919937134
171927, Attitude, Roll,-0.098273131, Accelerometer (raw), x,-0.101135254
171927, Attitude, Yaw,1.615806513, Accelerometer (raw), y,-0.272979736
171927, Attitude, Pitch,0.232845868, Accelerometer (raw), z,-0.877471924
171927, Attitude, Roll,-0.10231771, Accelerometer (raw), x,-0.036651611
171927, Attitude, Yaw,1.599154975, Accelerometer (raw), y,-0.323654175
171927, Attitude, Pitch,0.231147242, Accelerometer (raw), z,-0.927429199
171927, Attitude, Roll,-0.103256528, Accelerometer (raw), x,-0.068389893
171927, Attitude, Yaw,1.587775535, Accelerometer (raw), y,-0.414550781
171927, Attitude, Pitch,0.249603707, Accelerometer (raw), z,-0.965591431
171927, Attitude, Roll,-0.099640221, Accelerometer (raw), x,-0.085571289
171927, Attitude, Yaw,1.585553164, Accelerometer (raw), y,-0.417449951
171927, Attitude, Pitch,0.278357891, Accelerometer (raw), z,-1.077133179
171927, Attitude, Roll,-0.076371393, Accelerometer (raw), x,-0.133041382
171927, Attitude, Yaw,1.580181685, Accelerometer (raw), y,-0.215713501
171927, Attitude, Pitch,0.322499095, Accelerometer (raw), z,-1.014038086
171928, Attitude, Roll,-0.092787004, Accelerometer (raw), x,-0.204467773
171928, Attitude, Yaw,1.55790244, Accelerometer (raw), y,-0.155319214
171928, Attitude, Pitch,0.364097794, Accelerometer (raw), z,-0.84487915
171928, Attitude, Roll,-0.081947532, Accelerometer (raw), x,-0.121856689
171928, Attitude, Yaw,1.523809983, Accelerometer (raw), y,-0.16229248
171928, Attitude, Pitch,0.358505408, Accelerometer (raw), z,-0.870895386
171928, Attitude, Roll,-0.079624416, Accelerometer (raw), x,-0.049423218
171928, Attitude, Yaw,1.489306932, Accelerometer (raw), y,-0.274627686
171928, Attitude, Pitch,0.32530071, Accelerometer (raw), z,-0.84715271
171928, Attitude, Roll,-0.088254225, Accelerometer (raw), x,-0.104598999
171928, Attitude, Yaw,1.48604436, Accelerometer (raw), y,-0.272659302
171928, Attitude, Pitch,0.298995487, Accelerometer (raw), z,-0.864944458
171928, Attitude, Roll,-0.095808335, Accelerometer (raw), x,-0.080734253
171928, Attitude, Yaw,1.481423321, Accelerometer (raw), y,-0.388198853
171928, Attitude, Pitch,0.252960786, Accelerometer (raw), z,-0.959091187
171928, Attitude, Roll,-0.091845376, Accelerometer (raw), x,-0.074661255
171928, Attitude, Yaw,1.497358097, Accelerometer (raw), y,-0.374954224
171928, Attitude, Pitch,0.251913425, Accelerometer (raw), z,-1.020248413
171928, Attitude, Roll,-0.096743081, Accelerometer (raw), x,-0.108139038
171928, Attitude, Yaw,1.526641517, Accelerometer (raw), y,-0.231033325
171928, Attitude, Pitch,0.273885732, Accelerometer (raw), z,-1.145828247
171928, Attitude, Roll,-0.123975638, Accelerometer (raw), x,-0.15045166
171928, Attitude, Yaw,1.547788633, Accelerometer (raw), y,-0.179977417
171928, Attitude, Pitch,0.294293695, Accelerometer (raw), z,-1.021133423
171928, Attitude, Roll,-0.111458025, Accelerometer (raw), x,-0.090438843
171928, Attitude, Yaw,1.592830291, Accelerometer (raw), y,-0.21031189
171928, Attitude, Pitch,0.322303558, Accelerometer (raw), z,-0.932006836
171928, Attitude, Roll,-0.116247733, Accelerometer (raw), x,-0.134536743
171928, Attitude, Yaw,1.617329042, Accelerometer (raw), y,-0.214004517
171928, Attitude, Pitch,0.309399716, Accelerometer (raw), z,-0.917495728
171929, Attitude, Roll,-0.113384143, Accelerometer (raw), x,-0.094100952
171929, Attitude, Yaw,1.641805914, Accelerometer (raw), y,-0.249221802
171929, Attitude, Pitch,0.30073823, Accelerometer (raw), z,-0.87550354
171929, Attitude, Roll,-0.110459465, Accelerometer (raw), x,-0.081192017
171929, Attitude, Yaw,1.651909311, Accelerometer (raw), y,-0.293106079
171929, Attitude, Pitch,0.300751708, Accelerometer (raw), z,-0.870986938
171929, Attitude, Roll,-0.102117984, Accelerometer (raw), x,-0.016647339
171929, Attitude, Yaw,1.648171136, Accelerometer (raw), y,-0.414703369
171929, Attitude, Pitch,0.305280523, Accelerometer (raw), z,-0.927627563
171929, Attitude, Roll,-0.090292322, Accelerometer (raw), x,-0.080871582
171929, Attitude, Yaw,1.628736921, Accelerometer (raw), y,-0.416061401
171929, Attitude, Pitch,0.340264805, Accelerometer (raw), z,-1.006561279
171929, Attitude, Roll,-0.100623878, Accelerometer (raw), x,-0.180023193
171929, Attitude, Yaw,1.610457658, Accelerometer (raw), y,-0.174758911
171929, Attitude, Pitch,0.34993519, Accelerometer (raw), z,-1.097000122
171929, Attitude, Roll,-0.09348583, Accelerometer (raw), x,-0.181671143
171929, Attitude, Yaw,1.608990606, Accelerometer (raw), y,-0.192932129
171929, Attitude, Pitch,0.347777903, Accelerometer (raw), z,-0.933517456
171929, Attitude, Roll,-0.095209547, Accelerometer (raw), x,-0.143630981
171929, Attitude, Yaw,1.589792332, Accelerometer (raw), y,-0.187149048
171929, Attitude, Pitch,0.338738804, Accelerometer (raw), z,-0.909561157
171929, Attitude, Roll,-0.091898115, Accelerometer (raw), x,-0.092254639
171929, Attitude, Yaw,1.565638511, Accelerometer (raw), y,-0.284622192
171929, Attitude, Pitch,0.320173494, Accelerometer (raw), z,-0.829605103
171929, Attitude, Roll,-0.092725199, Accelerometer (raw), x,-0.089492798
171929, Attitude, Yaw,1.552585097, Accelerometer (raw), y,-0.324630737
171929, Attitude, Pitch,0.314526345, Accelerometer (raw), z,-0.867797852
171929, Attitude, Roll,-0.091269299, Accelerometer (raw), x,-0.067687988
171929, Attitude, Yaw,1.542947931, Accelerometer (raw), y,-0.388824463
171929, Attitude, Pitch,0.306937466, Accelerometer (raw), z,-0.929595947
171930, Attitude, Roll,-0.084005322, Accelerometer (raw), x,-0.117477417
171930, Attitude, Yaw,1.546328048, Accelerometer (raw), y,-0.400115967
171930, Attitude, Pitch,0.311444824, Accelerometer (raw), z,-0.979690552
171930, Attitude, Roll,-0.09067352, Accelerometer (raw), x,-0.106155396
171930, Attitude, Yaw,1.572739686, Accelerometer (raw), y,-0.332168579
171930, Attitude, Pitch,0.329284485, Accelerometer (raw), z,-1.002166748
171930, Attitude, Roll,-0.105909344, Accelerometer (raw), x,-0.114608765
171930, Attitude, Yaw,1.613582642, Accelerometer (raw), y,-0.186630249
171930, Attitude, Pitch,0.336611504, Accelerometer (raw), z,-1.067779541
171930, Attitude, Roll,-0.105569103, Accelerometer (raw), x,-0.063323975
171930, Attitude, Yaw,1.63538038, Accelerometer (raw), y,-0.228942871
171930, Attitude, Pitch,0.331238498, Accelerometer (raw), z,-0.924362183
171930, Attitude, Roll,-0.107681221, Accelerometer (raw), x,-0.087234497
171930, Attitude, Yaw,1.641627026, Accelerometer (raw), y,-0.223632813
171930, Attitude, Pitch,0.317837273, Accelerometer (raw), z,-0.887573242
171930, Attitude, Roll,-0.102201005, Accelerometer (raw), x,-0.041641235
171930, Attitude, Yaw,1.64652079, Accelerometer (raw), y,-0.285003662
171930, Attitude, Pitch,0.312690036, Accelerometer (raw), z,-0.888793945
171930, Attitude, Roll,-0.097528981, Accelerometer (raw), x,-0.046905518
171930, Attitude, Yaw,1.645187979, Accelerometer (raw), y,-0.33605957
171930, Attitude, Pitch,0.303407062, Accelerometer (raw), z,-0.891525269
171930, Attitude, Roll,-0.08739756, Accelerometer (raw), x,-0.033157349
171930, Attitude, Yaw,1.646977153, Accelerometer (raw), y,-0.47052002
171930, Attitude, Pitch,0.306429357, Accelerometer (raw), z,-0.946868896
171930, Attitude, Roll,-0.091406355, Accelerometer (raw), x,-0.084564209
171930, Attitude, Yaw,1.644036134, Accelerometer (raw), y,-0.425964355
171930, Attitude, Pitch,0.327784925, Accelerometer (raw), z,-1.067550659
171930, Attitude, Roll,-0.097076725, Accelerometer (raw), x,-0.168457031
171930, Attitude, Yaw,1.631014088, Accelerometer (raw), y,-0.190658569
171930, Attitude, Pitch,0.354682901, Accelerometer (raw), z,-1.031890869
171931, Attitude, Roll,-0.092662738, Accelerometer (raw), x,-0.192108154
171931, Attitude, Yaw,1.60603304, Accelerometer (raw), y,-0.205764771
171931, Attitude, Pitch,0.34935663, Accelerometer (raw), z,-0.868499756
171931, Attitude, Roll,-0.095020582, Accelerometer (raw), x,-0.134841919
171931, Attitude, Yaw,1.550703838, Accelerometer (raw), y,-0.177001953
171931, Attitude, Pitch,0.324318847, Accelerometer (raw), z,-0.925292969
171931, Attitude, Roll,-0.094938531, Accelerometer (raw), x,-0.121841431
171931, Attitude, Yaw,1.531536776, Accelerometer (raw), y,-0.298339844
171931, Attitude, Pitch,0.316933551, Accelerometer (raw), z,-0.782928467
171931, Attitude, Roll,-0.100108682, Accelerometer (raw), x,-0.112884521
171931, Attitude, Yaw,1.499313923, Accelerometer (raw), y,-0.300064087
171931, Attitude, Pitch,0.297457167, Accelerometer (raw), z,-0.870681763
171931, Attitude, Roll,-0.104668366, Accelerometer (raw), x,-0.061080933
171931, Attitude, Yaw,1.482221594, Accelerometer (raw), y,-0.394622803
171931, Attitude, Pitch,0.284473132, Accelerometer (raw), z,-0.939987183
171931, Attitude, Roll,-0.099066312, Accelerometer (raw), x,-0.09336853
171931, Attitude, Yaw,1.479306229, Accelerometer (raw), y,-0.388763428
171931, Attitude, Pitch,0.275964156, Accelerometer (raw), z,-1.024383545
171931, Attitude, Roll,-0.091972127, Accelerometer (raw), x,-0.062484741
171931, Attitude, Yaw,1.492786187, Accelerometer (raw), y,-0.324432373
171931, Attitude, Pitch,0.303617371, Accelerometer (raw), z,-1.035827637
171931, Attitude, Roll,-0.081370049, Accelerometer (raw), x,-0.116348267
171931, Attitude, Yaw,1.509964358, Accelerometer (raw), y,-0.147369385
171931, Attitude, Pitch,0.323892416, Accelerometer (raw), z,-1.095123291
171931, Attitude, Roll,-0.070926463, Accelerometer (raw), x,-0.084442139
171931, Attitude, Yaw,1.533290151, Accelerometer (raw), y,-0.188491821
171931, Attitude, Pitch,0.32866846, Accelerometer (raw), z,-0.931030273
171931, Attitude, Roll,-0.070370695, Accelerometer (raw), x,-0.102890015
171931, Attitude, Yaw,1.565507272, Accelerometer (raw), y,-0.216140747
171931, Attitude, Pitch,0.331748543, Accelerometer (raw), z,-0.87171936
171932, Attitude, Roll,-0.058748197, Accelerometer (raw), x,-0.066375732
171932, Attitude, Yaw,1.606392813, Accelerometer (raw), y,-0.2734375
171932, Attitude, Pitch,0.316835691, Accelerometer (raw), z,-0.865127563
171932, Attitude, Roll,-0.054764706, Accelerometer (raw), x,-0.02897644
171932, Attitude, Yaw,1.608374588, Accelerometer (raw), y,-0.32182312
171932, Attitude, Pitch,0.317484181, Accelerometer (raw), z,-0.869262695
171932, Attitude, Roll,-0.054739771, Accelerometer (raw), x,-0.006530762
171932, Attitude, Yaw,1.610179184, Accelerometer (raw), y,-0.475524902
171932, Attitude, Pitch,0.324679048, Accelerometer (raw), z,-0.915542603
171932, Attitude, Roll,-0.077332508, Accelerometer (raw), x,-0.080108643
171932, Attitude, Yaw,1.614146439, Accelerometer (raw), y,-0.489181519
171932, Attitude, Pitch,0.335196868, Accelerometer (raw), z,-1.052307129
171932, Attitude, Roll,-0.086479483, Accelerometer (raw), x,-0.16015625
171932, Attitude, Yaw,1.600824113, Accelerometer (raw), y,-0.186584473
171932, Attitude, Pitch,0.364601709, Accelerometer (raw), z,-1.079864502
171932, Attitude, Roll,-0.096462235, Accelerometer (raw), x,-0.14491272
171932, Attitude, Yaw,1.582190414, Accelerometer (raw), y,-0.200164795
171932, Attitude, Pitch,0.359202711, Accelerometer (raw), z,-0.891921997
171932, Attitude, Roll,-0.08193513, Accelerometer (raw), x,-0.091094971
171932, Attitude, Yaw,1.574616971, Accelerometer (raw), y,-0.203872681
171932, Attitude, Pitch,0.3662719, Accelerometer (raw), z,-0.866485596
171932, Attitude, Roll,-0.073377262, Accelerometer (raw), x,-0.101089478
171932, Attitude, Yaw,1.541799093, Accelerometer (raw), y,-0.325119019
171932, Attitude, Pitch,0.345923232, Accelerometer (raw), z,-0.808639526
171932, Attitude, Roll,-0.076554188, Accelerometer (raw), x,-0.071228027
171932, Attitude, Yaw,1.522650112, Accelerometer (raw), y,-0.342483521
171932, Attitude, Pitch,0.338178595, Accelerometer (raw), z,-0.860870361
171933, Attitude, Roll,-0.085679827, Accelerometer (raw), x,-0.060531616
171933, Attitude, Yaw,1.502796217, Accelerometer (raw), y,-0.43019104
171933, Attitude, Pitch,0.339715277, Accelerometer (raw), z,-0.918212891
171933, Attitude, Roll,-0.078064442, Accelerometer (raw), x,-0.077407837
171933, Attitude, Yaw,1.503561596, Accelerometer (raw), y,-0.391265869
171933, Attitude, Pitch,0.349942363, Accelerometer (raw), z,-1.026382446
171933, Attitude, Roll,-0.077247628, Accelerometer (raw), x,-0.053588867
171933, Attitude, Yaw,1.53079031, Accelerometer (raw), y,-0.391143799
171933, Attitude, Pitch,0.373252895, Accelerometer (raw), z,-1.034332275
171933, Attitude, Roll,-0.093768184, Accelerometer (raw), x,-0.161895752
171933, Attitude, Yaw,1.548876204, Accelerometer (raw), y,-0.211044312
171933, Attitude, Pitch,0.37804658, Accelerometer (raw), z,-1.085281372
171933, Attitude, Roll,-0.09271847, Accelerometer (raw), x,-0.046157837
171933, Attitude, Yaw,1.57026164, Accelerometer (raw), y,-0.288330078
171933, Attitude, Pitch,0.388276702, Accelerometer (raw), z,-0.866653442
171933, Attitude, Roll,-0.095477593, Accelerometer (raw), x,-0.060577393
171933, Attitude, Yaw,1.578379362, Accelerometer (raw), y,-0.296264648
171933, Attitude, Pitch,0.376008333, Accelerometer (raw), z,-0.883087158
171933, Attitude, Roll,-0.102107584, Accelerometer (raw), x,-0.027633667
171933, Attitude, Yaw,1.59734542, Accelerometer (raw), y,-0.369445801
171933, Attitude, Pitch,0.374922724, Accelerometer (raw), z,-0.860290527
171933, Attitude, Roll,-0.09717356, Accelerometer (raw), x,-0.018844604
171933, Attitude, Yaw,1.608724192, Accelerometer (raw), y,-0.440200806
171933, Attitude, Pitch,0.380418331, Accelerometer (raw), z,-0.849853516
171933, Attitude, Roll,-0.084884604, Accelerometer (raw), x,-0.061828613
171933, Attitude, Yaw,1.612358026, Accelerometer (raw), y,-0.459091187
171933, Attitude, Pitch,0.40081746, Accelerometer (raw), z,-0.946578979
171933, Attitude, Roll,-0.084394463, Accelerometer (raw), x,-0.147369385
171933, Attitude, Yaw,1.606414595, Accelerometer (raw), y,-0.41784668
171933, Attitude, Pitch,0.433708039, Accelerometer (raw), z,-1.005340576
171933, Attitude, Roll,-0.081327838, Accelerometer (raw), x,-0.15737915
171933, Attitude, Yaw,1.588557129, Accelerometer (raw), y,-0.272384644
171933, Attitude, Pitch,0.407783921, Accelerometer (raw), z,-0.984924316
171934, Attitude, Roll,-0.081968832, Accelerometer (raw), x,-0.212921143
171934, Attitude, Yaw,1.585022849, Accelerometer (raw), y,-0.255477905
171934, Attitude, Pitch,0.395077911, Accelerometer (raw), z,-0.95362854
171934, Attitude, Roll,-0.084050469, Accelerometer (raw), x,-0.098968506
171934, Attitude, Yaw,1.555404112, Accelerometer (raw), y,-0.285400391
171934, Attitude, Pitch,0.360729653, Accelerometer (raw), z,-0.854263306
171934, Attitude, Roll,-0.08971706, Accelerometer (raw), x,-0.116851807
171934, Attitude, Yaw,1.558134084, Accelerometer (raw), y,-0.358108521
171934, Attitude, Pitch,0.355476773, Accelerometer (raw), z,-0.801742554
171934, Attitude, Roll,-0.098773556, Accelerometer (raw), x,-0.09173584
171934, Attitude, Yaw,1.545463086, Accelerometer (raw), y,-0.370391846
171934, Attitude, Pitch,0.340480611, Accelerometer (raw), z,-0.88218689
171934, Attitude, Roll,-0.099573491, Accelerometer (raw), x,-0.109054565
171934, Attitude, Yaw,1.54929009, Accelerometer (raw), y,-0.486404419
171934, Attitude, Pitch,0.340963095, Accelerometer (raw), z,-0.933807373
171934, Attitude, Roll,-0.099998614, Accelerometer (raw), x,-0.129516602
171934, Attitude, Yaw,1.559187323, Accelerometer (raw), y,-0.432739258
171934, Attitude, Pitch,0.347734466, Accelerometer (raw), z,-0.972412109
171934, Attitude, Roll,-0.089993851, Accelerometer (raw), x,-0.143539429
171934, Attitude, Yaw,1.567879836, Accelerometer (raw), y,-0.293304443
171934, Attitude, Pitch,0.375543927, Accelerometer (raw), z,-1.17388916
171934, Attitude, Roll,-0.087213986, Accelerometer (raw), x,-0.100296021
171934, Attitude, Yaw,1.581675891, Accelerometer (raw), y,-0.256118774
171934, Attitude, Pitch,0.389530647, Accelerometer (raw), z,-0.97543335
171934, Attitude, Roll,-0.089630996, Accelerometer (raw), x,-0.042312622
171934, Attitude, Yaw,1.585988531, Accelerometer (raw), y,-0.244018555
171934, Attitude, Pitch,0.385543638, Accelerometer (raw), z,-0.828826904
171934, Attitude, Roll,-0.098960054, Accelerometer (raw), x,-0.045227051
171934, Attitude, Yaw,1.608669582, Accelerometer (raw), y,-0.30897522
171934, Attitude, Pitch,0.386717362, Accelerometer (raw), z,-0.815155029
171935, Attitude, Roll,-0.102329078, Accelerometer (raw), x,-0.058486938
171935, Attitude, Yaw,1.620114995, Accelerometer (raw), y,-0.350692749
171935, Attitude, Pitch,0.371706353, Accelerometer (raw), z,-0.860412598
171935, Attitude, Roll,-0.094400098, Accelerometer (raw), x,-0.070404053
171935, Attitude, Yaw,1.626820396, Accelerometer (raw), y,-0.454055786
171935, Attitude, Pitch,0.35664688, Accelerometer (raw), z,-0.860946655
171935, Attitude, Roll,-0.090866421, Accelerometer (raw), x,-0.040344238
171935, Attitude, Yaw,1.62957981, Accelerometer (raw), y,-0.497924805
171935, Attitude, Pitch,0.361414317, Accelerometer (raw), z,-1.003479004
171935, Attitude, Roll,-0.095345921, Accelerometer (raw), x,-0.108901978
171935, Attitude, Yaw,1.617542641, Accelerometer (raw), y,-0.444091797
171935, Attitude, Pitch,0.375090197, Accelerometer (raw), z,-1.031860352
171935, Attitude, Roll,-0.10818235, Accelerometer (raw), x,-0.172546387
171935, Attitude, Yaw,1.61627476, Accelerometer (raw), y,-0.181030273
171935, Attitude, Pitch,0.394915872, Accelerometer (raw), z,-0.969360352
171935, Attitude, Roll,-0.111286719, Accelerometer (raw), x,-0.134017944
171935, Attitude, Yaw,1.610145808, Accelerometer (raw), y,-0.194488525
171935, Attitude, Pitch,0.399118495, Accelerometer (raw), z,-0.925689697
171935, Attitude, Roll,-0.113199646, Accelerometer (raw), x,-0.10319519
171935, Attitude, Yaw,1.582697656, Accelerometer (raw), y,-0.318267822
171935, Attitude, Pitch,0.37550416, Accelerometer (raw), z,-0.818771362
171935, Attitude, Roll,-0.108973989, Accelerometer (raw), x,-0.106842041
171935, Attitude, Yaw,1.573439967, Accelerometer (raw), y,-0.344100952
171935, Attitude, Pitch,0.36939696, Accelerometer (raw), z,-0.810150146
171935, Attitude, Roll,-0.106836973, Accelerometer (raw), x,-0.106536865
171935, Attitude, Yaw,1.563976064, Accelerometer (raw), y,-0.409790039
171935, Attitude, Pitch,0.362148935, Accelerometer (raw), z,-0.870544434
171935, Attitude, Roll,-0.106931954, Accelerometer (raw), x,-0.125732422
171935, Attitude, Yaw,1.563998257, Accelerometer (raw), y,-0.498214722
171935, Attitude, Pitch,0.363677842, Accelerometer (raw), z,-0.957565308
171936, Attitude, Roll,-0.11192939, Accelerometer (raw), x,-0.049880981
171936, Attitude, Yaw,1.56017821, Accelerometer (raw), y,-0.444793701
171936, Attitude, Pitch,0.375994746, Accelerometer (raw), z,-0.986846924
171936, Attitude, Roll,-0.093923365, Accelerometer (raw), x,-0.094436646
171936, Attitude, Yaw,1.558873218, Accelerometer (raw), y,-0.195343018
171936, Attitude, Pitch,0.396462374, Accelerometer (raw), z,-1.140396118
171936, Attitude, Roll,-0.099456195, Accelerometer (raw), x,-0.084625244
171936, Attitude, Yaw,1.566320912, Accelerometer (raw), y,-0.259048462
171936, Attitude, Pitch,0.402913068, Accelerometer (raw), z,-0.90625
171936, Attitude, Roll,-0.094567309, Accelerometer (raw), x,-0.048492432
171936, Attitude, Yaw,1.585581252, Accelerometer (raw), y,-0.255081177
171936, Attitude, Pitch,0.410714328, Accelerometer (raw), z,-0.888885498
171936, Attitude, Roll,-0.102977605, Accelerometer (raw), x,-0.093856812
171936, Attitude, Yaw,1.605684787, Accelerometer (raw), y,-0.305892944
171936, Attitude, Pitch,0.396553089, Accelerometer (raw), z,-0.886947632
171936, Attitude, Roll,-0.111334352, Accelerometer (raw), x,-0.063537598
171936, Attitude, Yaw,1.648469311, Accelerometer (raw), y,-0.373184204
171936, Attitude, Pitch,0.381241593, Accelerometer (raw), z,-0.818527222
171936, Attitude, Roll,-0.113758739, Accelerometer (raw), x,-0.036026001
171936, Attitude, Yaw,1.659923592, Accelerometer (raw), y,-0.479248047
171936, Attitude, Pitch,0.384240706, Accelerometer (raw), z,-0.90914917
171936, Attitude, Roll,-0.123545197, Accelerometer (raw), x,-0.103805542
171936, Attitude, Yaw,1.670550724, Accelerometer (raw), y,-0.486572266
171936, Attitude, Pitch,0.401789053, Accelerometer (raw), z,-1.013214111
171936, Attitude, Roll,-0.136722276, Accelerometer (raw), x,-0.132873535
171936, Attitude, Yaw,1.680704739, Accelerometer (raw), y,-0.420196533
171936, Attitude, Pitch,0.426365809, Accelerometer (raw), z,-0.953567505
171936, Attitude, Roll,-0.14426768, Accelerometer (raw), x,-0.200622559
171936, Attitude, Yaw,1.673281408, Accelerometer (raw), y,-0.200668335
171936, Attitude, Pitch,0.409943861, Accelerometer (raw), z,-0.935440063
171937, Attitude, Roll,-0.140352448, Accelerometer (raw), x,-0.236557007
171937, Attitude, Yaw,1.673001599, Accelerometer (raw), y,-0.225784302
171937, Attitude, Pitch,0.41208965, Accelerometer (raw), z,-0.887283325
171937, Attitude, Roll,-0.143234003, Accelerometer (raw), x,-0.154937744
171937, Attitude, Yaw,1.6513982, Accelerometer (raw), y,-0.333908081
171937, Attitude, Pitch,0.386568972, Accelerometer (raw), z,-0.810562134
171937, Attitude, Roll,-0.140114231, Accelerometer (raw), x,-0.151290894
171937, Attitude, Yaw,1.636938399, Accelerometer (raw), y,-0.343490601
171937, Attitude, Pitch,0.365156656, Accelerometer (raw), z,-0.836471558
171937, Attitude, Roll,-0.141485077, Accelerometer (raw), x,-0.099533081
171937, Attitude, Yaw,1.610337239, Accelerometer (raw), y,-0.415435791
171937, Attitude, Pitch,0.347966838, Accelerometer (raw), z,-0.924850464
171937, Attitude, Roll,-0.121622141, Accelerometer (raw), x,-0.07699585
171937, Attitude, Yaw,1.585109566, Accelerometer (raw), y,-0.475311279
171937, Attitude, Pitch,0.354867419, Accelerometer (raw), z,-0.948913574
171937, Attitude, Roll,-0.113024565, Accelerometer (raw), x,-0.107162476
171937, Attitude, Yaw,1.597438603, Accelerometer (raw), y,-0.461578369
171937, Attitude, Pitch,0.387986756, Accelerometer (raw), z,-0.967391968
171937, Attitude, Roll,-0.107000894, Accelerometer (raw), x,-0.167526245
171937, Attitude, Yaw,1.598512804, Accelerometer (raw), y,-0.211929321
171937, Attitude, Pitch,0.394416948, Accelerometer (raw), z,-1.116516113
171937, Attitude, Roll,-0.096947438, Accelerometer (raw), x,-0.055557251
171937, Attitude, Yaw,1.615592247, Accelerometer (raw), y,-0.302032471
171937, Attitude, Pitch,0.410407633, Accelerometer (raw), z,-0.876754761
171937, Attitude, Roll,-0.115578187, Accelerometer (raw), x,-0.112869263
171937, Attitude, Yaw,1.636813521, Accelerometer (raw), y,-0.261871338
171937, Attitude, Pitch,0.392168439, Accelerometer (raw), z,-0.969665527
171937, Attitude, Roll,-0.117179238, Accelerometer (raw), x,-0.092208862
171937, Attitude, Yaw,1.668929467, Accelerometer (raw), y,-0.336654663
171937, Attitude, Pitch,0.376504458, Accelerometer (raw), z,-0.812194824
171938, Attitude, Roll,-0.126133008, Accelerometer (raw), x,-0.074356079
171938, Attitude, Yaw,1.697238774, Accelerometer (raw), y,-0.333587646
171938, Attitude, Pitch,0.382423725, Accelerometer (raw), z,-0.883590698
171938, Attitude, Roll,-0.126223296, Accelerometer (raw), x,-0.073944092
171938, Attitude, Yaw,1.710914643, Accelerometer (raw), y,-0.466461182
171938, Attitude, Pitch,0.382453156, Accelerometer (raw), z,-0.84161377
171938, Attitude, Roll,-0.117128878, Accelerometer (raw), x,-0.147323608
171938, Attitude, Yaw,1.72212523, Accelerometer (raw), y,-0.480789185
171938, Attitude, Pitch,0.392916945, Accelerometer (raw), z,-1.006408691
171938, Attitude, Roll,-0.125971497, Accelerometer (raw), x,-0.126815796
171938, Attitude, Yaw,1.697411188, Accelerometer (raw), y,-0.396530151
171938, Attitude, Pitch,0.415443017, Accelerometer (raw), z,-0.986038208
171938, Attitude, Roll,-0.109716587, Accelerometer (raw), x,-0.182907104
171938, Attitude, Yaw,1.668796298, Accelerometer (raw), y,-0.187698364
171938, Attitude, Pitch,0.393019502, Accelerometer (raw), z,-0.92048645
171938, Attitude, Roll,-0.0990645, Accelerometer (raw), x,-0.169204712
171938, Attitude, Yaw,1.64108329, Accelerometer (raw), y,-0.233169556
171938, Attitude, Pitch,0.385188598, Accelerometer (raw), z,-0.946517944
171938, Attitude, Roll,-0.106110591, Accelerometer (raw), x,-0.088821411
171938, Attitude, Yaw,1.619641945, Accelerometer (raw), y,-0.301879883
171938, Attitude, Pitch,0.365333827, Accelerometer (raw), z,-0.824676514
171938, Attitude, Roll,-0.11371458, Accelerometer (raw), x,-0.126327515
171938, Attitude, Yaw,1.604756449, Accelerometer (raw), y,-0.317123413
171938, Attitude, Pitch,0.359908895, Accelerometer (raw), z,-0.824172974
171938, Attitude, Roll,-0.123821872, Accelerometer (raw), x,-0.117599487
171938, Attitude, Yaw,1.595225297, Accelerometer (raw), y,-0.418182373
171938, Attitude, Pitch,0.340035381, Accelerometer (raw), z,-0.881240845
171938, Attitude, Roll,-0.118077294, Accelerometer (raw), x,-0.092956543
171938, Attitude, Yaw,1.589574323, Accelerometer (raw), y,-0.469207764
171938, Attitude, Pitch,0.330699593, Accelerometer (raw), z,-0.961578369
171939, Attitude, Roll,-0.106738596, Accelerometer (raw), x,-0.06401062
171939, Attitude, Yaw,1.583400337, Accelerometer (raw), y,-0.44342041
171939, Attitude, Pitch,0.339785585, Accelerometer (raw), z,-0.934112549
171939, Attitude, Roll,-0.091357458, Accelerometer (raw), x,-0.134628296
171939, Attitude, Yaw,1.589025598, Accelerometer (raw), y,-0.203033447
171939, Attitude, Pitch,0.366893845, Accelerometer (raw), z,-1.194915771
171939, Attitude, Roll,-0.091482917, Accelerometer (raw), x,-0.089508057
171939, Attitude, Yaw,1.617048296, Accelerometer (raw), y,-0.234909058
171939, Attitude, Pitch,0.372484702, Accelerometer (raw), z,-0.949813843
171939, Attitude, Roll,-0.097154441, Accelerometer (raw), x,-0.085144043
171939, Attitude, Yaw,1.632057272, Accelerometer (raw), y,-0.219573975
171939, Attitude, Pitch,0.353311608, Accelerometer (raw), z,-0.919677734
171939, Attitude, Roll,-0.098381221, Accelerometer (raw), x,-0.098007202
171939, Attitude, Yaw,1.653715812, Accelerometer (raw), y,-0.266769409
171939, Attitude, Pitch,0.342729547, Accelerometer (raw), z,-0.836120605
171939, Attitude, Roll,-0.100778258, Accelerometer (raw), x,-0.090896606
171939, Attitude, Yaw,1.675075402, Accelerometer (raw), y,-0.352920532
171939, Attitude, Pitch,0.344352214, Accelerometer (raw), z,-0.843048096
171939, Attitude, Roll,-0.102200375, Accelerometer (raw), x,-0.067764282
171939, Attitude, Yaw,1.685337633, Accelerometer (raw), y,-0.458023071
171939, Attitude, Pitch,0.345524363, Accelerometer (raw), z,-0.857894897
171939, Attitude, Roll,-0.119586537, Accelerometer (raw), x,-0.143783569
171939, Attitude, Yaw,1.697115588, Accelerometer (raw), y,-0.493728638
171939, Attitude, Pitch,0.361810626, Accelerometer (raw), z,-1.034164429
171939, Attitude, Roll,-0.140246042, Accelerometer (raw), x,-0.140960693
171939, Attitude, Yaw,1.697624208, Accelerometer (raw), y,-0.422058105
171939, Attitude, Pitch,0.383194681, Accelerometer (raw), z,-0.964065552
171939, Attitude, Roll,-0.152270926, Accelerometer (raw), x,-0.193115234
171939, Attitude, Yaw,1.690974123, Accelerometer (raw), y,-0.146148682
171939, Attitude, Pitch,0.394474436, Accelerometer (raw), z,-0.989837646
171940, Attitude, Roll,-0.143982538, Accelerometer (raw), x,-0.171051025
171940, Attitude, Yaw,1.680656148, Accelerometer (raw), y,-0.201553345
171940, Attitude, Pitch,0.384167018, Accelerometer (raw), z,-0.89831543
171940, Attitude, Roll,-0.133688783, Accelerometer (raw), x,-0.148971558
171940, Attitude, Yaw,1.651801408, Accelerometer (raw), y,-0.264404297
171940, Attitude, Pitch,0.368041139, Accelerometer (raw), z,-0.816390991
171940, Attitude, Roll,-0.130926778, Accelerometer (raw), x,-0.124694824
171940, Attitude, Yaw,1.637250011, Accelerometer (raw), y,-0.305206299
171940, Attitude, Pitch,0.352314678, Accelerometer (raw), z,-0.841262817
171940, Attitude, Roll,-0.128965875, Accelerometer (raw), x,-0.127609253
171940, Attitude, Yaw,1.628017252, Accelerometer (raw), y,-0.38482666
171940, Attitude, Pitch,0.339288145, Accelerometer (raw), z,-0.866226196
171940, Attitude, Roll,-0.124495787, Accelerometer (raw), x,-0.118408203
171940, Attitude, Yaw,1.61854505, Accelerometer (raw), y,-0.437362671
171940, Attitude, Pitch,0.338524879, Accelerometer (raw), z,-0.968200684
171940, Attitude, Roll,-0.12576903, Accelerometer (raw), x,-0.138000488
171940, Attitude, Yaw,1.625665016, Accelerometer (raw), y,-0.424224854
171940, Attitude, Pitch,0.354316494, Accelerometer (raw), z,-0.965240479
171940, Attitude, Roll,-0.120079001, Accelerometer (raw), x,-0.078079224
171940, Attitude, Yaw,1.629089934, Accelerometer (raw), y,-0.315963745
171940, Attitude, Pitch,0.385040752, Accelerometer (raw), z,-1.0365448
171940, Attitude, Roll,-0.111498361, Accelerometer (raw), x,-0.113235474
171940, Attitude, Yaw,1.62648839, Accelerometer (raw), y,-0.247390747
171940, Attitude, Pitch,0.371766424, Accelerometer (raw), z,-0.990158081
171940, Attitude, Roll,-0.112960008, Accelerometer (raw), x,-0.092559814
171940, Attitude, Yaw,1.651116459, Accelerometer (raw), y,-0.249633789
171940, Attitude, Pitch,0.371189183, Accelerometer (raw), z,-0.888778687
171940, Attitude, Roll,-0.111136317, Accelerometer (raw), x,-0.09765625
171940, Attitude, Yaw,1.665728257, Accelerometer (raw), y,-0.284378052
171940, Attitude, Pitch,0.363774094, Accelerometer (raw), z,-0.859649658
171941, Attitude, Roll,-0.108118001, Accelerometer (raw), x,-0.096801758
171941, Attitude, Yaw,1.683998678, Accelerometer (raw), y,-0.339370728
171941, Attitude, Pitch,0.351342222, Accelerometer (raw), z,-0.887176514
171941, Attitude, Roll,-0.101691101, Accelerometer (raw), x,-0.045684814
171941, Attitude, Yaw,1.684099548, Accelerometer (raw), y,-0.424285889
171941, Attitude, Pitch,0.359920553, Accelerometer (raw), z,-0.852966309
171941, Attitude, Roll,-0.108541294, Accelerometer (raw), x,-0.095581055
171941, Attitude, Yaw,1.690892389, Accelerometer (raw), y,-0.527435303
171941, Attitude, Pitch,0.383250719, Accelerometer (raw), z,-0.971481323
171941, Attitude, Roll,-0.115500653, Accelerometer (raw), x,-0.081161499
171941, Attitude, Yaw,1.668009063, Accelerometer (raw), y,-0.411941528
171941, Attitude, Pitch,0.401809098, Accelerometer (raw), z,-1.00213623
171941, Attitude, Roll,-0.118969277, Accelerometer (raw), x,-0.176376343
171941, Attitude, Yaw,1.651243521, Accelerometer (raw), y,-0.230911255
171941, Attitude, Pitch,0.398175396, Accelerometer (raw), z,-0.948257446
171941, Attitude, Roll,-0.115145159, Accelerometer (raw), x,-0.219314575
171941, Attitude, Yaw,1.650748944, Accelerometer (raw), y,-0.219329834
171941, Attitude, Pitch,0.404308221, Accelerometer (raw), z,-0.964538574
171941, Attitude, Roll,-0.113563235, Accelerometer (raw), x,-0.124084473
171941, Attitude, Yaw,1.614550183, Accelerometer (raw), y,-0.311660767
171941, Attitude, Pitch,0.382257247, Accelerometer (raw), z,-0.7472229
171941, Attitude, Roll,-0.117695535, Accelerometer (raw), x,-0.131790161
171941, Attitude, Yaw,1.603181759, Accelerometer (raw), y,-0.320022583
171941, Attitude, Pitch,0.383373217, Accelerometer (raw), z,-0.849807739
171941, Attitude, Roll,-0.126457202, Accelerometer (raw), x,-0.095428467
171941, Attitude, Yaw,1.58483864, Accelerometer (raw), y,-0.421279907
171941, Attitude, Pitch,0.363527168, Accelerometer (raw), z,-0.845657349
171942, Attitude, Roll,-0.134132773, Accelerometer (raw), x,-0.122802734
171942, Attitude, Yaw,1.594804251, Accelerometer (raw), y,-0.484527588
171942, Attitude, Pitch,0.354453539, Accelerometer (raw), z,-0.947067261
171942, Attitude, Roll,-0.134951436, Accelerometer (raw), x,-0.124984741
171942, Attitude, Yaw,1.611599447, Accelerometer (raw), y,-0.444229126
171942, Attitude, Pitch,0.364550344, Accelerometer (raw), z,-1.027023315
171942, Attitude, Roll,-0.128486384, Accelerometer (raw), x,-0.158370972
171942, Attitude, Yaw,1.625467308, Accelerometer (raw), y,-0.288650513
171942, Attitude, Pitch,0.357880871, Accelerometer (raw), z,-1.123977661
171942, Attitude, Roll,-0.119656321, Accelerometer (raw), x,-0.075149536
171942, Attitude, Yaw,1.658640956, Accelerometer (raw), y,-0.296310425
171942, Attitude, Pitch,0.384880491, Accelerometer (raw), z,-0.80065918
171942, Attitude, Roll,-0.127051331, Accelerometer (raw), x,-0.118469238
171942, Attitude, Yaw,1.680596524, Accelerometer (raw), y,-0.26449585
171942, Attitude, Pitch,0.397289292, Accelerometer (raw), z,-0.898254395
171942, Attitude, Roll,-0.118066518, Accelerometer (raw), x,-0.081817627
171942, Attitude, Yaw,1.682957686, Accelerometer (raw), y,-0.320617676
171942, Attitude, Pitch,0.383774157, Accelerometer (raw), z,-0.805358887
171942, Attitude, Roll,-0.112821762, Accelerometer (raw), x,-0.050109863
171942, Attitude, Yaw,1.685309499, Accelerometer (raw), y,-0.372055054
171942, Attitude, Pitch,0.377111864, Accelerometer (raw), z,-0.884902954
171942, Attitude, Roll,-0.104543341, Accelerometer (raw), x,-0.010177612
171942, Attitude, Yaw,1.687065408, Accelerometer (raw), y,-0.519973755
171942, Attitude, Pitch,0.372167705, Accelerometer (raw), z,-0.886871338
171942, Attitude, Roll,-0.086129032, Accelerometer (raw), x,-0.083358765
171942, Attitude, Yaw,1.68690024, Accelerometer (raw), y,-0.472808838
171942, Attitude, Pitch,0.395923638, Accelerometer (raw), z,-1.04335022
171942, Attitude, Roll,-0.089975656, Accelerometer (raw), x,-0.157363892
171942, Attitude, Yaw,1.685920709, Accelerometer (raw), y,-0.291061401
171942, Attitude, Pitch,0.4178302, Accelerometer (raw), z,-1.031738281
171943, Attitude, Roll,-0.088885353, Accelerometer (raw), x,-0.189498901
171943, Attitude, Yaw,1.691056228, Accelerometer (raw), y,-0.279647827
171943, Attitude, Pitch,0.410051063, Accelerometer (raw), z,-0.877792358
171943, Attitude, Roll,-0.093226818, Accelerometer (raw), x,-0.127853394
171943, Attitude, Yaw,1.658956198, Accelerometer (raw), y,-0.268478394
171943, Attitude, Pitch,0.381739596, Accelerometer (raw), z,-0.857620239
171943, Attitude, Roll,-0.100488272, Accelerometer (raw), x,-0.091171265
171943, Attitude, Yaw,1.638247738, Accelerometer (raw), y,-0.32409668
171943, Attitude, Pitch,0.363169628, Accelerometer (raw), z,-0.814468384
171943, Attitude, Roll,-0.102239369, Accelerometer (raw), x,-0.088485718
171943, Attitude, Yaw,1.615981787, Accelerometer (raw), y,-0.318710327
171943, Attitude, Pitch,0.349777277, Accelerometer (raw), z,-0.849227905
171943, Attitude, Roll,-0.102833123, Accelerometer (raw), x,-0.110565186
171943, Attitude, Yaw,1.610277842, Accelerometer (raw), y,-0.425689697
171943, Attitude, Pitch,0.347516308, Accelerometer (raw), z,-0.876052856
171943, Attitude, Roll,-0.101465578, Accelerometer (raw), x,-0.118804932
171943, Attitude, Yaw,1.609884451, Accelerometer (raw), y,-0.447463989
171943, Attitude, Pitch,0.348033279, Accelerometer (raw), z,-0.995910645
171943, Attitude, Roll,-0.105541279, Accelerometer (raw), x,-0.053573608
171943, Attitude, Yaw,1.615005466, Accelerometer (raw), y,-0.383499146
171943, Attitude, Pitch,0.361634652, Accelerometer (raw), z,-1.041473389
171943, Attitude, Roll,-0.104593208, Accelerometer (raw), x,-0.104156494
171943, Attitude, Yaw,1.619029581, Accelerometer (raw), y,-0.209381104
171943, Attitude, Pitch,0.370131335, Accelerometer (raw), z,-1.006774902
171943, Attitude, Roll,-0.104784436, Accelerometer (raw), x,-0.060195923
171943, Attitude, Yaw,1.648303953, Accelerometer (raw), y,-0.239028931
171943, Attitude, Pitch,0.368022448, Accelerometer (raw), z,-0.933837891
171943, Attitude, Roll,-0.099780085, Accelerometer (raw), x,-0.075744629
171943, Attitude, Yaw,1.672616404, Accelerometer (raw), y,-0.304290771
171943, Attitude, Pitch,0.353973827, Accelerometer (raw), z,-0.815490723
171944, Attitude, Roll,-0.105265875, Accelerometer (raw), x,-0.117172241
171944, Attitude, Yaw,1.696230464, Accelerometer (raw), y,-0.330688477
171944, Attitude, Pitch,0.354666277, Accelerometer (raw), z,-0.835861206
171944, Attitude, Roll,-0.110960989, Accelerometer (raw), x,-0.067199707
171944, Attitude, Yaw,1.694100599, Accelerometer (raw), y,-0.399230957
171944, Attitude, Pitch,0.349392926, Accelerometer (raw), z,-0.855255127
171944, Attitude, Roll,-0.107687212, Accelerometer (raw), x,-0.050231934
171944, Attitude, Yaw,1.697816994, Accelerometer (raw), y,-0.54510498
171944, Attitude, Pitch,0.358304402, Accelerometer (raw), z,-0.76751709
171944, Attitude, Roll,-0.154070992, Accelerometer (raw), x,-0.199874878
171944, Attitude, Yaw,1.693556341, Accelerometer (raw), y,-0.426086426
171944, Attitude, Pitch,0.384134456, Accelerometer (raw), z,-1.174301147
171944, Attitude, Roll,-0.173974767, Accelerometer (raw), x,-0.277313232
171944, Attitude, Yaw,1.70203326, Accelerometer (raw), y,-0.247406006
171944, Attitude, Pitch,0.394079369, Accelerometer (raw), z,-1.031005859
171944, Attitude, Roll,-0.162722654, Accelerometer (raw), x,-0.180587769
171944, Attitude, Yaw,1.703803696, Accelerometer (raw), y,-0.203582764
171944, Attitude, Pitch,0.390940032, Accelerometer (raw), z,-0.856033325
171944, Attitude, Roll,-0.138655635, Accelerometer (raw), x,-0.100448608
171944, Attitude, Yaw,1.681241638, Accelerometer (raw), y,-0.249221802
171944, Attitude, Pitch,0.392772082, Accelerometer (raw), z,-0.858856201
171944, Attitude, Roll,-0.12672982, Accelerometer (raw), x,-0.131851196
171944, Attitude, Yaw,1.633776297, Accelerometer (raw), y,-0.334472656
171944, Attitude, Pitch,0.361140028, Accelerometer (raw), z,-0.852920532
171944, Attitude, Roll,-0.131403796, Accelerometer (raw), x,-0.108322144
171944, Attitude, Yaw,1.615833665, Accelerometer (raw), y,-0.374664307
171944, Attitude, Pitch,0.348517574, Accelerometer (raw), z,-0.885360718
171944, Attitude, Roll,-0.122394239, Accelerometer (raw), x,-0.066894531
171944, Attitude, Yaw,1.600671927, Accelerometer (raw), y,-0.437438965
171944, Attitude, Pitch,0.344240861, Accelerometer (raw), z,-0.918060303
171944, Attitude, Roll,-0.110678412, Accelerometer (raw), x,-0.10723877
171944, Attitude, Yaw,1.597627328, Accelerometer (raw), y,-0.428894043
171944, Attitude, Pitch,0.361873118, Accelerometer (raw), z,-0.974411011
171945, Attitude, Roll,-0.09610071, Accelerometer (raw), x,-0.108276367
171945, Attitude, Yaw,1.606470883, Accelerometer (raw), y,-0.398468018
171945, Attitude, Pitch,0.389905616, Accelerometer (raw), z,-1.046173096
171945, Attitude, Roll,-0.087991963, Accelerometer (raw), x,-0.071105957
171945, Attitude, Yaw,1.601476226, Accelerometer (raw), y,-0.233505249
171945, Attitude, Pitch,0.394834667, Accelerometer (raw), z,-0.990386963
171945, Attitude, Roll,-0.074361052, Accelerometer (raw), x,-0.070297241
171945, Attitude, Yaw,1.613498701, Accelerometer (raw), y,-0.258453369
171945, Attitude, Pitch,0.401244307, Accelerometer (raw), z,-0.908935547
171945, Attitude, Roll,-0.073864093, Accelerometer (raw), x,-0.107833862
171945, Attitude, Yaw,1.637341083, Accelerometer (raw), y,-0.287567139
171945, Attitude, Pitch,0.390735381, Accelerometer (raw), z,-0.848937988
171945, Attitude, Roll,-0.081132578, Accelerometer (raw), x,-0.081558228
171945, Attitude, Yaw,1.659280121, Accelerometer (raw), y,-0.342254639
171945, Attitude, Pitch,0.386920376, Accelerometer (raw), z,-0.852584839
171945, Attitude, Roll,-0.081141534, Accelerometer (raw), x,-0.018081665
171945, Attitude, Yaw,1.671278451, Accelerometer (raw), y,-0.448745728
171945, Attitude, Pitch,0.379103177, Accelerometer (raw), z,-0.860229492
171945, Attitude, Roll,-0.077354309, Accelerometer (raw), x,-0.019592285
171945, Attitude, Yaw,1.67406863, Accelerometer (raw), y,-0.548751831
171945, Attitude, Pitch,0.401010538, Accelerometer (raw), z,-0.974502563
171945, Attitude, Roll,-0.0908093, Accelerometer (raw), x,-0.125061035
171945, Attitude, Yaw,1.681102499, Accelerometer (raw), y,-0.485153198
171945, Attitude, Pitch,0.427188377, Accelerometer (raw), z,-1.026535034
171945, Attitude, Roll,-0.101263823, Accelerometer (raw), x,-0.167144775
171945, Attitude, Yaw,1.686132598, Accelerometer (raw), y,-0.240524292
171945, Attitude, Pitch,0.460560125, Accelerometer (raw), z,-0.93006897
171945, Attitude, Roll,-0.105607875, Accelerometer (raw), x,-0.150634766
171945, Attitude, Yaw,1.678592951, Accelerometer (raw), y,-0.215301514
171945, Attitude, Pitch,0.450138555, Accelerometer (raw), z,-0.908493042
171946, Attitude, Roll,-0.117056907, Accelerometer (raw), x,-0.112243652
171946, Attitude, Yaw,1.666659155, Accelerometer (raw), y,-0.336410522
171946, Attitude, Pitch,0.414029831, Accelerometer (raw), z,-0.856704712
171946, Attitude, Roll,-0.126205981, Accelerometer (raw), x,-0.098617554
171946, Attitude, Yaw,1.659968362, Accelerometer (raw), y,-0.328948975
171946, Attitude, Pitch,0.400517602, Accelerometer (raw), z,-0.801742554
171946, Attitude, Roll,-0.125684211, Accelerometer (raw), x,-0.117019653
171946, Attitude, Yaw,1.64883253, Accelerometer (raw), y,-0.394287109
171946, Attitude, Pitch,0.384196014, Accelerometer (raw), z,-0.834289551
171946, Attitude, Roll,-0.128883736, Accelerometer (raw), x,-0.095275879
171946, Attitude, Yaw,1.641902456, Accelerometer (raw), y,-0.470092773
171946, Attitude, Pitch,0.367244921, Accelerometer (raw), z,-0.920211792
171946, Attitude, Roll,-0.120701294, Accelerometer (raw), x,-0.095947266
171946, Attitude, Yaw,1.644182047, Accelerometer (raw), y,-0.482757568
171946, Attitude, Pitch,0.368280282, Accelerometer (raw), z,-0.987838745
171946, Attitude, Roll,-0.112027173, Accelerometer (raw), x,-0.100616455
171946, Attitude, Yaw,1.651871026, Accelerometer (raw), y,-0.319534302
171946, Attitude, Pitch,0.384242404, Accelerometer (raw), z,-1.097412109
171946, Attitude, Roll,-0.098518996, Accelerometer (raw), x,-0.082489014
171946, Attitude, Yaw,1.660727914, Accelerometer (raw), y,-0.285766602
171946, Attitude, Pitch,0.387662619, Accelerometer (raw), z,-0.869537354
171946, Attitude, Roll,-0.095468285, Accelerometer (raw), x,-0.086410522
171946, Attitude, Yaw,1.678727893, Accelerometer (raw), y,-0.233703613
171946, Attitude, Pitch,0.389217567, Accelerometer (raw), z,-0.966415405
171946, Attitude, Roll,-0.093786875, Accelerometer (raw), x,-0.075271606
171946, Attitude, Yaw,1.69533542, Accelerometer (raw), y,-0.329147339
171946, Attitude, Pitch,0.367663616, Accelerometer (raw), z,-0.81489563
171946, Attitude, Roll,-0.095107995, Accelerometer (raw), x,-0.075592041
171946, Attitude, Yaw,1.717293519, Accelerometer (raw), y,-0.345809937
171946, Attitude, Pitch,0.365812033, Accelerometer (raw), z,-0.872772217
171947, Attitude, Roll,-0.096574434, Accelerometer (raw), x,-0.039260864
171947, Attitude, Yaw,1.72640133, Accelerometer (raw), y,-0.419555664
171947, Attitude, Pitch,0.3603906, Accelerometer (raw), z,-0.848495483
171947, Attitude, Roll,-0.09727789, Accelerometer (raw), x,-0.069274902
171947, Attitude, Yaw,1.734445401, Accelerometer (raw), y,-0.540222168
171947, Attitude, Pitch,0.367807782, Accelerometer (raw), z,-0.985931396
171947, Attitude, Roll,-0.107800422, Accelerometer (raw), x,-0.161026001
171947, Attitude, Yaw,1.731050411, Accelerometer (raw), y,-0.402954102
171947, Attitude, Pitch,0.378453921, Accelerometer (raw), z,-1.061691284
171947, Attitude, Roll,-0.108660579, Accelerometer (raw), x,-0.162322998
171947, Attitude, Yaw,1.694582415, Accelerometer (raw), y,-0.223648071
171947, Attitude, Pitch,0.406415321, Accelerometer (raw), z,-0.937286377
171947, Attitude, Roll,-0.102781593, Accelerometer (raw), x,-0.132537842
171947, Attitude, Yaw,1.676253193, Accelerometer (raw), y,-0.248687744
171947, Attitude, Pitch,0.398662844, Accelerometer (raw), z,-0.876846313
171947, Attitude, Roll,-0.10058612, Accelerometer (raw), x,-0.104598999
171947, Attitude, Yaw,1.651617521, Accelerometer (raw), y,-0.301849365
171947, Attitude, Pitch,0.372645094, Accelerometer (raw), z,-0.841308594
171947, Attitude, Roll,-0.11115386, Accelerometer (raw), x,-0.143722534
171947, Attitude, Yaw,1.649322034, Accelerometer (raw), y,-0.34336853
171947, Attitude, Pitch,0.365508234, Accelerometer (raw), z,-0.862106323
171947, Attitude, Roll,-0.110739311, Accelerometer (raw), x,-0.103317261
171947, Attitude, Yaw,1.637626729, Accelerometer (raw), y,-0.426147461
171947, Attitude, Pitch,0.357111071, Accelerometer (raw), z,-0.820220947
171947, Attitude, Roll,-0.105277382, Accelerometer (raw), x,-0.08821106
171947, Attitude, Yaw,1.638470928, Accelerometer (raw), y,-0.498748779
171947, Attitude, Pitch,0.36954007, Accelerometer (raw), z,-0.910858154
171947, Attitude, Roll,-0.107515312, Accelerometer (raw), x,-0.105270386
171947, Attitude, Yaw,1.65174446, Accelerometer (raw), y,-0.472061157
171947, Attitude, Pitch,0.38840374, Accelerometer (raw), z,-0.965881348
171948, Attitude, Roll,-0.094432614, Accelerometer (raw), x,-0.043060303
171948, Attitude, Yaw,1.66881735, Accelerometer (raw), y,-0.36920166
171948, Attitude, Pitch,0.412421503, Accelerometer (raw), z,-1.078201294
171948, Attitude, Roll,-0.087400865, Accelerometer (raw), x,-0.063095093
171948, Attitude, Yaw,1.680060958, Accelerometer (raw), y,-0.325881958
171948, Attitude, Pitch,0.413452859, Accelerometer (raw), z,-0.899291992
171948, Attitude, Roll,-0.072231206, Accelerometer (raw), x,-0.048202515
171948, Attitude, Yaw,1.725782906, Accelerometer (raw), y,-0.277954102
171948, Attitude, Pitch,0.406901875, Accelerometer (raw), z,-0.867172241
171948, Attitude, Roll,-0.072759447, Accelerometer (raw), x,-0.053649902
171948, Attitude, Yaw,1.746152199, Accelerometer (raw), y,-0.332855225
171948, Attitude, Pitch,0.403890284, Accelerometer (raw), z,-0.804672241
171948, Attitude, Roll,-0.073589291, Accelerometer (raw), x,-0.022949219
171948, Attitude, Yaw,1.75107606, Accelerometer (raw), y,-0.375778198
171948, Attitude, Pitch,0.384102222, Accelerometer (raw), z,-0.859237671
171948, Attitude, Roll,-0.071582015, Accelerometer (raw), x,-0.025253296
171948, Attitude, Yaw,1.756522705, Accelerometer (raw), y,-0.541809082
171948, Attitude, Pitch,0.373144395, Accelerometer (raw), z,-0.947067261
171948, Attitude, Roll,-0.077078839, Accelerometer (raw), x,-0.076965332
171948, Attitude, Yaw,1.762300995, Accelerometer (raw), y,-0.524887085
171948, Attitude, Pitch,0.383806549, Accelerometer (raw), z,-1.061248779
171948, Attitude, Roll,-0.073550183, Accelerometer (raw), x,-0.092086792
171948, Attitude, Yaw,1.752043893, Accelerometer (raw), y,-0.38899231
171948, Attitude, Pitch,0.418679342, Accelerometer (raw), z,-0.986938477
171948, Attitude, Roll,-0.069423348, Accelerometer (raw), x,-0.124069214
171948, Attitude, Yaw,1.729587086, Accelerometer (raw), y,-0.243804932
171948, Attitude, Pitch,0.43522254, Accelerometer (raw), z,-0.899673462
171948, Attitude, Roll,-0.063260675, Accelerometer (raw), x,-0.074630737
171948, Attitude, Yaw,1.714023191, Accelerometer (raw), y,-0.313278198
171948, Attitude, Pitch,0.434194932, Accelerometer (raw), z,-0.797424316
171949, Attitude, Roll,-0.062816675, Accelerometer (raw), x,-0.063278198
171949, Attitude, Yaw,1.691754042, Accelerometer (raw), y,-0.352325439
171949, Attitude, Pitch,0.423343514, Accelerometer (raw), z,-0.796508789
171949, Attitude, Roll,-0.081183007, Accelerometer (raw), x,-0.092910767
171949, Attitude, Yaw,1.660907129, Accelerometer (raw), y,-0.373001099
171949, Attitude, Pitch,0.392804351, Accelerometer (raw), z,-0.864105225
171949, Attitude, Roll,-0.083580787, Accelerometer (raw), x,-0.055053711
171949, Attitude, Yaw,1.658853646, Accelerometer (raw), y,-0.490890503
171949, Attitude, Pitch,0.391864801, Accelerometer (raw), z,-0.873458862
171949, Attitude, Roll,-0.084769049, Accelerometer (raw), x,-0.095092773
171949, Attitude, Yaw,1.664936921, Accelerometer (raw), y,-0.50012207
171949, Attitude, Pitch,0.402811798, Accelerometer (raw), z,-0.977493286
171949, Attitude, Roll,-0.080847277, Accelerometer (raw), x,-0.033462524
171949, Attitude, Yaw,1.678106375, Accelerometer (raw), y,-0.421585083
171949, Attitude, Pitch,0.422564689, Accelerometer (raw), z,-1.028961182
171949, Attitude, Roll,-0.084241541, Accelerometer (raw), x,-0.026916504
171949, Attitude, Yaw,1.690808178, Accelerometer (raw), y,-0.202896118
171949, Attitude, Pitch,0.422073227, Accelerometer (raw), z,-1.00239563
171949, Attitude, Roll,-0.081496615, Accelerometer (raw), x,-0.082595825
171949, Attitude, Yaw,1.725624487, Accelerometer (raw), y,-0.283447266
171949, Attitude, Pitch,0.440366029, Accelerometer (raw), z,-0.888168335
171949, Attitude, Roll,-0.090105141, Accelerometer (raw), x,-0.083709717
171949, Attitude, Yaw,1.742120403, Accelerometer (raw), y,-0.337097168
171949, Attitude, Pitch,0.410246953, Accelerometer (raw), z,-0.819915771
171949, Attitude, Roll,-0.086220609, Accelerometer (raw), x,-0.054473877
171949, Attitude, Yaw,1.761881421, Accelerometer (raw), y,-0.32510376
171949, Attitude, Pitch,0.40259154, Accelerometer (raw), z,-0.859039307
171949, Attitude, Roll,-0.08364835, Accelerometer (raw), x,-0.017669678
171949, Attitude, Yaw,1.760293244, Accelerometer (raw), y,-0.444915771
171949, Attitude, Pitch,0.396546817, Accelerometer (raw), z,-0.860031128
171950, Attitude, Roll,-0.080886665, Accelerometer (raw), x,-0.054946899
171950, Attitude, Yaw,1.746875961, Accelerometer (raw), y,-0.531555176
171950, Attitude, Pitch,0.418464471, Accelerometer (raw), z,-0.973236084
171950, Attitude, Roll,-0.079481376, Accelerometer (raw), x,-0.045303345
171950, Attitude, Yaw,1.731171899, Accelerometer (raw), y,-0.460235596
171950, Attitude, Pitch,0.447688757, Accelerometer (raw), z,-0.970367432
171950, Attitude, Roll,-0.087778448, Accelerometer (raw), x,-0.176849365
171950, Attitude, Yaw,1.722931642, Accelerometer (raw), y,-0.248886108
171950, Attitude, Pitch,0.446280029, Accelerometer (raw), z,-1.004135132
171950, Attitude, Roll,-0.079149086, Accelerometer (raw), x,-0.143417358
171950, Attitude, Yaw,1.718850996, Accelerometer (raw), y,-0.267822266
171950, Attitude, Pitch,0.441178035, Accelerometer (raw), z,-0.875930786
171950, Attitude, Roll,-0.076960218, Accelerometer (raw), x,-0.111236572
171950, Attitude, Yaw,1.684020213, Accelerometer (raw), y,-0.323989868
171950, Attitude, Pitch,0.411032437, Accelerometer (raw), z,-0.869842529
171950, Attitude, Roll,-0.077350145, Accelerometer (raw), x,-0.09085083
171950, Attitude, Yaw,1.671181414, Accelerometer (raw), y,-0.367126465
171950, Attitude, Pitch,0.398503105, Accelerometer (raw), z,-0.816299438
171950, Attitude, Roll,-0.072946883, Accelerometer (raw), x,-0.041671753
171950, Attitude, Yaw,1.640301807, Accelerometer (raw), y,-0.401306152
171950, Attitude, Pitch,0.39008822, Accelerometer (raw), z,-0.8412323
171950, Attitude, Roll,-0.071123106, Accelerometer (raw), x,-0.008850098
171950, Attitude, Yaw,1.626082516, Accelerometer (raw), y,-0.529403687
171950, Attitude, Pitch,0.384088667, Accelerometer (raw), z,-0.910369873
171950, Attitude, Roll,-0.068292668, Accelerometer (raw), x,-0.076126099
171950, Attitude, Yaw,1.632481311, Accelerometer (raw), y,-0.477615356
171950, Attitude, Pitch,0.393228394, Accelerometer (raw), z,-0.969482422
171951, Attitude, Roll,-0.066082896, Accelerometer (raw), x,-0.041259766
171951, Attitude, Yaw,1.667593581, Accelerometer (raw), y,-0.35005188
171951, Attitude, Pitch,0.418161751, Accelerometer (raw), z,-1.079849243
171951, Attitude, Roll,-0.080540969, Accelerometer (raw), x,-0.087173462
171951, Attitude, Yaw,1.705647326, Accelerometer (raw), y,-0.293792725
171951, Attitude, Pitch,0.429123439, Accelerometer (raw), z,-0.897659302
171951, Attitude, Roll,-0.088154444, Accelerometer (raw), x,-0.073852539
171951, Attitude, Yaw,1.727459006, Accelerometer (raw), y,-0.267501831
171951, Attitude, Pitch,0.41326208, Accelerometer (raw), z,-0.895614624
171951, Attitude, Roll,-0.092415952, Accelerometer (raw), x,-0.080657959
171951, Attitude, Yaw,1.747918419, Accelerometer (raw), y,-0.346374512
171951, Attitude, Pitch,0.395625052, Accelerometer (raw), z,-0.81199646
171951, Attitude, Roll,-0.09999762, Accelerometer (raw), x,-0.054336548
171951, Attitude, Yaw,1.760060888, Accelerometer (raw), y,-0.36579895
171951, Attitude, Pitch,0.386070572, Accelerometer (raw), z,-0.868118286
171951, Attitude, Roll,-0.097588565, Accelerometer (raw), x,-0.047470093
171951, Attitude, Yaw,1.757729286, Accelerometer (raw), y,-0.448944092
171951, Attitude, Pitch,0.378013019, Accelerometer (raw), z,-0.884536743
171951, Attitude, Roll,-0.099357602, Accelerometer (raw), x,-0.093429565
171951, Attitude, Yaw,1.76149934, Accelerometer (raw), y,-0.520111084
171951, Attitude, Pitch,0.385849995, Accelerometer (raw), z,-0.945892334
171951, Attitude, Roll,-0.106361821, Accelerometer (raw), x,-0.129623413
171951, Attitude, Yaw,1.755471933, Accelerometer (raw), y,-0.517333984
171951, Attitude, Pitch,0.40811922, Accelerometer (raw), z,-0.948059082
171951, Attitude, Roll,-0.111367432, Accelerometer (raw), x,-0.160385132
171951, Attitude, Yaw,1.733071364, Accelerometer (raw), y,-0.21270752
171951, Attitude, Pitch,0.430417835, Accelerometer (raw), z,-1.067260742
171951, Attitude, Roll,-0.087646226, Accelerometer (raw), x,-0.152328491
171951, Attitude, Yaw,1.666781503, Accelerometer (raw), y,-0.223999023
171951, Attitude, Pitch,0.429760089, Accelerometer (raw), z,-0.91897583
171952, Attitude, Roll,-0.08704242, Accelerometer (raw), x,-0.102905273
171952, Attitude, Yaw,1.648063378, Accelerometer (raw), y,-0.308151245
171952, Attitude, Pitch,0.420908016, Accelerometer (raw), z,-0.850387573
171952, Attitude, Roll,-0.086310737, Accelerometer (raw), x,-0.082489014
171952, Attitude, Yaw,1.635150101, Accelerometer (raw), y,-0.357299805
171952, Attitude, Pitch,0.421990588, Accelerometer (raw), z,-0.829971313
171952, Attitude, Roll,-0.086458294, Accelerometer (raw), x,-0.084320068
171952, Attitude, Yaw,1.632134217, Accelerometer (raw), y,-0.411941528
171952, Attitude, Pitch,0.417654628, Accelerometer (raw), z,-0.834442139
171952, Attitude, Roll,-0.090221733, Accelerometer (raw), x,-0.112167358
171952, Attitude, Yaw,1.637184157, Accelerometer (raw), y,-0.480911255
171952, Attitude, Pitch,0.414919719, Accelerometer (raw), z,-0.862304688
171952, Attitude, Roll,-0.084477681, Accelerometer (raw), x,-0.094238281
171952, Attitude, Yaw,1.637904668, Accelerometer (raw), y,-0.498535156
171952, Attitude, Pitch,0.417606128, Accelerometer (raw), z,-0.908554077
171952, Attitude, Roll,-0.082343478, Accelerometer (raw), x,-0.017181396
171952, Attitude, Yaw,1.642546697, Accelerometer (raw), y,-0.511306763
171952, Attitude, Pitch,0.428606322, Accelerometer (raw), z,-0.939743042
171952, Attitude, Roll,-0.074299161, Accelerometer (raw), x,-0.059677124
171952, Attitude, Yaw,1.664268856, Accelerometer (raw), y,-0.311035156
171952, Attitude, Pitch,0.456965863, Accelerometer (raw), z,-1.067230225
171952, Attitude, Roll,-0.079496489, Accelerometer (raw), x,-0.092880249
171952, Attitude, Yaw,1.69485497, Accelerometer (raw), y,-0.289611816
171952, Attitude, Pitch,0.458125997, Accelerometer (raw), z,-0.92930603
171952, Attitude, Roll,-0.094815552, Accelerometer (raw), x,-0.093414307
171952, Attitude, Yaw,1.768329008, Accelerometer (raw), y,-0.334915161
171952, Attitude, Pitch,0.454817086, Accelerometer (raw), z,-0.86567688
171952, Attitude, Roll,-0.10161965, Accelerometer (raw), x,-0.12651062
171952, Attitude, Yaw,1.78921808, Accelerometer (raw), y,-0.354110718
171952, Attitude, Pitch,0.445911046, Accelerometer (raw), z,-0.88659668
171953, Attitude, Roll,-0.098304014, Accelerometer (raw), x,-0.068771362
171953, Attitude, Yaw,1.786506517, Accelerometer (raw), y,-0.401702881
171953, Attitude, Pitch,0.437216978, Accelerometer (raw), z,-0.842712402
171953, Attitude, Roll,-0.089441822, Accelerometer (raw), x,-0.046585083
171953, Attitude, Yaw,1.780007604, Accelerometer (raw), y,-0.511077881
171953, Attitude, Pitch,0.436858604, Accelerometer (raw), z,-0.803100586
171953, Attitude, Roll,-0.085587524, Accelerometer (raw), x,-0.059417725
171953, Attitude, Yaw,1.766526379, Accelerometer (raw), y,-0.558349609
171953, Attitude, Pitch,0.443578293, Accelerometer (raw), z,-0.965164185
171953, Attitude, Roll,-0.084322447, Accelerometer (raw), x,-0.065612793
171953, Attitude, Yaw,1.743204787, Accelerometer (raw), y,-0.571731567
171953, Attitude, Pitch,0.451830747, Accelerometer (raw), z,-0.936416626
171953, Attitude, Roll,-0.087711487, Accelerometer (raw), x,-0.136764526
171953, Attitude, Yaw,1.729639947, Accelerometer (raw), y,-0.471878052
171953, Attitude, Pitch,0.495117116, Accelerometer (raw), z,-0.941314697
171953, Attitude, Roll,-0.093650473, Accelerometer (raw), x,-0.140899658
171953, Attitude, Yaw,1.702673307, Accelerometer (raw), y,-0.317001343
171953, Attitude, Pitch,0.531492409, Accelerometer (raw), z,-0.912750244
171953, Attitude, Roll,-0.091660634, Accelerometer (raw), x,-0.090927124
171953, Attitude, Yaw,1.66224236, Accelerometer (raw), y,-0.376174927
171953, Attitude, Pitch,0.513717392, Accelerometer (raw), z,-0.817077637
171953, Attitude, Roll,-0.076694262, Accelerometer (raw), x,-0.052490234
171953, Attitude, Yaw,1.592329663, Accelerometer (raw), y,-0.399642944
171953, Attitude, Pitch,0.497970236, Accelerometer (raw), z,-0.862854004
171953, Attitude, Roll,-0.073280476, Accelerometer (raw), x,-0.057983398
171953, Attitude, Yaw,1.5848937, Accelerometer (raw), y,-0.473678589
171953, Attitude, Pitch,0.486252181, Accelerometer (raw), z,-0.85055542
171953, Attitude, Roll,-0.069244492, Accelerometer (raw), x,-0.048034668
171953, Attitude, Yaw,1.58904719, Accelerometer (raw), y,-0.482818604
171953, Attitude, Pitch,0.483975414, Accelerometer (raw), z,-0.819747925
171954, Attitude, Roll,-0.065105752, Accelerometer (raw), x,-0.039932251
171954, Attitude, Yaw,1.603246529, Accelerometer (raw), y,-0.515060425
171954, Attitude, Pitch,0.489264276, Accelerometer (raw), z,-0.818862915
171954, Attitude, Roll,-0.06298536, Accelerometer (raw), x,-0.064208984
171954, Attitude, Yaw,1.635088101, Accelerometer (raw), y,-0.508758545
171954, Attitude, Pitch,0.491775006, Accelerometer (raw), z,-0.905441284
171954, Attitude, Roll,-0.063332956, Accelerometer (raw), x,0.015731812
171954, Attitude, Yaw,1.67139135, Accelerometer (raw), y,-0.455032349
171954, Attitude, Pitch,0.501353623, Accelerometer (raw), z,-0.985397339
171954, Attitude, Roll,-0.06175051, Accelerometer (raw), x,-0.060379028
171954, Attitude, Yaw,1.713640574, Accelerometer (raw), y,-0.329116821
171954, Attitude, Pitch,0.499949972, Accelerometer (raw), z,-0.911590576
171954, Attitude, Roll,-0.065815776, Accelerometer (raw), x,-0.022171021
171954, Attitude, Yaw,1.776379018, Accelerometer (raw), y,-0.3072052
171954, Attitude, Pitch,0.49448847, Accelerometer (raw), z,-0.934829712
171954, Attitude, Roll,-0.064776492, Accelerometer (raw), x,-0.07182312
171954, Attitude, Yaw,1.820573077, Accelerometer (raw), y,-0.298324585
171954, Attitude, Pitch,0.455859205, Accelerometer (raw), z,-0.963180542
171954, Attitude, Roll,-0.074271299, Accelerometer (raw), x,-0.098236084
171954, Attitude, Yaw,1.895841221, Accelerometer (raw), y,-0.304428101
171954, Attitude, Pitch,0.393308676, Accelerometer (raw), z,-0.979507446
171954, Attitude, Roll,-0.068850352, Accelerometer (raw), x,-0.044067383
171954, Attitude, Yaw,1.898899709, Accelerometer (raw), y,-0.277206421
171954, Attitude, Pitch,0.375689031, Accelerometer (raw), z,-1.002365112
171954, Attitude, Roll,-0.041444931, Accelerometer (raw), x,-0.03175354
171954, Attitude, Yaw,1.903987767, Accelerometer (raw), y,-0.328445435
171954, Attitude, Pitch,0.360722589, Accelerometer (raw), z,-0.898452759
171954, Attitude, Roll,-0.03240168, Accelerometer (raw), x,-0.034866333
171954, Attitude, Yaw,1.910385462, Accelerometer (raw), y,-0.308303833
171954, Attitude, Pitch,0.343846459, Accelerometer (raw), z,-0.888534546
171955, Attitude, Roll,-0.010747416, Accelerometer (raw), x,-0.036621094
171955, Attitude, Yaw,1.893490557, Accelerometer (raw), y,-0.214523315
171955, Attitude, Pitch,0.30482227, Accelerometer (raw), z,-0.988052368
171955, Attitude, Roll,0.000254971, Accelerometer (raw), x,0.034759521
171955, Attitude, Yaw,1.875158086, Accelerometer (raw), y,-0.29876709
171955, Attitude, Pitch,0.290499449, Accelerometer (raw), z,-0.965408325
171955, Attitude, Roll,0.008481448, Accelerometer (raw), x,-0.040023804
171955, Attitude, Yaw,1.85490195, Accelerometer (raw), y,-0.273239136
171955, Attitude, Pitch,0.263514346, Accelerometer (raw), z,-0.969146729
171955, Attitude, Roll,0.003275405, Accelerometer (raw), x,0.017333984
171955, Attitude, Yaw,1.856172279, Accelerometer (raw), y,-0.239562988
171955, Attitude, Pitch,0.262502335, Accelerometer (raw), z,-0.991577148
171955, Attitude, Roll,0.002750433, Accelerometer (raw), x,-0.020858765
171955, Attitude, Yaw,1.855228935, Accelerometer (raw), y,-0.258728027
171955, Attitude, Pitch,0.242141353, Accelerometer (raw), z,-0.962158203
171955, Attitude, Roll,-0.032599338, Accelerometer (raw), x,-0.000473022
171955, Attitude, Yaw,1.861580281, Accelerometer (raw), y,-0.276794434
171955, Attitude, Pitch,0.26601052, Accelerometer (raw), z,-0.949661255
171955, Attitude, Roll,-0.042946855, Accelerometer (raw), x,-0.052719116
171955, Attitude, Yaw,1.862572036, Accelerometer (raw), y,-0.268753052
171955, Attitude, Pitch,0.264678065, Accelerometer (raw), z,-0.965454102
171955, Attitude, Roll,-0.047054715, Accelerometer (raw), x,-0.03553772
171955, Attitude, Yaw,1.868638729, Accelerometer (raw), y,-0.275024414
171955, Attitude, Pitch,0.263522179, Accelerometer (raw), z,-0.944152832
171955, Attitude, Roll,-0.059881129, Accelerometer (raw), x,-0.069290161
171955, Attitude, Yaw,1.857587211, Accelerometer (raw), y,-0.28187561
171955, Attitude, Pitch,0.280122681, Accelerometer (raw), z,-0.948669434
171955, Attitude, Roll,-0.052247216, Accelerometer (raw), x,-0.019882202
171955, Attitude, Yaw,1.854389236, Accelerometer (raw), y,-0.301971436
171955, Attitude, Pitch,0.283027089, Accelerometer (raw), z,-0.973327637
171956, Attitude, Roll,-0.032583277, Accelerometer (raw), x,-0.016220093
171956, Attitude, Yaw,1.865906276, Accelerometer (raw), y,-0.235916138
171956, Attitude, Pitch,0.288930947, Accelerometer (raw), z,-0.962234497
171956, Attitude, Roll,0.019170405, Accelerometer (raw), x,0.067840576
171956, Attitude, Yaw,1.850128934, Accelerometer (raw), y,-0.26802063
171956, Attitude, Pitch,0.282635803, Accelerometer (raw), z,-0.928543091
171956, Attitude, Roll,0.007852407, Accelerometer (raw), x,0.041656494
171956, Attitude, Yaw,1.864352793, Accelerometer (raw), y,-0.291610718
171956, Attitude, Pitch,0.275125465, Accelerometer (raw), z,-0.947341919
171956, Attitude, Roll,0.009837567, Accelerometer (raw), x,0.006729126
171956, Attitude, Yaw,1.865405151, Accelerometer (raw), y,-0.334701538
171956, Attitude, Pitch,0.276085407, Accelerometer (raw), z,-0.948318481
171956, Attitude, Roll,0.013649693, Accelerometer (raw), x,-0.014343262
171956, Attitude, Yaw,1.874119799, Accelerometer (raw), y,-0.298278809
171956, Attitude, Pitch,0.310847357, Accelerometer (raw), z,-0.929412842
171956, Attitude, Roll,0.011893915, Accelerometer (raw), x,-0.000198364
171956, Attitude, Yaw,1.868674837, Accelerometer (raw), y,-0.332427979
171956, Attitude, Pitch,0.332624611, Accelerometer (raw), z,-0.948318481
171956, Attitude, Roll,0.022982179, Accelerometer (raw), x,0.023757935
171956, Attitude, Yaw,1.870097659, Accelerometer (raw), y,-0.348190308
171956, Attitude, Pitch,0.349439052, Accelerometer (raw), z,-0.93409729
171956, Attitude, Roll,0.029448978, Accelerometer (raw), x,0.039871216
171956, Attitude, Yaw,1.863422127, Accelerometer (raw), y,-0.350814819
171956, Attitude, Pitch,0.351377633, Accelerometer (raw), z,-0.932144165
171956, Attitude, Roll,0.049758781, Accelerometer (raw), x,0.046386719
171956, Attitude, Yaw,1.859087853, Accelerometer (raw), y,-0.357711792
171956, Attitude, Pitch,0.366804092, Accelerometer (raw), z,-0.916000366
171956, Attitude, Roll,0.058097207, Accelerometer (raw), x,0.056030273
171956, Attitude, Yaw,1.854320658, Accelerometer (raw), y,-0.368377686
171956, Attitude, Pitch,0.366968255, Accelerometer (raw), z,-0.930007935
171956, Attitude, Roll,0.065482836, Accelerometer (raw), x,0.064224243
171956, Attitude, Yaw,1.84857719, Accelerometer (raw), y,-0.369827271
171956, Attitude, Pitch,0.366307768, Accelerometer (raw), z,-0.920379639
171957, Attitude, Roll,0.071099348, Accelerometer (raw), x,0.065124512
171957, Attitude, Yaw,1.842704503, Accelerometer (raw), y,-0.358703613
171957, Attitude, Pitch,0.365648247, Accelerometer (raw), z,-0.921096802
171957, Attitude, Roll,0.072494242, Accelerometer (raw), x,0.063644409
171957, Attitude, Yaw,1.839553697, Accelerometer (raw), y,-0.343765259
171957, Attitude, Pitch,0.366924145, Accelerometer (raw), z,-0.936233521
171957, Attitude, Roll,0.065318468, Accelerometer (raw), x,0.070739746
171957, Attitude, Yaw,1.838397063, Accelerometer (raw), y,-0.371887207
171957, Attitude, Pitch,0.375006592, Accelerometer (raw), z,-0.92300415
