164314, Attitude, Roll,0.06086354, Accelerometer (raw), x,0.046844482
164314, Attitude, Yaw,-1.392031234, Accelerometer (raw), y,-0.172576904
164314, Attitude, Pitch,0.170745357, Accelerometer (raw), z,-0.966873169
164314, Attitude, Roll,0.061238504, Accelerometer (raw), x,0.092163086
164314, Attitude, Yaw,-1.392928556, Accelerometer (raw), y,-0.14239502
164314, Attitude, Pitch,0.172360885, Accelerometer (raw), z,-0.936981201
164315, Attitude, Roll,0.062779622, Accelerometer (raw), x,0.060043335
164315, Attitude, Yaw,-1.404129312, Accelerometer (raw), y,-0.100234985
164315, Attitude, Pitch,0.133978648, Accelerometer (raw), z,-0.944564819
164315, Attitude, Roll,-0.006413221, Accelerometer (raw), x,-0.072479248
164315, Attitude, Yaw,-1.41276731, Accelerometer (raw), y,-0.204711914
164315, Attitude, Pitch,0.129041407, Accelerometer (raw), z,-0.985046387
164315, Attitude, Roll,-0.012129434, Accelerometer (raw), x,-0.038955688
164315, Attitude, Yaw,-1.390686766, Accelerometer (raw), y,-0.160354614
164315, Attitude, Pitch,0.14240815, Accelerometer (raw), z,-1.000274658
164315, Attitude, Roll,-0.016492943, Accelerometer (raw), x,-0.007781982
164315, Attitude, Yaw,-1.381442292, Accelerometer (raw), y,-0.157745361
164315, Attitude, Pitch,0.177297877, Accelerometer (raw), z,-0.968460083
164315, Attitude, Roll,0.041949059, Accelerometer (raw), x,0.047805786
164315, Attitude, Yaw,-1.354007811, Accelerometer (raw), y,-0.1537323
164315, Attitude, Pitch,0.160276749, Accelerometer (raw), z,-0.982559204
164315, Attitude, Roll,0.053663394, Accelerometer (raw), x,0.055221558
164315, Attitude, Yaw,-1.3484139, Accelerometer (raw), y,-0.129302979
164315, Attitude, Pitch,0.157309671, Accelerometer (raw), z,-0.997665405
164315, Attitude, Roll,0.058535367, Accelerometer (raw), x,0.073822021
164315, Attitude, Yaw,-1.348397354, Accelerometer (raw), y,-0.148666382
164315, Attitude, Pitch,0.149803428, Accelerometer (raw), z,-0.983612061
164315, Attitude, Roll,0.061256847, Accelerometer (raw), x,0.065414429
164315, Attitude, Yaw,-1.346014733, Accelerometer (raw), y,-0.146682739
164315, Attitude, Pitch,0.146625493, Accelerometer (raw), z,-0.984634399
164315, Attitude, Roll,0.06728803, Accelerometer (raw), x,0.081039429
164315, Attitude, Yaw,-1.34766451, Accelerometer (raw), y,-0.13168335
164315, Attitude, Pitch,0.14284769, Accelerometer (raw), z,-0.971969604
164315, Attitude, Roll,0.06768786, Accelerometer (raw), x,0.062988281
164315, Attitude, Yaw,-1.347735226, Accelerometer (raw), y,-0.1484375
164315, Attitude, Pitch,0.145923148, Accelerometer (raw), z,-0.981567383
164316, Attitude, Roll,0.067111694, Accelerometer (raw), x,0.061523438
164316, Attitude, Yaw,-1.346580546, Accelerometer (raw), y,-0.15171814
164316, Attitude, Pitch,0.143761756, Accelerometer (raw), z,-0.981536865
164316, Attitude, Roll,0.066973994, Accelerometer (raw), x,0.054397583
164316, Attitude, Yaw,-1.343344681, Accelerometer (raw), y,-0.169204712
164316, Attitude, Pitch,0.146964321, Accelerometer (raw), z,-0.970733643
164316, Attitude, Roll,0.063440679, Accelerometer (raw), x,0.044036865
164316, Attitude, Yaw,-1.340009794, Accelerometer (raw), y,-0.150695801
164316, Attitude, Pitch,0.144042898, Accelerometer (raw), z,-0.979125977
164316, Attitude, Roll,0.057911712, Accelerometer (raw), x,0.067825317
164316, Attitude, Yaw,-1.33959029, Accelerometer (raw), y,-0.155288696
164316, Attitude, Pitch,0.143831614, Accelerometer (raw), z,-0.970291138
164316, Attitude, Roll,0.055112549, Accelerometer (raw), x,0.057662964
164316, Attitude, Yaw,-1.337736628, Accelerometer (raw), y,-0.13041687
164316, Attitude, Pitch,0.143542195, Accelerometer (raw), z,-0.980987549
164316, Attitude, Roll,0.051915859, Accelerometer (raw), x,0.077041626
164316, Attitude, Yaw,-1.336394984, Accelerometer (raw), y,-0.15574646
164316, Attitude, Pitch,0.142321062, Accelerometer (raw), z,-0.954559326
164316, Attitude, Roll,0.055446132, Accelerometer (raw), x,0.09954834
164316, Attitude, Yaw,-1.332119849, Accelerometer (raw), y,-0.198394775
164316, Attitude, Pitch,0.154777336, Accelerometer (raw), z,-0.947143555
164316, Attitude, Roll,0.051285518, Accelerometer (raw), x,0.016326904
164316, Attitude, Yaw,-1.333605671, Accelerometer (raw), y,-0.180419922
164316, Attitude, Pitch,0.157488124, Accelerometer (raw), z,-1.00402832
164316, Attitude, Roll,0.05420626, Accelerometer (raw), x,0.08996582
164316, Attitude, Yaw,-1.343623021, Accelerometer (raw), y,-0.184906006
164316, Attitude, Pitch,0.163150538, Accelerometer (raw), z,-0.979507446
164316, Attitude, Roll,0.055443961, Accelerometer (raw), x,0.115036011
164316, Attitude, Yaw,-1.348261173, Accelerometer (raw), y,-0.222824097
164316, Attitude, Pitch,0.171521854, Accelerometer (raw), z,-0.929260254
164317, Attitude, Roll,0.052263772, Accelerometer (raw), x,0.109008789
164317, Attitude, Yaw,-1.345462805, Accelerometer (raw), y,-0.266494751
164317, Attitude, Pitch,0.182159175, Accelerometer (raw), z,-0.949264526
164317, Attitude, Roll,0.059451936, Accelerometer (raw), x,0.100158691
164317, Attitude, Yaw,-1.357603374, Accelerometer (raw), y,-0.244262695
164317, Attitude, Pitch,0.179580869, Accelerometer (raw), z,-0.907913208
164317, Attitude, Roll,0.059767982, Accelerometer (raw), x,0.102859497
164317, Attitude, Yaw,-1.355796767, Accelerometer (raw), y,-0.315368652
164317, Attitude, Pitch,0.191130899, Accelerometer (raw), z,-0.918823242
164317, Attitude, Roll,0.057513984, Accelerometer (raw), x,0.007278442
164317, Attitude, Yaw,-1.355126305, Accelerometer (raw), y,-0.341751099
164317, Attitude, Pitch,0.197920798, Accelerometer (raw), z,-1.080108643
164317, Attitude, Roll,0.037978298, Accelerometer (raw), x,-0.003341675
164317, Attitude, Yaw,-1.355876182, Accelerometer (raw), y,-0.133071899
164317, Attitude, Pitch,0.224895224, Accelerometer (raw), z,-1.054153442
164317, Attitude, Roll,0.03681092, Accelerometer (raw), x,-0.020507813
164317, Attitude, Yaw,-1.399566419, Accelerometer (raw), y,-0.001434326
164317, Attitude, Pitch,0.240395872, Accelerometer (raw), z,-1.100097656
164317, Attitude, Roll,0.059881188, Accelerometer (raw), x,0.010284424
164317, Attitude, Yaw,-1.405972539, Accelerometer (raw), y,-0.104675293
164317, Attitude, Pitch,0.246696704, Accelerometer (raw), z,-0.914245605
164317, Attitude, Roll,0.074692612, Accelerometer (raw), x,0.012908936
164317, Attitude, Yaw,-1.406460203, Accelerometer (raw), y,-0.146209717
164317, Attitude, Pitch,0.229573103, Accelerometer (raw), z,-0.935882568
164317, Attitude, Roll,0.051839408, Accelerometer (raw), x,0.027099609
164317, Attitude, Yaw,-1.423433182, Accelerometer (raw), y,-0.217346191
164317, Attitude, Pitch,0.222676211, Accelerometer (raw), z,-0.993392944
164317, Attitude, Roll,0.056486717, Accelerometer (raw), x,0.034545898
164317, Attitude, Yaw,-1.432736855, Accelerometer (raw), y,-0.260742188
164317, Attitude, Pitch,0.223387477, Accelerometer (raw), z,-0.871063232
164318, Attitude, Roll,0.045942995, Accelerometer (raw), x,0.03793335
164318, Attitude, Yaw,-1.436446622, Accelerometer (raw), y,-0.263656616
164318, Attitude, Pitch,0.235414893, Accelerometer (raw), z,-0.877639771
164318, Attitude, Roll,0.031040607, Accelerometer (raw), x,0.066299438
164318, Attitude, Yaw,-1.437531629, Accelerometer (raw), y,-0.270095825
164318, Attitude, Pitch,0.229409506, Accelerometer (raw), z,-0.930984497
164318, Attitude, Roll,0.037302123, Accelerometer (raw), x,0.030105591
164318, Attitude, Yaw,-1.435308031, Accelerometer (raw), y,-0.315612793
164318, Attitude, Pitch,0.22457972, Accelerometer (raw), z,-0.972320557
164318, Attitude, Roll,0.03756014, Accelerometer (raw), x,0.035217285
164318, Attitude, Yaw,-1.423738763, Accelerometer (raw), y,-0.296142578
164318, Attitude, Pitch,0.23392327, Accelerometer (raw), z,-1.027130127
164318, Attitude, Roll,0.017683347, Accelerometer (raw), x,0.010681152
164318, Attitude, Yaw,-1.388658302, Accelerometer (raw), y,-0.159667969
164318, Attitude, Pitch,0.255442504, Accelerometer (raw), z,-1.083862305
164318, Attitude, Roll,0.010273291, Accelerometer (raw), x,0.066741943
164318, Attitude, Yaw,-1.374760816, Accelerometer (raw), y,-0.141769409
164318, Attitude, Pitch,0.266990746, Accelerometer (raw), z,-0.954177856
164318, Attitude, Roll,-1.02E-06, Accelerometer (raw), x,0.015625
164318, Attitude, Yaw,-1.361288477, Accelerometer (raw), y,-0.046142578
164318, Attitude, Pitch,0.251361248, Accelerometer (raw), z,-0.994476318
164318, Attitude, Roll,0.00644423, Accelerometer (raw), x,0.054885864
164318, Attitude, Yaw,-1.33816483, Accelerometer (raw), y,-0.167831421
164318, Attitude, Pitch,0.254527708, Accelerometer (raw), z,-0.788116455
164318, Attitude, Roll,0.022342302, Accelerometer (raw), x,0.007568359
164318, Attitude, Yaw,-1.325008817, Accelerometer (raw), y,-0.239120483
164318, Attitude, Pitch,0.266134434, Accelerometer (raw), z,-0.902099609
164318, Attitude, Roll,0.022864348, Accelerometer (raw), x,0.091308594
164318, Attitude, Yaw,-1.328574744, Accelerometer (raw), y,-0.258712769
164318, Attitude, Pitch,0.240270021, Accelerometer (raw), z,-0.981735229
164319, Attitude, Roll,0.034858267, Accelerometer (raw), x,0.047195435
164319, Attitude, Yaw,-1.33083109, Accelerometer (raw), y,-0.270507813
164319, Attitude, Pitch,0.223226843, Accelerometer (raw), z,-0.981079102
164319, Attitude, Roll,0.038104801, Accelerometer (raw), x,0.025650024
164319, Attitude, Yaw,-1.326689127, Accelerometer (raw), y,-0.386306763
164319, Attitude, Pitch,0.221246715, Accelerometer (raw), z,-0.882614136
164319, Attitude, Roll,0.037273216, Accelerometer (raw), x,-0.010269165
164319, Attitude, Yaw,-1.319691801, Accelerometer (raw), y,-0.446289063
164319, Attitude, Pitch,0.242294823, Accelerometer (raw), z,-1.00390625
164319, Attitude, Roll,0.022689724, Accelerometer (raw), x,0.114639282
164319, Attitude, Yaw,-1.380698488, Accelerometer (raw), y,-0.102081299
164319, Attitude, Pitch,0.288972268, Accelerometer (raw), z,-1.150482178
164319, Attitude, Roll,0.029143836, Accelerometer (raw), x,-0.046234131
164319, Attitude, Yaw,-1.368565513, Accelerometer (raw), y,-0.100784302
164319, Attitude, Pitch,0.290647546, Accelerometer (raw), z,-1.052215576
164319, Attitude, Roll,0.032183657, Accelerometer (raw), x,-0.036819458
164319, Attitude, Yaw,-1.376169391, Accelerometer (raw), y,-0.179916382
164319, Attitude, Pitch,0.292853443, Accelerometer (raw), z,-0.952865601
164319, Attitude, Roll,0.013562931, Accelerometer (raw), x,0.001815796
164319, Attitude, Yaw,-1.396340278, Accelerometer (raw), y,-0.237518311
164319, Attitude, Pitch,0.286215201, Accelerometer (raw), z,-0.849090576
164319, Attitude, Roll,-0.009383247, Accelerometer (raw), x,-0.013580322
164319, Attitude, Yaw,-1.41030793, Accelerometer (raw), y,-0.290466309
164319, Attitude, Pitch,0.29070841, Accelerometer (raw), z,-0.775405884
164319, Attitude, Roll,-0.012725692, Accelerometer (raw), x,-0.085540771
164319, Attitude, Yaw,-1.423147165, Accelerometer (raw), y,-0.412139893
164319, Attitude, Pitch,0.296008229, Accelerometer (raw), z,-0.879180908
164319, Attitude, Roll,-0.018444488, Accelerometer (raw), x,-0.06918335
164319, Attitude, Yaw,-1.427615012, Accelerometer (raw), y,-0.321777344
164319, Attitude, Pitch,0.319870667, Accelerometer (raw), z,-0.991699219
164319, Attitude, Roll,-0.031914793, Accelerometer (raw), x,0.053115845
164319, Attitude, Yaw,-1.441294693, Accelerometer (raw), y,-0.303756714
164319, Attitude, Pitch,0.340022052, Accelerometer (raw), z,-1.049530029
164320, Attitude, Roll,-0.039354956, Accelerometer (raw), x,0.042678833
164320, Attitude, Yaw,-1.432046098, Accelerometer (raw), y,-0.172409058
164320, Attitude, Pitch,0.345510395, Accelerometer (raw), z,-1.045333862
164320, Attitude, Roll,-0.034216363, Accelerometer (raw), x,-0.023025513
164320, Attitude, Yaw,-1.407153455, Accelerometer (raw), y,-0.182144165
164320, Attitude, Pitch,0.308285016, Accelerometer (raw), z,-0.989456177
164320, Attitude, Roll,-0.025416046, Accelerometer (raw), x,-0.022796631
164320, Attitude, Yaw,-1.397161393, Accelerometer (raw), y,-0.224136353
164320, Attitude, Pitch,0.300813946, Accelerometer (raw), z,-0.896179199
164320, Attitude, Roll,-0.020482718, Accelerometer (raw), x,-0.004776001
164320, Attitude, Yaw,-1.397543138, Accelerometer (raw), y,-0.28288269
164320, Attitude, Pitch,0.297654758, Accelerometer (raw), z,-0.896026611
164320, Attitude, Roll,-0.013461466, Accelerometer (raw), x,0.054855347
164320, Attitude, Yaw,-1.40794264, Accelerometer (raw), y,-0.335876465
164320, Attitude, Pitch,0.289923562, Accelerometer (raw), z,-0.862838745
164320, Attitude, Roll,0.001026322, Accelerometer (raw), x,0.077468872
164320, Attitude, Yaw,-1.421047847, Accelerometer (raw), y,-0.37361145
164320, Attitude, Pitch,0.295567877, Accelerometer (raw), z,-0.964981079
164320, Attitude, Roll,0.00437279, Accelerometer (raw), x,-0.020370483
164320, Attitude, Yaw,-1.422101915, Accelerometer (raw), y,-0.377426147
164320, Attitude, Pitch,0.297695249, Accelerometer (raw), z,-1.066589355
164320, Attitude, Roll,0.006483757, Accelerometer (raw), x,-0.058563232
164320, Attitude, Yaw,-1.410179473, Accelerometer (raw), y,-0.259277344
164320, Attitude, Pitch,0.324816275, Accelerometer (raw), z,-1.073486328
164320, Attitude, Roll,0.000877761, Accelerometer (raw), x,-0.011291504
164320, Attitude, Yaw,-1.409544983, Accelerometer (raw), y,-0.312347412
164320, Attitude, Pitch,0.333419326, Accelerometer (raw), z,-0.93270874
164320, Attitude, Roll,0.028458266, Accelerometer (raw), x,-0.131896973
164320, Attitude, Yaw,-1.402604051, Accelerometer (raw), y,-0.200042725
164320, Attitude, Pitch,0.342171953, Accelerometer (raw), z,-0.967987061
164321, Attitude, Roll,0.002766253, Accelerometer (raw), x,0.000442505
164321, Attitude, Yaw,-1.44930076, Accelerometer (raw), y,-0.243972778
164321, Attitude, Pitch,0.29997957, Accelerometer (raw), z,-0.867919922
164321, Attitude, Roll,-0.016352825, Accelerometer (raw), x,-0.005722046
164321, Attitude, Yaw,-1.468512671, Accelerometer (raw), y,-0.272125244
164321, Attitude, Pitch,0.299833718, Accelerometer (raw), z,-0.792022705
164321, Attitude, Roll,-0.040526307, Accelerometer (raw), x,-0.047851563
164321, Attitude, Yaw,-1.470571672, Accelerometer (raw), y,-0.388153076
164321, Attitude, Pitch,0.280059065, Accelerometer (raw), z,-0.872543335
164321, Attitude, Roll,-0.053905321, Accelerometer (raw), x,-0.112319946
164321, Attitude, Yaw,-1.466748102, Accelerometer (raw), y,-0.350616455
164321, Attitude, Pitch,0.293100499, Accelerometer (raw), z,-0.96862793
164321, Attitude, Roll,-0.061237098, Accelerometer (raw), x,-0.029418945
164321, Attitude, Yaw,-1.452951741, Accelerometer (raw), y,-0.319961548
164321, Attitude, Pitch,0.310919338, Accelerometer (raw), z,-1.077087402
164321, Attitude, Roll,-0.077973946, Accelerometer (raw), x,0.004653931
164321, Attitude, Yaw,-1.447238559, Accelerometer (raw), y,-0.20262146
164321, Attitude, Pitch,0.313712748, Accelerometer (raw), z,-1.031188965
164321, Attitude, Roll,-0.081611324, Accelerometer (raw), x,-0.044952393
164321, Attitude, Yaw,-1.418961963, Accelerometer (raw), y,-0.178100586
164321, Attitude, Pitch,0.335281618, Accelerometer (raw), z,-0.964859009
164321, Attitude, Roll,-0.072082209, Accelerometer (raw), x,0.03616333
164321, Attitude, Yaw,-1.427037828, Accelerometer (raw), y,-0.175598145
164321, Attitude, Pitch,0.283629923, Accelerometer (raw), z,-0.843643188
164321, Attitude, Roll,-0.062228021, Accelerometer (raw), x,0.046691895
164321, Attitude, Yaw,-1.418711152, Accelerometer (raw), y,-0.218948364
164321, Attitude, Pitch,0.266151454, Accelerometer (raw), z,-0.833236694
164322, Attitude, Roll,-0.029308715, Accelerometer (raw), x,-0.003631592
164322, Attitude, Yaw,-1.362042847, Accelerometer (raw), y,-0.255523682
164322, Attitude, Pitch,0.207307254, Accelerometer (raw), z,-0.907196045
164322, Attitude, Roll,-0.02289768, Accelerometer (raw), x,0.022109985
164322, Attitude, Yaw,-1.336531028, Accelerometer (raw), y,-0.266082764
164322, Attitude, Pitch,0.193568808, Accelerometer (raw), z,-0.997329712
164322, Attitude, Roll,-0.013078458, Accelerometer (raw), x,-0.035797119
164322, Attitude, Yaw,-1.302220354, Accelerometer (raw), y,-0.32673645
164322, Attitude, Pitch,0.197778885, Accelerometer (raw), z,-1.019805908
164322, Attitude, Roll,-0.026602039, Accelerometer (raw), x,-0.032272339
164322, Attitude, Yaw,-1.290913234, Accelerometer (raw), y,-0.128387451
164322, Attitude, Pitch,0.209502587, Accelerometer (raw), z,-1.123962402
164322, Attitude, Roll,-0.019195548, Accelerometer (raw), x,-0.076187134
164322, Attitude, Yaw,-1.295953629, Accelerometer (raw), y,-0.03742981
164322, Attitude, Pitch,0.217296298, Accelerometer (raw), z,-1.065551758
164322, Attitude, Roll,-0.015050303, Accelerometer (raw), x,-0.087661743
164322, Attitude, Yaw,-1.297765284, Accelerometer (raw), y,-0.107025146
164322, Attitude, Pitch,0.21103579, Accelerometer (raw), z,-1.005950928
164322, Attitude, Roll,-0.015037646, Accelerometer (raw), x,-0.036575317
164322, Attitude, Yaw,-1.311201095, Accelerometer (raw), y,-0.183349609
164322, Attitude, Pitch,0.187505373, Accelerometer (raw), z,-0.842773438
164322, Attitude, Roll,-0.023630572, Accelerometer (raw), x,-0.073654175
164322, Attitude, Yaw,-1.308868456, Accelerometer (raw), y,-0.146697998
164322, Attitude, Pitch,0.194789459, Accelerometer (raw), z,-0.901519775
164322, Attitude, Roll,-0.038001714, Accelerometer (raw), x,-0.057998657
164322, Attitude, Yaw,-1.329048072, Accelerometer (raw), y,-0.213790894
164322, Attitude, Pitch,0.190828732, Accelerometer (raw), z,-0.89213562
164322, Attitude, Roll,-0.032637354, Accelerometer (raw), x,-0.02255249
164322, Attitude, Yaw,-1.313823518, Accelerometer (raw), y,-0.269363403
164322, Attitude, Pitch,0.192045714, Accelerometer (raw), z,-0.910873413
164323, Attitude, Roll,-0.032984268, Accelerometer (raw), x,-0.045898438
164323, Attitude, Yaw,-1.301510705, Accelerometer (raw), y,-0.241943359
164323, Attitude, Pitch,0.194810246, Accelerometer (raw), z,-1.007537842
164323, Attitude, Roll,-0.03450271, Accelerometer (raw), x,-0.058929443
164323, Attitude, Yaw,-1.295354141, Accelerometer (raw), y,-0.016662598
164323, Attitude, Pitch,0.203958287, Accelerometer (raw), z,-1.200057983
164323, Attitude, Roll,-0.038062809, Accelerometer (raw), x,0.063964844
164323, Attitude, Yaw,-1.29088745, Accelerometer (raw), y,-0.111541748
164323, Attitude, Pitch,0.220252912, Accelerometer (raw), z,-1.014099121
164323, Attitude, Roll,-0.049372408, Accelerometer (raw), x,-0.024551392
164323, Attitude, Yaw,-1.295786337, Accelerometer (raw), y,-0.024185181
164323, Attitude, Pitch,0.18642822, Accelerometer (raw), z,-0.992782593
164323, Attitude, Roll,-0.031895623, Accelerometer (raw), x,-0.061584473
164323, Attitude, Yaw,-1.281381015, Accelerometer (raw), y,-0.179016113
164323, Attitude, Pitch,0.165675681, Accelerometer (raw), z,-0.882064819
164323, Attitude, Roll,-0.034797783, Accelerometer (raw), x,-0.009048462
164323, Attitude, Yaw,-1.281404833, Accelerometer (raw), y,-0.158599854
164323, Attitude, Pitch,0.165759181, Accelerometer (raw), z,-0.913040161
164323, Attitude, Roll,-0.034967504, Accelerometer (raw), x,0.021194458
164323, Attitude, Yaw,-1.284733037, Accelerometer (raw), y,-0.234939575
164323, Attitude, Pitch,0.175738049, Accelerometer (raw), z,-0.88835144
164323, Attitude, Roll,-0.024348405, Accelerometer (raw), x,0.020950317
164323, Attitude, Yaw,-1.290134403, Accelerometer (raw), y,-0.317932129
164323, Attitude, Pitch,0.191108278, Accelerometer (raw), z,-1.007843018
164323, Attitude, Roll,-0.029538416, Accelerometer (raw), x,-0.047286987
164323, Attitude, Yaw,-1.293792373, Accelerometer (raw), y,-0.261871338
164323, Attitude, Pitch,0.254349345, Accelerometer (raw), z,-1.076080322
164323, Attitude, Roll,-0.027605858, Accelerometer (raw), x,-0.115768433
164323, Attitude, Yaw,-1.313270177, Accelerometer (raw), y,-0.062530518
164323, Attitude, Pitch,0.240718334, Accelerometer (raw), z,-1.075561523
164324, Attitude, Roll,-0.019952578, Accelerometer (raw), x,-0.106246948
164324, Attitude, Yaw,-1.326070859, Accelerometer (raw), y,-0.070556641
164324, Attitude, Pitch,0.242343267, Accelerometer (raw), z,-0.984405518
164324, Attitude, Roll,-0.011989217, Accelerometer (raw), x,-0.038864136
164324, Attitude, Yaw,-1.355634985, Accelerometer (raw), y,-0.107147217
164324, Attitude, Pitch,0.222402075, Accelerometer (raw), z,-0.884994507
164324, Attitude, Roll,-0.009264546, Accelerometer (raw), x,-0.057250977
164324, Attitude, Yaw,-1.363051952, Accelerometer (raw), y,-0.214294434
164324, Attitude, Pitch,0.225276428, Accelerometer (raw), z,-0.879135132
164324, Attitude, Roll,-0.016918114, Accelerometer (raw), x,-0.019546509
164324, Attitude, Yaw,-1.372072361, Accelerometer (raw), y,-0.236282349
164324, Attitude, Pitch,0.214580326, Accelerometer (raw), z,-0.908065796
164324, Attitude, Roll,-0.018032471, Accelerometer (raw), x,-0.063919067
164324, Attitude, Yaw,-1.374108412, Accelerometer (raw), y,-0.283355713
164324, Attitude, Pitch,0.213778793, Accelerometer (raw), z,-0.970825195
164324, Attitude, Roll,-0.022121726, Accelerometer (raw), x,-0.04586792
164324, Attitude, Yaw,-1.371059559, Accelerometer (raw), y,-0.313079834
164324, Attitude, Pitch,0.21830034, Accelerometer (raw), z,-1.017654419
164324, Attitude, Roll,-0.026643386, Accelerometer (raw), x,0.021560669
164324, Attitude, Yaw,-1.35993479, Accelerometer (raw), y,-0.162231445
164324, Attitude, Pitch,0.234767579, Accelerometer (raw), z,-1.104660034
164324, Attitude, Roll,-0.036132082, Accelerometer (raw), x,-0.002441406
164324, Attitude, Yaw,-1.332570202, Accelerometer (raw), y,-0.094894409
164324, Attitude, Pitch,0.259523344, Accelerometer (raw), z,-1.028625488
164324, Attitude, Roll,-0.031611738, Accelerometer (raw), x,0.030807495
164324, Attitude, Yaw,-1.332052741, Accelerometer (raw), y,-0.068115234
164324, Attitude, Pitch,0.237354407, Accelerometer (raw), z,-0.998687744
164324, Attitude, Roll,-0.027431682, Accelerometer (raw), x,-0.069091797
164324, Attitude, Yaw,-1.313958838, Accelerometer (raw), y,-0.145553589
164324, Attitude, Pitch,0.223375824, Accelerometer (raw), z,-0.909683228
164325, Attitude, Roll,-0.027216519, Accelerometer (raw), x,0.001449585
164325, Attitude, Yaw,-1.300213231, Accelerometer (raw), y,-0.196228027
164325, Attitude, Pitch,0.235086312, Accelerometer (raw), z,-0.829788208
164325, Attitude, Roll,-0.021035336, Accelerometer (raw), x,0.018997192
164325, Attitude, Yaw,-1.311285288, Accelerometer (raw), y,-0.230957031
164325, Attitude, Pitch,0.231699185, Accelerometer (raw), z,-0.880645752
164325, Attitude, Roll,-0.012162123, Accelerometer (raw), x,0.063446045
164325, Attitude, Yaw,-1.325896722, Accelerometer (raw), y,-0.392990112
164325, Attitude, Pitch,0.23897196, Accelerometer (raw), z,-0.978286743
164325, Attitude, Roll,-0.008625933, Accelerometer (raw), x,-0.020996094
164325, Attitude, Yaw,-1.341545136, Accelerometer (raw), y,-0.341064453
164325, Attitude, Pitch,0.254733951, Accelerometer (raw), z,-1.023132324
164325, Attitude, Roll,-0.006737544, Accelerometer (raw), x,0.015197754
164325, Attitude, Yaw,-1.352904723, Accelerometer (raw), y,-0.236099243
164325, Attitude, Pitch,0.282705586, Accelerometer (raw), z,-1.007080078
164325, Attitude, Roll,-0.012175649, Accelerometer (raw), x,-0.057540894
164325, Attitude, Yaw,-1.362262496, Accelerometer (raw), y,-0.107299805
164325, Attitude, Pitch,0.28468623, Accelerometer (raw), z,-1.046783447
164325, Attitude, Roll,0.010290879, Accelerometer (raw), x,-0.089477539
164325, Attitude, Yaw,-1.367174697, Accelerometer (raw), y,-0.086471558
164325, Attitude, Pitch,0.260076744, Accelerometer (raw), z,-0.98526001
164325, Attitude, Roll,0.017216883, Accelerometer (raw), x,-0.022262573
164325, Attitude, Yaw,-1.380375077, Accelerometer (raw), y,-0.18598938
164325, Attitude, Pitch,0.238807511, Accelerometer (raw), z,-0.891204834
164325, Attitude, Roll,0.007198729, Accelerometer (raw), x,-0.021072388
164325, Attitude, Yaw,-1.38695565, Accelerometer (raw), y,-0.254150391
164325, Attitude, Pitch,0.229735944, Accelerometer (raw), z,-0.847076416
164325, Attitude, Roll,0.008510657, Accelerometer (raw), x,-0.020446777
164325, Attitude, Yaw,-1.401295501, Accelerometer (raw), y,-0.258209229
164325, Attitude, Pitch,0.224583284, Accelerometer (raw), z,-0.921264648
164326, Attitude, Roll,-0.003201375, Accelerometer (raw), x,-0.029510498
164326, Attitude, Yaw,-1.400197341, Accelerometer (raw), y,-0.335617065
164326, Attitude, Pitch,0.238409184, Accelerometer (raw), z,-0.960861206
164326, Attitude, Roll,-0.01173515, Accelerometer (raw), x,-0.04296875
164326, Attitude, Yaw,-1.391806489, Accelerometer (raw), y,-0.307327271
164326, Attitude, Pitch,0.258297454, Accelerometer (raw), z,-0.99822998
164326, Attitude, Roll,-0.012550215, Accelerometer (raw), x,-0.06010437
164326, Attitude, Yaw,-1.374546943, Accelerometer (raw), y,-0.147583008
164326, Attitude, Pitch,0.285729252, Accelerometer (raw), z,-1.18989563
164326, Attitude, Roll,-0.031874265, Accelerometer (raw), x,0.038497925
164326, Attitude, Yaw,-1.3789474, Accelerometer (raw), y,-0.127227783
164326, Attitude, Pitch,0.2686997, Accelerometer (raw), z,-0.948562622
164326, Attitude, Roll,-0.036419114, Accelerometer (raw), x,-0.02571106
164326, Attitude, Yaw,-1.35286328, Accelerometer (raw), y,-0.089141846
164326, Attitude, Pitch,0.28874249, Accelerometer (raw), z,-0.993667603
164326, Attitude, Roll,-0.046556289, Accelerometer (raw), x,-0.057571411
164326, Attitude, Yaw,-1.316777744, Accelerometer (raw), y,-0.228317261
164326, Attitude, Pitch,0.244069285, Accelerometer (raw), z,-0.888366699
164326, Attitude, Roll,-0.04756018, Accelerometer (raw), x,-0.030578613
164326, Attitude, Yaw,-1.318430816, Accelerometer (raw), y,-0.218811035
164326, Attitude, Pitch,0.233375943, Accelerometer (raw), z,-0.948806763
164326, Attitude, Roll,-0.041701784, Accelerometer (raw), x,0.008285522
164326, Attitude, Yaw,-1.322371106, Accelerometer (raw), y,-0.341079712
164326, Attitude, Pitch,0.236462182, Accelerometer (raw), z,-0.912246704
164326, Attitude, Roll,-0.034724522, Accelerometer (raw), x,0.02772522
164326, Attitude, Yaw,-1.33439483, Accelerometer (raw), y,-0.325881958
164326, Attitude, Pitch,0.248260449, Accelerometer (raw), z,-1.014526367
164326, Attitude, Roll,-0.036356279, Accelerometer (raw), x,-0.028411865
164326, Attitude, Yaw,-1.340857819, Accelerometer (raw), y,-0.302459717
164326, Attitude, Pitch,0.263443469, Accelerometer (raw), z,-1.051879883
164327, Attitude, Roll,-0.037273659, Accelerometer (raw), x,-0.080245972
164327, Attitude, Yaw,-1.348635199, Accelerometer (raw), y,-0.142776489
164327, Attitude, Pitch,0.281106204, Accelerometer (raw), z,-1.053268433
164327, Attitude, Roll,-0.039522415, Accelerometer (raw), x,-0.118179321
164327, Attitude, Yaw,-1.353559504, Accelerometer (raw), y,-0.127960205
164327, Attitude, Pitch,0.264597511, Accelerometer (raw), z,-0.991348267
164327, Attitude, Roll,-0.03118845, Accelerometer (raw), x,-0.07434082
164327, Attitude, Yaw,-1.356414067, Accelerometer (raw), y,-0.178527832
164327, Attitude, Pitch,0.264927123, Accelerometer (raw), z,-0.905761719
164327, Attitude, Roll,-0.020544181, Accelerometer (raw), x,-0.025970459
164327, Attitude, Yaw,-1.372942141, Accelerometer (raw), y,-0.298324585
164327, Attitude, Pitch,0.24550312, Accelerometer (raw), z,-0.816452026
164327, Attitude, Roll,-0.021789269, Accelerometer (raw), x,-0.054290771
164327, Attitude, Yaw,-1.398104374, Accelerometer (raw), y,-0.260681152
164327, Attitude, Pitch,0.244115389, Accelerometer (raw), z,-0.881988525
164327, Attitude, Roll,-0.030014686, Accelerometer (raw), x,-0.062332153
164327, Attitude, Yaw,-1.39926514, Accelerometer (raw), y,-0.368942261
164327, Attitude, Pitch,0.24992121, Accelerometer (raw), z,-0.920532227
164327, Attitude, Roll,-0.03851678, Accelerometer (raw), x,-0.037506104
164327, Attitude, Yaw,-1.406469773, Accelerometer (raw), y,-0.333511353
164327, Attitude, Pitch,0.263655933, Accelerometer (raw), z,-1.005264282
164327, Attitude, Roll,-0.035936662, Accelerometer (raw), x,-0.016036987
164327, Attitude, Yaw,-1.399335702, Accelerometer (raw), y,-0.300857544
164327, Attitude, Pitch,0.280105813, Accelerometer (raw), z,-1.058700562
164327, Attitude, Roll,-0.041563421, Accelerometer (raw), x,-0.041183472
164327, Attitude, Yaw,-1.383803044, Accelerometer (raw), y,-0.096054077
164327, Attitude, Pitch,0.275530327, Accelerometer (raw), z,-1.132614136
164327, Attitude, Roll,-0.054535776, Accelerometer (raw), x,-0.017288208
164327, Attitude, Yaw,-1.364362019, Accelerometer (raw), y,-0.09954834
164327, Attitude, Pitch,0.285797387, Accelerometer (raw), z,-0.959732056
164328, Attitude, Roll,-0.054636871, Accelerometer (raw), x,-0.01109314
164328, Attitude, Yaw,-1.357788665, Accelerometer (raw), y,-0.158706665
164328, Attitude, Pitch,0.26200978, Accelerometer (raw), z,-0.845535278
164328, Attitude, Roll,-0.058919307, Accelerometer (raw), x,-0.065811157
164328, Attitude, Yaw,-1.331449464, Accelerometer (raw), y,-0.211105347
164328, Attitude, Pitch,0.251410517, Accelerometer (raw), z,-0.959686279
164328, Attitude, Roll,-0.064992141, Accelerometer (raw), x,-0.00453186
164328, Attitude, Yaw,-1.322531644, Accelerometer (raw), y,-0.28465271
164328, Attitude, Pitch,0.235849861, Accelerometer (raw), z,-0.913543701
164328, Attitude, Roll,-0.04571332, Accelerometer (raw), x,0.028503418
164328, Attitude, Yaw,-1.326744448, Accelerometer (raw), y,-0.377914429
164328, Attitude, Pitch,0.256828635, Accelerometer (raw), z,-0.879867554
164328, Attitude, Roll,-0.048259917, Accelerometer (raw), x,0.004165649
164328, Attitude, Yaw,-1.335753395, Accelerometer (raw), y,-0.350524902
164328, Attitude, Pitch,0.271507526, Accelerometer (raw), z,-1.029998779
164328, Attitude, Roll,-0.051243922, Accelerometer (raw), x,-0.107849121
164328, Attitude, Yaw,-1.342667701, Accelerometer (raw), y,-0.172424316
164328, Attitude, Pitch,0.274325396, Accelerometer (raw), z,-1.120422363
164328, Attitude, Roll,-0.054930086, Accelerometer (raw), x,-0.089523315
164328, Attitude, Yaw,-1.343771168, Accelerometer (raw), y,-0.152587891
164328, Attitude, Pitch,0.273503685, Accelerometer (raw), z,-0.996109009
164328, Attitude, Roll,-0.043003396, Accelerometer (raw), x,-0.084609985
164328, Attitude, Yaw,-1.350783362, Accelerometer (raw), y,-0.147949219
164328, Attitude, Pitch,0.280087512, Accelerometer (raw), z,-0.894226074
164328, Attitude, Roll,-0.031794227, Accelerometer (raw), x,-0.07774353
164328, Attitude, Yaw,-1.372753703, Accelerometer (raw), y,-0.22996521
164328, Attitude, Pitch,0.271184078, Accelerometer (raw), z,-0.85168457
164328, Attitude, Roll,-0.027398461, Accelerometer (raw), x,-0.053359985
164328, Attitude, Yaw,-1.390180955, Accelerometer (raw), y,-0.254577637
164328, Attitude, Pitch,0.27081224, Accelerometer (raw), z,-0.876373291
164329, Attitude, Roll,-0.025021031, Accelerometer (raw), x,-0.012405396
164329, Attitude, Yaw,-1.411265804, Accelerometer (raw), y,-0.325927734
164329, Attitude, Pitch,0.267579724, Accelerometer (raw), z,-0.845657349
164329, Attitude, Roll,-0.020681232, Accelerometer (raw), x,-0.047332764
164329, Attitude, Yaw,-1.421641678, Accelerometer (raw), y,-0.387115479
164329, Attitude, Pitch,0.268805397, Accelerometer (raw), z,-1.012954712
164329, Attitude, Roll,-0.023035676, Accelerometer (raw), x,0.015182495
164329, Attitude, Yaw,-1.417200288, Accelerometer (raw), y,-0.360107422
164329, Attitude, Pitch,0.298621288, Accelerometer (raw), z,-1.031143188
164329, Attitude, Roll,-0.01755462, Accelerometer (raw), x,0.001052856
164329, Attitude, Yaw,-1.402277434, Accelerometer (raw), y,-0.17237854
164329, Attitude, Pitch,0.307051174, Accelerometer (raw), z,-1.059646606
164329, Attitude, Roll,-0.036798617, Accelerometer (raw), x,-0.075897217
164329, Attitude, Yaw,-1.370074177, Accelerometer (raw), y,-0.200698853
164329, Attitude, Pitch,0.315480706, Accelerometer (raw), z,-1.011642456
164329, Attitude, Roll,-0.044788896, Accelerometer (raw), x,-0.062606812
164329, Attitude, Yaw,-1.367585973, Accelerometer (raw), y,-0.147171021
164329, Attitude, Pitch,0.29029901, Accelerometer (raw), z,-0.928588867
164329, Attitude, Roll,-0.038836679, Accelerometer (raw), x,-0.041381836
164329, Attitude, Yaw,-1.355990358, Accelerometer (raw), y,-0.238037109
164329, Attitude, Pitch,0.276894845, Accelerometer (raw), z,-0.858016968
164329, Attitude, Roll,-0.043978179, Accelerometer (raw), x,-0.027069092
164329, Attitude, Yaw,-1.353275148, Accelerometer (raw), y,-0.259475708
164329, Attitude, Pitch,0.266155978, Accelerometer (raw), z,-0.948547363
164329, Attitude, Roll,-0.042408118, Accelerometer (raw), x,-0.006210327
164329, Attitude, Yaw,-1.355935253, Accelerometer (raw), y,-0.367507935
164329, Attitude, Pitch,0.262391212, Accelerometer (raw), z,-0.947418213
164329, Attitude, Roll,-0.036640004, Accelerometer (raw), x,-0.016723633
164329, Attitude, Yaw,-1.357805589, Accelerometer (raw), y,-0.357513428
164329, Attitude, Pitch,0.281018407, Accelerometer (raw), z,-0.989105225
164330, Attitude, Roll,-0.032394715, Accelerometer (raw), x,-0.062301636
164330, Attitude, Yaw,-1.368344089, Accelerometer (raw), y,-0.180328369
164330, Attitude, Pitch,0.308749133, Accelerometer (raw), z,-1.108306885
164330, Attitude, Roll,-0.024162428, Accelerometer (raw), x,-0.10218811
164330, Attitude, Yaw,-1.387679434, Accelerometer (raw), y,-0.186950684
164330, Attitude, Pitch,0.292510598, Accelerometer (raw), z,-0.96270752
164330, Attitude, Roll,-0.018819993, Accelerometer (raw), x,-0.063827515
164330, Attitude, Yaw,-1.416625055, Accelerometer (raw), y,-0.127426147
164330, Attitude, Pitch,0.292038042, Accelerometer (raw), z,-0.912200928
164330, Attitude, Roll,-0.014233531, Accelerometer (raw), x,-0.069290161
164330, Attitude, Yaw,-1.430398874, Accelerometer (raw), y,-0.231216431
164330, Attitude, Pitch,0.28462097, Accelerometer (raw), z,-0.848327637
164330, Attitude, Roll,-0.015187501, Accelerometer (raw), x,-0.052459717
164330, Attitude, Yaw,-1.437205949, Accelerometer (raw), y,-0.279754639
164330, Attitude, Pitch,0.282642168, Accelerometer (raw), z,-0.872467041
164330, Attitude, Roll,-0.013900076, Accelerometer (raw), x,-0.019607544
164330, Attitude, Yaw,-1.441491065, Accelerometer (raw), y,-0.363265991
164330, Attitude, Pitch,0.282732064, Accelerometer (raw), z,-0.922363281
164330, Attitude, Roll,-0.016953276, Accelerometer (raw), x,-0.088668823
164330, Attitude, Yaw,-1.428141447, Accelerometer (raw), y,-0.35144043
164330, Attitude, Pitch,0.294786417, Accelerometer (raw), z,-1.033340454
164330, Attitude, Roll,-0.029129939, Accelerometer (raw), x,-0.031723022
164330, Attitude, Yaw,-1.408920357, Accelerometer (raw), y,-0.324539185
164330, Attitude, Pitch,0.320018286, Accelerometer (raw), z,-1.080535889
164330, Attitude, Roll,-0.032589545, Accelerometer (raw), x,-0.023178101
164330, Attitude, Yaw,-1.399141746, Accelerometer (raw), y,-0.159851074
164330, Attitude, Pitch,0.330021933, Accelerometer (raw), z,-0.979309082
164330, Attitude, Roll,-0.036021456, Accelerometer (raw), x,-0.019744873
164330, Attitude, Yaw,-1.385091219, Accelerometer (raw), y,-0.16947937
164330, Attitude, Pitch,0.354236047, Accelerometer (raw), z,-0.96762085
164331, Attitude, Roll,-0.037696248, Accelerometer (raw), x,-0.025360107
164331, Attitude, Yaw,-1.374334351, Accelerometer (raw), y,-0.255645752
164331, Attitude, Pitch,0.296089582, Accelerometer (raw), z,-0.874084473
164331, Attitude, Roll,-0.044202017, Accelerometer (raw), x,-0.049377441
164331, Attitude, Yaw,-1.365032441, Accelerometer (raw), y,-0.280639648
164331, Attitude, Pitch,0.282365722, Accelerometer (raw), z,-0.923995972
164331, Attitude, Roll,-0.041300696, Accelerometer (raw), x,-0.005325317
164331, Attitude, Yaw,-1.369952533, Accelerometer (raw), y,-0.329849243
164331, Attitude, Pitch,0.284096674, Accelerometer (raw), z,-0.874771118
164331, Attitude, Roll,-0.038338554, Accelerometer (raw), x,0.046554565
164331, Attitude, Yaw,-1.377500204, Accelerometer (raw), y,-0.4556427
164331, Attitude, Pitch,0.305348898, Accelerometer (raw), z,-0.972915649
164331, Attitude, Roll,-0.037466535, Accelerometer (raw), x,0.014572144
164331, Attitude, Yaw,-1.396514643, Accelerometer (raw), y,-0.336593628
164331, Attitude, Pitch,0.323354424, Accelerometer (raw), z,-1.078582764
164331, Attitude, Roll,-0.032128207, Accelerometer (raw), x,-0.112991333
164331, Attitude, Yaw,-1.39645872, Accelerometer (raw), y,-0.209121704
164331, Attitude, Pitch,0.342095141, Accelerometer (raw), z,-1.018936157
164331, Attitude, Roll,-0.039623854, Accelerometer (raw), x,-0.11831665
164331, Attitude, Yaw,-1.384921648, Accelerometer (raw), y,-0.18397522
164331, Attitude, Pitch,0.337399362, Accelerometer (raw), z,-0.963088989
164331, Attitude, Roll,-0.02280652, Accelerometer (raw), x,-0.030700684
164331, Attitude, Yaw,-1.405778301, Accelerometer (raw), y,-0.212966919
164331, Attitude, Pitch,0.335301345, Accelerometer (raw), z,-0.874404907
164331, Attitude, Roll,-0.006401619, Accelerometer (raw), x,-0.020553589
164331, Attitude, Yaw,-1.433121497, Accelerometer (raw), y,-0.265563965
164331, Attitude, Pitch,0.324103303, Accelerometer (raw), z,-0.816574097
164332, Attitude, Roll,-0.011154367, Accelerometer (raw), x,-0.036010742
164332, Attitude, Yaw,-1.4568045, Accelerometer (raw), y,-0.319976807
164332, Attitude, Pitch,0.311716322, Accelerometer (raw), z,-0.858047485
164332, Attitude, Roll,-0.014888496, Accelerometer (raw), x,-0.011260986
164332, Attitude, Yaw,-1.459135467, Accelerometer (raw), y,-0.390289307
164332, Attitude, Pitch,0.315783228, Accelerometer (raw), z,-0.916915894
164332, Attitude, Roll,-0.021777511, Accelerometer (raw), x,-0.061569214
164332, Attitude, Yaw,-1.44755214, Accelerometer (raw), y,-0.380950928
164332, Attitude, Pitch,0.323443193, Accelerometer (raw), z,-1.013046265
164332, Attitude, Roll,-0.022712395, Accelerometer (raw), x,0.051116943
164332, Attitude, Yaw,-1.43262331, Accelerometer (raw), y,-0.324707031
164332, Attitude, Pitch,0.341542437, Accelerometer (raw), z,-1.085128784
164332, Attitude, Roll,-0.031273847, Accelerometer (raw), x,-0.027786255
164332, Attitude, Yaw,-1.419820883, Accelerometer (raw), y,-0.191375732
164332, Attitude, Pitch,0.350172122, Accelerometer (raw), z,-0.967346191
164332, Attitude, Roll,-0.039306252, Accelerometer (raw), x,-0.040527344
164332, Attitude, Yaw,-1.40045988, Accelerometer (raw), y,-0.167739868
164332, Attitude, Pitch,0.34802063, Accelerometer (raw), z,-0.944335938
164332, Attitude, Roll,-0.036284148, Accelerometer (raw), x,-0.013687134
164332, Attitude, Yaw,-1.389981201, Accelerometer (raw), y,-0.244247437
164332, Attitude, Pitch,0.317054675, Accelerometer (raw), z,-0.858474731
164332, Attitude, Roll,-0.043177242, Accelerometer (raw), x,-0.047225952
164332, Attitude, Yaw,-1.375157135, Accelerometer (raw), y,-0.269180298
164332, Attitude, Pitch,0.298391135, Accelerometer (raw), z,-0.942230225
164332, Attitude, Roll,-0.047399985, Accelerometer (raw), x,0.021865845
164332, Attitude, Yaw,-1.372828373, Accelerometer (raw), y,-0.347213745
164332, Attitude, Pitch,0.286329293, Accelerometer (raw), z,-0.871505737
164332, Attitude, Roll,-0.028046306, Accelerometer (raw), x,0.049942017
164332, Attitude, Yaw,-1.379348459, Accelerometer (raw), y,-0.363494873
164332, Attitude, Pitch,0.308532747, Accelerometer (raw), z,-0.960861206
164333, Attitude, Roll,-0.018089885, Accelerometer (raw), x,-0.009338379
164333, Attitude, Yaw,-1.365897632, Accelerometer (raw), y,-0.384963989
164333, Attitude, Pitch,0.319242169, Accelerometer (raw), z,-1.030044556
164333, Attitude, Roll,-0.030059871, Accelerometer (raw), x,-0.150268555
164333, Attitude, Yaw,-1.365115136, Accelerometer (raw), y,-0.100234985
164333, Attitude, Pitch,0.310457729, Accelerometer (raw), z,-1.138092041
164333, Attitude, Roll,-0.028955005, Accelerometer (raw), x,-0.133132935
164333, Attitude, Yaw,-1.361519811, Accelerometer (raw), y,-0.134994507
164333, Attitude, Pitch,0.31895117, Accelerometer (raw), z,-0.934951782
164333, Attitude, Roll,-0.025811165, Accelerometer (raw), x,-0.051849365
164333, Attitude, Yaw,-1.393122062, Accelerometer (raw), y,-0.1769104
164333, Attitude, Pitch,0.306079419, Accelerometer (raw), z,-0.908752441
164333, Attitude, Roll,-0.024777551, Accelerometer (raw), x,-0.081512451
164333, Attitude, Yaw,-1.415963292, Accelerometer (raw), y,-0.301879883
164333, Attitude, Pitch,0.290188917, Accelerometer (raw), z,-0.835906982
164333, Attitude, Roll,-0.01879389, Accelerometer (raw), x,0.008209229
164333, Attitude, Yaw,-1.441248262, Accelerometer (raw), y,-0.307983398
164333, Attitude, Pitch,0.285233724, Accelerometer (raw), z,-0.845214844
164333, Attitude, Roll,-0.020341922, Accelerometer (raw), x,-0.048629761
164333, Attitude, Yaw,-1.455306538, Accelerometer (raw), y,-0.38420105
164333, Attitude, Pitch,0.277997224, Accelerometer (raw), z,-0.951049805
164333, Attitude, Roll,-0.027283795, Accelerometer (raw), x,-0.076385498
164333, Attitude, Yaw,-1.439780077, Accelerometer (raw), y,-0.32850647
164333, Attitude, Pitch,0.288123387, Accelerometer (raw), z,-1.052200317
164333, Attitude, Roll,-0.024668872, Accelerometer (raw), x,-0.029083252
164333, Attitude, Yaw,-1.391021635, Accelerometer (raw), y,-0.202667236
164333, Attitude, Pitch,0.309208864, Accelerometer (raw), z,-1.15222168
164333, Attitude, Roll,-0.027593179, Accelerometer (raw), x,0.003845215
164333, Attitude, Yaw,-1.356388012, Accelerometer (raw), y,-0.212966919
164333, Attitude, Pitch,0.328651853, Accelerometer (raw), z,-0.955749512
164333, Attitude, Roll,-0.037695406, Accelerometer (raw), x,-0.020950317
164333, Attitude, Yaw,-1.342040025, Accelerometer (raw), y,-0.154418945
164333, Attitude, Pitch,0.310971054, Accelerometer (raw), z,-0.946624756
164334, Attitude, Roll,-0.026380727, Accelerometer (raw), x,-0.013275146
164334, Attitude, Yaw,-1.325928289, Accelerometer (raw), y,-0.24937439
164334, Attitude, Pitch,0.281175188, Accelerometer (raw), z,-0.823104858
164334, Attitude, Roll,-0.031004393, Accelerometer (raw), x,-0.007263184
164334, Attitude, Yaw,-1.318237815, Accelerometer (raw), y,-0.269180298
164334, Attitude, Pitch,0.269339796, Accelerometer (raw), z,-0.879104614
164334, Attitude, Roll,-0.031346169, Accelerometer (raw), x,0.037078857
164334, Attitude, Yaw,-1.315598744, Accelerometer (raw), y,-0.401809692
164334, Attitude, Pitch,0.270596422, Accelerometer (raw), z,-0.921478271
164334, Attitude, Roll,-0.028172698, Accelerometer (raw), x,0.01512146
164334, Attitude, Yaw,-1.31552073, Accelerometer (raw), y,-0.414703369
164334, Attitude, Pitch,0.290488318, Accelerometer (raw), z,-1.03578186
164334, Attitude, Roll,-0.023834556, Accelerometer (raw), x,-0.030609131
164334, Attitude, Yaw,-1.325295848, Accelerometer (raw), y,-0.220947266
164334, Attitude, Pitch,0.310228237, Accelerometer (raw), z,-1.098205566
164334, Attitude, Roll,-0.013049369, Accelerometer (raw), x,-0.076980591
164334, Attitude, Yaw,-1.341037226, Accelerometer (raw), y,-0.167221069
164334, Attitude, Pitch,0.309927273, Accelerometer (raw), z,-0.99269104
164334, Attitude, Roll,0.00123513, Accelerometer (raw), x,-0.033813477
164334, Attitude, Yaw,-1.374297883, Accelerometer (raw), y,-0.106338501
164334, Attitude, Pitch,0.274132167, Accelerometer (raw), z,-0.964096069
164334, Attitude, Roll,-0.000140208, Accelerometer (raw), x,0.028701782
164334, Attitude, Yaw,-1.377148682, Accelerometer (raw), y,-0.176696777
164334, Attitude, Pitch,0.258983753, Accelerometer (raw), z,-0.804870605
164334, Attitude, Roll,-0.001383529, Accelerometer (raw), x,-0.058609009
164334, Attitude, Yaw,-1.365668261, Accelerometer (raw), y,-0.290161133
164334, Attitude, Pitch,0.2461358, Accelerometer (raw), z,-0.827758789
164334, Attitude, Roll,-0.000928105, Accelerometer (raw), x,-0.067626953
164334, Attitude, Yaw,-1.357650333, Accelerometer (raw), y,-0.339782715
164334, Attitude, Pitch,0.217819811, Accelerometer (raw), z,-0.966506958
164335, Attitude, Roll,-0.017172983, Accelerometer (raw), x,-0.049438477
164335, Attitude, Yaw,-1.339526238, Accelerometer (raw), y,-0.394622803
164335, Attitude, Pitch,0.229011641, Accelerometer (raw), z,-1.017227173
164335, Attitude, Roll,-0.024849211, Accelerometer (raw), x,0.010696411
164335, Attitude, Yaw,-1.319735517, Accelerometer (raw), y,-0.332351685
164335, Attitude, Pitch,0.251130169, Accelerometer (raw), z,-1.063201904
164335, Attitude, Roll,-0.01797434, Accelerometer (raw), x,-0.008331299
164335, Attitude, Yaw,-1.310609308, Accelerometer (raw), y,-0.023117065
164335, Attitude, Pitch,0.272531461, Accelerometer (raw), z,-1.164459229
164335, Attitude, Roll,-0.022106493, Accelerometer (raw), x,-0.012145996
164335, Attitude, Yaw,-1.308621117, Accelerometer (raw), y,-0.112014771
164335, Attitude, Pitch,0.282716128, Accelerometer (raw), z,-0.98588562
164335, Attitude, Roll,-0.015704544, Accelerometer (raw), x,-0.030288696
164335, Attitude, Yaw,-1.314319111, Accelerometer (raw), y,-0.172515869
164335, Attitude, Pitch,0.267844349, Accelerometer (raw), z,-0.821228027
164335, Attitude, Roll,-0.020042007, Accelerometer (raw), x,-0.011627197
164335, Attitude, Yaw,-1.298845747, Accelerometer (raw), y,-0.262283325
164335, Attitude, Pitch,0.264038992, Accelerometer (raw), z,-0.85508728
164335, Attitude, Roll,-0.029573059, Accelerometer (raw), x,0.006622314
164335, Attitude, Yaw,-1.305913888, Accelerometer (raw), y,-0.337905884
164335, Attitude, Pitch,0.265656982, Accelerometer (raw), z,-0.93270874
164335, Attitude, Roll,-0.027613381, Accelerometer (raw), x,0.038024902
164335, Attitude, Yaw,-1.304912053, Accelerometer (raw), y,-0.460113525
164335, Attitude, Pitch,0.28720471, Accelerometer (raw), z,-0.999923706
164335, Attitude, Roll,-0.021427364, Accelerometer (raw), x,-0.018554688
164335, Attitude, Yaw,-1.320329196, Accelerometer (raw), y,-0.261795044
164335, Attitude, Pitch,0.318628172, Accelerometer (raw), z,-1.099533081
164335, Attitude, Roll,-0.016365028, Accelerometer (raw), x,-0.033233643
164335, Attitude, Yaw,-1.338117298, Accelerometer (raw), y,-0.075180054
164335, Attitude, Pitch,0.329232815, Accelerometer (raw), z,-1.011505127
164336, Attitude, Roll,0.003899008, Accelerometer (raw), x,-0.032623291
164336, Attitude, Yaw,-1.336724218, Accelerometer (raw), y,-0.180618286
164336, Attitude, Pitch,0.321305945, Accelerometer (raw), z,-0.911621094
164336, Attitude, Roll,0.002676185, Accelerometer (raw), x,0.005569458
164336, Attitude, Yaw,-1.339191779, Accelerometer (raw), y,-0.202514648
164336, Attitude, Pitch,0.298170365, Accelerometer (raw), z,-0.896484375
164336, Attitude, Roll,0.004912299, Accelerometer (raw), x,-0.037490845
164336, Attitude, Yaw,-1.341074209, Accelerometer (raw), y,-0.263061523
164336, Attitude, Pitch,0.284158376, Accelerometer (raw), z,-0.87310791
164336, Attitude, Roll,0.016022585, Accelerometer (raw), x,0.008056641
164336, Attitude, Yaw,-1.342069106, Accelerometer (raw), y,-0.362838745
164336, Attitude, Pitch,0.276839812, Accelerometer (raw), z,-0.874694824
164336, Attitude, Roll,0.012252147, Accelerometer (raw), x,0.016647339
164336, Attitude, Yaw,-1.329755786, Accelerometer (raw), y,-0.409835815
164336, Attitude, Pitch,0.310655258, Accelerometer (raw), z,-0.934051514
164336, Attitude, Roll,-0.005535079, Accelerometer (raw), x,0.041473389
164336, Attitude, Yaw,-1.318432113, Accelerometer (raw), y,-0.361541748
164336, Attitude, Pitch,0.319296299, Accelerometer (raw), z,-1.062561035
164336, Attitude, Roll,-0.022238761, Accelerometer (raw), x,0.016036987
164336, Attitude, Yaw,-1.321174997, Accelerometer (raw), y,-0.094299316
164336, Attitude, Pitch,0.298315771, Accelerometer (raw), z,-1.109832764
164336, Attitude, Roll,-0.013355655, Accelerometer (raw), x,0.019073486
164336, Attitude, Yaw,-1.292396074, Accelerometer (raw), y,-0.164825439
164336, Attitude, Pitch,0.30709447, Accelerometer (raw), z,-0.95791626
164336, Attitude, Roll,-0.009686374, Accelerometer (raw), x,0.006225586
164336, Attitude, Yaw,-1.29611763, Accelerometer (raw), y,-0.148101807
164336, Attitude, Pitch,0.268399227, Accelerometer (raw), z,-0.867660522
164336, Attitude, Roll,-0.00570106, Accelerometer (raw), x,0.001647949
164336, Attitude, Yaw,-1.284524221, Accelerometer (raw), y,-0.20602417
164336, Attitude, Pitch,0.265599332, Accelerometer (raw), z,-0.895904541
164337, Attitude, Roll,-0.011584679, Accelerometer (raw), x,0.016174316
164337, Attitude, Yaw,-1.281446082, Accelerometer (raw), y,-0.297698975
164337, Attitude, Pitch,0.263301362, Accelerometer (raw), z,-0.872436523
164337, Attitude, Roll,-0.013923123, Accelerometer (raw), x,0.006515503
164337, Attitude, Yaw,-1.275491932, Accelerometer (raw), y,-0.391998291
164337, Attitude, Pitch,0.282297531, Accelerometer (raw), z,-1.011550903
164337, Attitude, Roll,-0.025350196, Accelerometer (raw), x,0.001647949
164337, Attitude, Yaw,-1.282180104, Accelerometer (raw), y,-0.384384155
164337, Attitude, Pitch,0.299563545, Accelerometer (raw), z,-1.055160522
164337, Attitude, Roll,-0.025776727, Accelerometer (raw), x,-0.061904907
164337, Attitude, Yaw,-1.311722935, Accelerometer (raw), y,-0.096588135
164337, Attitude, Pitch,0.323139082, Accelerometer (raw), z,-1.083831787
164337, Attitude, Roll,-0.02943483, Accelerometer (raw), x,-0.113540649
164337, Attitude, Yaw,-1.307977967, Accelerometer (raw), y,-0.198623657
164337, Attitude, Pitch,0.324954815, Accelerometer (raw), z,-0.969390869
164337, Attitude, Roll,-0.019911562, Accelerometer (raw), x,-0.011627197
164337, Attitude, Yaw,-1.323605266, Accelerometer (raw), y,-0.245010376
164337, Attitude, Pitch,0.322014343, Accelerometer (raw), z,-0.815444946
164337, Attitude, Roll,-0.012235884, Accelerometer (raw), x,-0.055236816
164337, Attitude, Yaw,-1.329208166, Accelerometer (raw), y,-0.30305481
164337, Attitude, Pitch,0.330489015, Accelerometer (raw), z,-0.827636719
164337, Attitude, Roll,-0.009191676, Accelerometer (raw), x,-0.029296875
164337, Attitude, Yaw,-1.34098065, Accelerometer (raw), y,-0.336914063
164337, Attitude, Pitch,0.321587545, Accelerometer (raw), z,-0.911697388
164337, Attitude, Roll,-0.008893502, Accelerometer (raw), x,-0.014373779
164337, Attitude, Yaw,-1.335811915, Accelerometer (raw), y,-0.41545105
164337, Attitude, Pitch,0.323551134, Accelerometer (raw), z,-0.911911011
164337, Attitude, Roll,-0.016215576, Accelerometer (raw), x,-0.050064087
164337, Attitude, Yaw,-1.315725056, Accelerometer (raw), y,-0.393005371
164337, Attitude, Pitch,0.342539529, Accelerometer (raw), z,-1.027664185
164338, Attitude, Roll,-0.022020133, Accelerometer (raw), x,-0.013397217
164338, Attitude, Yaw,-1.298258032, Accelerometer (raw), y,-0.244216919
164338, Attitude, Pitch,0.360238317, Accelerometer (raw), z,-1.173553467
164338, Attitude, Roll,-0.03732945, Accelerometer (raw), x,-0.046020508
164338, Attitude, Yaw,-1.287943963, Accelerometer (raw), y,-0.231292725
164338, Attitude, Pitch,0.365440455, Accelerometer (raw), z,-0.95652771
164338, Attitude, Roll,-0.043040602, Accelerometer (raw), x,-0.016708374
164338, Attitude, Yaw,-1.286362885, Accelerometer (raw), y,-0.193008423
164338, Attitude, Pitch,0.327046425, Accelerometer (raw), z,-0.948989868
164338, Attitude, Roll,-0.037172455, Accelerometer (raw), x,-0.018844604
164338, Attitude, Yaw,-1.279185309, Accelerometer (raw), y,-0.258651733
164338, Attitude, Pitch,0.318333188, Accelerometer (raw), z,-0.834884644
164338, Attitude, Roll,-0.032801411, Accelerometer (raw), x,-0.001113892
164338, Attitude, Yaw,-1.285289273, Accelerometer (raw), y,-0.3306427
164338, Attitude, Pitch,0.315708717, Accelerometer (raw), z,-0.861984253
164338, Attitude, Roll,-0.023603424, Accelerometer (raw), x,0.01965332
164338, Attitude, Yaw,-1.293996524, Accelerometer (raw), y,-0.444976807
164338, Attitude, Pitch,0.328961595, Accelerometer (raw), z,-0.900863647
164338, Attitude, Roll,-0.024400958, Accelerometer (raw), x,0.001602173
164338, Attitude, Yaw,-1.300571862, Accelerometer (raw), y,-0.4478302
164338, Attitude, Pitch,0.339121623, Accelerometer (raw), z,-1.053665161
164338, Attitude, Roll,-0.028124491, Accelerometer (raw), x,0.001449585
164338, Attitude, Yaw,-1.309651525, Accelerometer (raw), y,-0.281768799
164338, Attitude, Pitch,0.348662745, Accelerometer (raw), z,-1.039611816
164338, Attitude, Roll,-0.026750338, Accelerometer (raw), x,-0.057144165
164338, Attitude, Yaw,-1.317355613, Accelerometer (raw), y,-0.199005127
164338, Attitude, Pitch,0.336932499, Accelerometer (raw), z,-0.923065186
164338, Attitude, Roll,-0.013038659, Accelerometer (raw), x,-0.097900391
164338, Attitude, Yaw,-1.317662037, Accelerometer (raw), y,-0.193710327
164338, Attitude, Pitch,0.333065134, Accelerometer (raw), z,-0.948440552
164339, Attitude, Roll,-0.010616714, Accelerometer (raw), x,-0.012954712
164339, Attitude, Yaw,-1.32729592, Accelerometer (raw), y,-0.285736084
164339, Attitude, Pitch,0.304233649, Accelerometer (raw), z,-0.828308105
164339, Attitude, Roll,-0.012558945, Accelerometer (raw), x,-0.003479004
164339, Attitude, Yaw,-1.33486849, Accelerometer (raw), y,-0.303771973
164339, Attitude, Pitch,0.303743625, Accelerometer (raw), z,-0.836761475
164339, Attitude, Roll,-0.017358584, Accelerometer (raw), x,-0.043823242
164339, Attitude, Yaw,-1.329262072, Accelerometer (raw), y,-0.421798706
164339, Attitude, Pitch,0.311621097, Accelerometer (raw), z,-0.919342041
164339, Attitude, Roll,-0.026203364, Accelerometer (raw), x,-0.085037231
164339, Attitude, Yaw,-1.315286798, Accelerometer (raw), y,-0.367752075
164339, Attitude, Pitch,0.3209515, Accelerometer (raw), z,-1.045074463
164339, Attitude, Roll,-0.014609578, Accelerometer (raw), x,0.065109253
164339, Attitude, Yaw,-1.303492229, Accelerometer (raw), y,-0.323623657
164339, Attitude, Pitch,0.337586643, Accelerometer (raw), z,-1.008010864
164339, Attitude, Roll,-0.026605385, Accelerometer (raw), x,-0.038833618
164339, Attitude, Yaw,-1.287838605, Accelerometer (raw), y,-0.236572266
164339, Attitude, Pitch,0.323591357, Accelerometer (raw), z,-1.110076904
164339, Attitude, Roll,-0.02743323, Accelerometer (raw), x,0.018890381
164339, Attitude, Yaw,-1.273982712, Accelerometer (raw), y,-0.19921875
164339, Attitude, Pitch,0.312930482, Accelerometer (raw), z,-0.943740845
164339, Attitude, Roll,-0.011073336, Accelerometer (raw), x,0.033187866
164339, Attitude, Yaw,-1.268283874, Accelerometer (raw), y,-0.264389038
164339, Attitude, Pitch,0.291713215, Accelerometer (raw), z,-0.82321167
164339, Attitude, Roll,-0.01186538, Accelerometer (raw), x,0.023513794
164339, Attitude, Yaw,-1.248419513, Accelerometer (raw), y,-0.293487549
164339, Attitude, Pitch,0.301986713, Accelerometer (raw), z,-0.838638306
164339, Attitude, Roll,-0.004756027, Accelerometer (raw), x,0.026901245
164339, Attitude, Yaw,-1.246758043, Accelerometer (raw), y,-0.390792847
164339, Attitude, Pitch,0.303960752, Accelerometer (raw), z,-0.856842041
164340, Attitude, Roll,0.000778111, Accelerometer (raw), x,0.031906128
164340, Attitude, Yaw,-1.259332751, Accelerometer (raw), y,-0.416687012
164340, Attitude, Pitch,0.321074208, Accelerometer (raw), z,-1.004074097
164340, Attitude, Roll,0.000484188, Accelerometer (raw), x,-0.012451172
164340, Attitude, Yaw,-1.278113448, Accelerometer (raw), y,-0.242858887
164340, Attitude, Pitch,0.31073608, Accelerometer (raw), z,-1.203277588
164340, Attitude, Roll,0.010235771, Accelerometer (raw), x,-0.008850098
164340, Attitude, Yaw,-1.286948741, Accelerometer (raw), y,-0.225143433
164340, Attitude, Pitch,0.301203552, Accelerometer (raw), z,-0.961959839
164340, Attitude, Roll,0.016704183, Accelerometer (raw), x,-0.047042847
164340, Attitude, Yaw,-1.298246983, Accelerometer (raw), y,-0.158859253
164340, Attitude, Pitch,0.309618604, Accelerometer (raw), z,-0.881454468
164340, Attitude, Roll,0.025809168, Accelerometer (raw), x,0.016082764
164340, Attitude, Yaw,-1.327248659, Accelerometer (raw), y,-0.213180542
164340, Attitude, Pitch,0.29497334, Accelerometer (raw), z,-0.814117432
164340, Attitude, Roll,0.026817992, Accelerometer (raw), x,0.009841919
164340, Attitude, Yaw,-1.339066802, Accelerometer (raw), y,-0.297592163
164340, Attitude, Pitch,0.294825831, Accelerometer (raw), z,-0.828948975
164340, Attitude, Roll,0.017900545, Accelerometer (raw), x,-0.020980835
164340, Attitude, Yaw,-1.343405835, Accelerometer (raw), y,-0.368087769
164340, Attitude, Pitch,0.295344794, Accelerometer (raw), z,-0.936416626
164340, Attitude, Roll,-0.002566525, Accelerometer (raw), x,-0.035629272
164340, Attitude, Yaw,-1.342445737, Accelerometer (raw), y,-0.404647827
164340, Attitude, Pitch,0.306403329, Accelerometer (raw), z,-1.003540039
164340, Attitude, Roll,-0.016107228, Accelerometer (raw), x,0.03918457
164340, Attitude, Yaw,-1.33541816, Accelerometer (raw), y,-0.337280273
164340, Attitude, Pitch,0.319745066, Accelerometer (raw), z,-1.090042114
164341, Attitude, Roll,-0.039162698, Accelerometer (raw), x,-0.032302856
164341, Attitude, Yaw,-1.299137328, Accelerometer (raw), y,-0.231277466
164341, Attitude, Pitch,0.332081833, Accelerometer (raw), z,-1.072769165
164341, Attitude, Roll,-0.044728612, Accelerometer (raw), x,-0.013763428
164341, Attitude, Yaw,-1.284369504, Accelerometer (raw), y,-0.172271729
164341, Attitude, Pitch,0.333538142, Accelerometer (raw), z,-0.964675903
164341, Attitude, Roll,-0.031547928, Accelerometer (raw), x,0.014541626
164341, Attitude, Yaw,-1.284543906, Accelerometer (raw), y,-0.221755981
164341, Attitude, Pitch,0.30986102, Accelerometer (raw), z,-0.806121826
164341, Attitude, Roll,-0.022077562, Accelerometer (raw), x,0.015884399
164341, Attitude, Yaw,-1.274843234, Accelerometer (raw), y,-0.271118164
164341, Attitude, Pitch,0.304663136, Accelerometer (raw), z,-0.884902954
164341, Attitude, Roll,-0.021515574, Accelerometer (raw), x,0.037475586
164341, Attitude, Yaw,-1.277710935, Accelerometer (raw), y,-0.361282349
164341, Attitude, Pitch,0.296668754, Accelerometer (raw), z,-0.882385254
164341, Attitude, Roll,-0.008022599, Accelerometer (raw), x,0.018325806
164341, Attitude, Yaw,-1.275825041, Accelerometer (raw), y,-0.417297363
164341, Attitude, Pitch,0.312202423, Accelerometer (raw), z,-0.99382019
164341, Attitude, Roll,-0.014451732, Accelerometer (raw), x,-0.013168335
164341, Attitude, Yaw,-1.285510667, Accelerometer (raw), y,-0.38319397
164341, Attitude, Pitch,0.334843817, Accelerometer (raw), z,-1.092056274
164341, Attitude, Roll,-0.02312633, Accelerometer (raw), x,-0.049346924
164341, Attitude, Yaw,-1.298795765, Accelerometer (raw), y,-0.201080322
164341, Attitude, Pitch,0.344192238, Accelerometer (raw), z,-1.011032104
164341, Attitude, Roll,-0.008990401, Accelerometer (raw), x,-0.023986816
164341, Attitude, Yaw,-1.313349131, Accelerometer (raw), y,-0.157012939
164341, Attitude, Pitch,0.351768305, Accelerometer (raw), z,-0.946578979
164341, Attitude, Roll,0.00578315, Accelerometer (raw), x,-0.030715942
164341, Attitude, Yaw,-1.358352663, Accelerometer (raw), y,-0.266387939
164341, Attitude, Pitch,0.337198473, Accelerometer (raw), z,-0.846374512
164342, Attitude, Roll,0.005384758, Accelerometer (raw), x,0.000595093
164342, Attitude, Yaw,-1.371723878, Accelerometer (raw), y,-0.312484741
164342, Attitude, Pitch,0.329365163, Accelerometer (raw), z,-0.8384552
164342, Attitude, Roll,0.00468271, Accelerometer (raw), x,-0.021102905
164342, Attitude, Yaw,-1.37857243, Accelerometer (raw), y,-0.37663269
164342, Attitude, Pitch,0.318766404, Accelerometer (raw), z,-0.873458862
164342, Attitude, Roll,0.002029628, Accelerometer (raw), x,0.012176514
164342, Attitude, Yaw,-1.380208136, Accelerometer (raw), y,-0.438354492
164342, Attitude, Pitch,0.320788317, Accelerometer (raw), z,-0.937759399
164342, Attitude, Roll,0.001915151, Accelerometer (raw), x,-0.044296265
164342, Attitude, Yaw,-1.372609823, Accelerometer (raw), y,-0.432937622
164342, Attitude, Pitch,0.334794083, Accelerometer (raw), z,-1.014373779
164342, Attitude, Roll,0.010662024, Accelerometer (raw), x,0.051132202
164342, Attitude, Yaw,-1.362578844, Accelerometer (raw), y,-0.255630493
164342, Attitude, Pitch,0.363629038, Accelerometer (raw), z,-1.142105103
164342, Attitude, Roll,-0.008464466, Accelerometer (raw), x,-0.017990112
164342, Attitude, Yaw,-1.356512665, Accelerometer (raw), y,-0.247116089
164342, Attitude, Pitch,0.364609858, Accelerometer (raw), z,-0.936676025
164342, Attitude, Roll,-0.017142911, Accelerometer (raw), x,0.015274048
164342, Attitude, Yaw,-1.331817068, Accelerometer (raw), y,-0.200897217
164342, Attitude, Pitch,0.367142037, Accelerometer (raw), z,-0.908172607
164342, Attitude, Roll,-0.012594939, Accelerometer (raw), x,0.019668579
164342, Attitude, Yaw,-1.329742139, Accelerometer (raw), y,-0.283325195
164342, Attitude, Pitch,0.336448787, Accelerometer (raw), z,-0.837188721
164342, Attitude, Roll,-0.007281586, Accelerometer (raw), x,0.030288696
164342, Attitude, Yaw,-1.307467833, Accelerometer (raw), y,-0.354766846
164342, Attitude, Pitch,0.332323744, Accelerometer (raw), z,-0.860794067
164342, Attitude, Roll,-0.006318607, Accelerometer (raw), x,0.048065186
164342, Attitude, Yaw,-1.309068549, Accelerometer (raw), y,-0.480880737
164342, Attitude, Pitch,0.345807947, Accelerometer (raw), z,-0.913818359
164343, Attitude, Roll,-0.00829306, Accelerometer (raw), x,0.048782349
164343, Attitude, Yaw,-1.317493593, Accelerometer (raw), y,-0.498245239
164343, Attitude, Pitch,0.373986244, Accelerometer (raw), z,-0.979431152
164343, Attitude, Roll,-0.022630105, Accelerometer (raw), x,-0.069747925
164343, Attitude, Yaw,-1.316169772, Accelerometer (raw), y,-0.355789185
164343, Attitude, Pitch,0.409696851, Accelerometer (raw), z,-1.079879761
164343, Attitude, Roll,-0.023505028, Accelerometer (raw), x,-0.084228516
164343, Attitude, Yaw,-1.32831225, Accelerometer (raw), y,-0.176330566
164343, Attitude, Pitch,0.396969725, Accelerometer (raw), z,-0.928695679
164343, Attitude, Roll,-0.021665605, Accelerometer (raw), x,-0.075134277
164343, Attitude, Yaw,-1.335104339, Accelerometer (raw), y,-0.245681763
164343, Attitude, Pitch,0.40108734, Accelerometer (raw), z,-0.930557251
164343, Attitude, Roll,-0.016313847, Accelerometer (raw), x,-0.018386841
164343, Attitude, Yaw,-1.361438406, Accelerometer (raw), y,-0.300476074
164343, Attitude, Pitch,0.380940364, Accelerometer (raw), z,-0.824081421
164343, Attitude, Roll,-0.009398798, Accelerometer (raw), x,-0.05430603
164343, Attitude, Yaw,-1.376137316, Accelerometer (raw), y,-0.32522583
164343, Attitude, Pitch,0.370754554, Accelerometer (raw), z,-0.849090576
164343, Attitude, Roll,-0.008487987, Accelerometer (raw), x,-0.028717041
164343, Attitude, Yaw,-1.389436139, Accelerometer (raw), y,-0.423660278
164343, Attitude, Pitch,0.363710766, Accelerometer (raw), z,-0.854614258
164343, Attitude, Roll,-0.019999721, Accelerometer (raw), x,-0.057754517
164343, Attitude, Yaw,-1.377191275, Accelerometer (raw), y,-0.469268799
164343, Attitude, Pitch,0.376497942, Accelerometer (raw), z,-0.92401123
164343, Attitude, Roll,-0.015889311, Accelerometer (raw), x,0.004379272
164343, Attitude, Yaw,-1.362181016, Accelerometer (raw), y,-0.444747925
164343, Attitude, Pitch,0.400339193, Accelerometer (raw), z,-0.974319458
164343, Attitude, Roll,-0.027822798, Accelerometer (raw), x,-0.077590942
164343, Attitude, Yaw,-1.370601912, Accelerometer (raw), y,-0.145294189
164343, Attitude, Pitch,0.374828859, Accelerometer (raw), z,-1.093856812
164344, Attitude, Roll,-0.03216461, Accelerometer (raw), x,-0.008270264
164344, Attitude, Yaw,-1.348740574, Accelerometer (raw), y,-0.20223999
164344, Attitude, Pitch,0.382003615, Accelerometer (raw), z,-0.977340698
164344, Attitude, Roll,-0.039465453, Accelerometer (raw), x,-0.022232056
164344, Attitude, Yaw,-1.351076964, Accelerometer (raw), y,-0.193664551
164344, Attitude, Pitch,0.342356322, Accelerometer (raw), z,-0.902114868
164344, Attitude, Roll,-0.035057445, Accelerometer (raw), x,-0.008575439
164344, Attitude, Yaw,-1.334159397, Accelerometer (raw), y,-0.280548096
164344, Attitude, Pitch,0.335143778, Accelerometer (raw), z,-0.88772583
164344, Attitude, Roll,-0.036166861, Accelerometer (raw), x,-0.01083374
164344, Attitude, Yaw,-1.328813363, Accelerometer (raw), y,-0.322357178
164344, Attitude, Pitch,0.325841243, Accelerometer (raw), z,-0.888626099
164344, Attitude, Roll,-0.035870215, Accelerometer (raw), x,0.014846802
164344, Attitude, Yaw,-1.324893724, Accelerometer (raw), y,-0.456802368
164344, Attitude, Pitch,0.324932703, Accelerometer (raw), z,-0.914901733
164344, Attitude, Roll,-0.039164622, Accelerometer (raw), x,-0.032470703
164344, Attitude, Yaw,-1.321483783, Accelerometer (raw), y,-0.415679932
164344, Attitude, Pitch,0.342264222, Accelerometer (raw), z,-1.034362793
164344, Attitude, Roll,-0.0493142, Accelerometer (raw), x,-0.088760376
164344, Attitude, Yaw,-1.329917203, Accelerometer (raw), y,-0.272994995
164344, Attitude, Pitch,0.36915104, Accelerometer (raw), z,-1.048049927
164344, Attitude, Roll,-0.040887217, Accelerometer (raw), x,-0.026565552
164344, Attitude, Yaw,-1.335750245, Accelerometer (raw), y,-0.176895142
164344, Attitude, Pitch,0.35790208, Accelerometer (raw), z,-0.93788147
164344, Attitude, Roll,-0.049038203, Accelerometer (raw), x,-0.119277954
164344, Attitude, Yaw,-1.335751828, Accelerometer (raw), y,-0.231445313
164344, Attitude, Pitch,0.335238197, Accelerometer (raw), z,-0.972351074
164344, Attitude, Roll,-0.039378518, Accelerometer (raw), x,-0.091491699
164344, Attitude, Yaw,-1.349169739, Accelerometer (raw), y,-0.292831421
164344, Attitude, Pitch,0.31654309, Accelerometer (raw), z,-0.847793579
164344, Attitude, Roll,-0.039015976, Accelerometer (raw), x,-0.072128296
164344, Attitude, Yaw,-1.360347766, Accelerometer (raw), y,-0.294387817
164344, Attitude, Pitch,0.319392761, Accelerometer (raw), z,-0.846633911
164345, Attitude, Roll,-0.039377097, Accelerometer (raw), x,-0.03137207
164345, Attitude, Yaw,-1.376070429, Accelerometer (raw), y,-0.387512207
164345, Attitude, Pitch,0.316660597, Accelerometer (raw), z,-0.883163452
164345, Attitude, Roll,-0.034987804, Accelerometer (raw), x,-0.046691895
164345, Attitude, Yaw,-1.376262637, Accelerometer (raw), y,-0.458618164
164345, Attitude, Pitch,0.311425917, Accelerometer (raw), z,-0.977523804
164345, Attitude, Roll,-0.036448719, Accelerometer (raw), x,-0.005844116
164345, Attitude, Yaw,-1.36113504, Accelerometer (raw), y,-0.459869385
164345, Attitude, Pitch,0.332139658, Accelerometer (raw), z,-0.956008911
164345, Attitude, Roll,-0.025124596, Accelerometer (raw), x,-0.105300903
164345, Attitude, Yaw,-1.349976641, Accelerometer (raw), y,-0.166183472
164345, Attitude, Pitch,0.356760095, Accelerometer (raw), z,-1.244613647
164345, Attitude, Roll,-0.030345506, Accelerometer (raw), x,-0.005554199
164345, Attitude, Yaw,-1.327891326, Accelerometer (raw), y,-0.268829346
164345, Attitude, Pitch,0.375794263, Accelerometer (raw), z,-0.88961792
164345, Attitude, Roll,-0.033492979, Accelerometer (raw), x,-0.027252197
164345, Attitude, Yaw,-1.337577402, Accelerometer (raw), y,-0.184188843
164345, Attitude, Pitch,0.341753028, Accelerometer (raw), z,-0.939865112
164345, Attitude, Roll,-0.026298747, Accelerometer (raw), x,0.022674561
164345, Attitude, Yaw,-1.333419326, Accelerometer (raw), y,-0.282180786
164345, Attitude, Pitch,0.325830344, Accelerometer (raw), z,-0.812957764
164345, Attitude, Roll,-0.028987855, Accelerometer (raw), x,0.00869751
164345, Attitude, Yaw,-1.317489671, Accelerometer (raw), y,-0.361526489
164345, Attitude, Pitch,0.320341476, Accelerometer (raw), z,-0.875778198
164345, Attitude, Roll,-0.029171108, Accelerometer (raw), x,0.102035522
164345, Attitude, Yaw,-1.30663041, Accelerometer (raw), y,-0.522338867
164345, Attitude, Pitch,0.334280804, Accelerometer (raw), z,-0.933700562
164345, Attitude, Roll,-0.027397739, Accelerometer (raw), x,-0.07472229
164345, Attitude, Yaw,-1.294928151, Accelerometer (raw), y,-0.398193359
164345, Attitude, Pitch,0.364286999, Accelerometer (raw), z,-1.113632202
164346, Attitude, Roll,-0.025271787, Accelerometer (raw), x,-0.10218811
164346, Attitude, Yaw,-1.29692356, Accelerometer (raw), y,-0.212875366
164346, Attitude, Pitch,0.394281354, Accelerometer (raw), z,-0.985046387
164346, Attitude, Roll,-0.020663682, Accelerometer (raw), x,-0.116531372
164346, Attitude, Yaw,-1.299246502, Accelerometer (raw), y,-0.234039307
164346, Attitude, Pitch,0.397097942, Accelerometer (raw), z,-0.910461426
164346, Attitude, Roll,-0.021057367, Accelerometer (raw), x,-0.04486084
164346, Attitude, Yaw,-1.306002884, Accelerometer (raw), y,-0.21421814
164346, Attitude, Pitch,0.384654998, Accelerometer (raw), z,-0.878616333
164346, Attitude, Roll,-0.012700816, Accelerometer (raw), x,-0.036880493
164346, Attitude, Yaw,-1.344936156, Accelerometer (raw), y,-0.309051514
164346, Attitude, Pitch,0.337482402, Accelerometer (raw), z,-0.82762146
164346, Attitude, Roll,-0.017441561, Accelerometer (raw), x,-0.043914795
164346, Attitude, Yaw,-1.352263802, Accelerometer (raw), y,-0.304748535
164346, Attitude, Pitch,0.32969638, Accelerometer (raw), z,-0.847518921
164346, Attitude, Roll,-0.027082041, Accelerometer (raw), x,-0.034606934
164346, Attitude, Yaw,-1.347688939, Accelerometer (raw), y,-0.425048828
164346, Attitude, Pitch,0.333378064, Accelerometer (raw), z,-0.890060425
164346, Attitude, Roll,-0.039111027, Accelerometer (raw), x,-0.09437561
164346, Attitude, Yaw,-1.342286582, Accelerometer (raw), y,-0.417816162
164346, Attitude, Pitch,0.336907209, Accelerometer (raw), z,-1.002075195
164346, Attitude, Roll,-0.038541453, Accelerometer (raw), x,-0.019287109
164346, Attitude, Yaw,-1.337404109, Accelerometer (raw), y,-0.378112793
164346, Attitude, Pitch,0.353464276, Accelerometer (raw), z,-1.093917847
164346, Attitude, Roll,-0.035482148, Accelerometer (raw), x,-0.017974854
164346, Attitude, Yaw,-1.349053188, Accelerometer (raw), y,-0.150848389
164346, Attitude, Pitch,0.343381277, Accelerometer (raw), z,-0.980545044
164346, Attitude, Roll,-0.033840073, Accelerometer (raw), x,-0.011749268
164346, Attitude, Yaw,-1.321273414, Accelerometer (raw), y,-0.238067627
164346, Attitude, Pitch,0.373927338, Accelerometer (raw), z,-0.963745117
164347, Attitude, Roll,-0.047263681, Accelerometer (raw), x,-0.046005249
164347, Attitude, Yaw,-1.319894005, Accelerometer (raw), y,-0.245315552
164347, Attitude, Pitch,0.34347588, Accelerometer (raw), z,-0.88710022
164347, Attitude, Roll,-0.050639899, Accelerometer (raw), x,0.015060425
164347, Attitude, Yaw,-1.306252484, Accelerometer (raw), y,-0.270736694
164347, Attitude, Pitch,0.33231728, Accelerometer (raw), z,-0.8618927
164347, Attitude, Roll,-0.044287132, Accelerometer (raw), x,0.000747681
164347, Attitude, Yaw,-1.300465503, Accelerometer (raw), y,-0.369338989
164347, Attitude, Pitch,0.326804156, Accelerometer (raw), z,-0.877853394
164347, Attitude, Roll,-0.04416857, Accelerometer (raw), x,-0.004211426
164347, Attitude, Yaw,-1.290440185, Accelerometer (raw), y,-0.500137329
164347, Attitude, Pitch,0.343236227, Accelerometer (raw), z,-0.955703735
164347, Attitude, Roll,-0.048452719, Accelerometer (raw), x,-0.050643921
164347, Attitude, Yaw,-1.293338572, Accelerometer (raw), y,-0.390808105
164347, Attitude, Pitch,0.362627998, Accelerometer (raw), z,-1.030441284
164347, Attitude, Roll,-0.042033438, Accelerometer (raw), x,-0.119796753
164347, Attitude, Yaw,-1.30844088, Accelerometer (raw), y,-0.155380249
164347, Attitude, Pitch,0.358464519, Accelerometer (raw), z,-1.061462402
164347, Attitude, Roll,-0.030622583, Accelerometer (raw), x,-0.12612915
164347, Attitude, Yaw,-1.325303343, Accelerometer (raw), y,-0.1875
164347, Attitude, Pitch,0.332925342, Accelerometer (raw), z,-0.952056885
164347, Attitude, Roll,-0.041936603, Accelerometer (raw), x,-0.063964844
164347, Attitude, Yaw,-1.341549383, Accelerometer (raw), y,-0.232727051
164347, Attitude, Pitch,0.320518252, Accelerometer (raw), z,-0.889923096
164347, Attitude, Roll,-0.049000033, Accelerometer (raw), x,-0.024200439
164347, Attitude, Yaw,-1.356866076, Accelerometer (raw), y,-0.292572021
164347, Attitude, Pitch,0.313933814, Accelerometer (raw), z,-0.811599731
164347, Attitude, Roll,-0.05347679, Accelerometer (raw), x,-0.072677612
164347, Attitude, Yaw,-1.368030886, Accelerometer (raw), y,-0.354904175
164347, Attitude, Pitch,0.317121005, Accelerometer (raw), z,-0.863021851
164348, Attitude, Roll,-0.055802627, Accelerometer (raw), x,-0.072784424
164348, Attitude, Yaw,-1.365765868, Accelerometer (raw), y,-0.410614014
164348, Attitude, Pitch,0.318147503, Accelerometer (raw), z,-0.91027832
164348, Attitude, Roll,-0.0548035, Accelerometer (raw), x,-0.102676392
164348, Attitude, Yaw,-1.34698291, Accelerometer (raw), y,-0.379196167
164348, Attitude, Pitch,0.343004223, Accelerometer (raw), z,-0.975769043
164348, Attitude, Roll,-0.04190229, Accelerometer (raw), x,-0.074905396
164348, Attitude, Yaw,-1.347793267, Accelerometer (raw), y,-0.234558105
164348, Attitude, Pitch,0.336910844, Accelerometer (raw), z,-1.220291138
164348, Attitude, Roll,-0.038270129, Accelerometer (raw), x,-0.018920898
164348, Attitude, Yaw,-1.341535312, Accelerometer (raw), y,-0.159393311
164348, Attitude, Pitch,0.329073004, Accelerometer (raw), z,-1.012405396
164348, Attitude, Roll,-0.041644538, Accelerometer (raw), x,-0.019561768
164348, Attitude, Yaw,-1.325635541, Accelerometer (raw), y,-0.211181641
164348, Attitude, Pitch,0.309061171, Accelerometer (raw), z,-0.879684448
164348, Attitude, Roll,-0.042053645, Accelerometer (raw), x,-0.06262207
164348, Attitude, Yaw,-1.302593142, Accelerometer (raw), y,-0.288635254
164348, Attitude, Pitch,0.304219473, Accelerometer (raw), z,-0.867324829
164348, Attitude, Roll,-0.044320903, Accelerometer (raw), x,-0.004669189
164348, Attitude, Yaw,-1.294123849, Accelerometer (raw), y,-0.318618774
164348, Attitude, Pitch,0.303383973, Accelerometer (raw), z,-0.872787476
164348, Attitude, Roll,-0.042970235, Accelerometer (raw), x,0.001647949
164348, Attitude, Yaw,-1.293728101, Accelerometer (raw), y,-0.448440552
164348, Attitude, Pitch,0.309481164, Accelerometer (raw), z,-0.900588989
164348, Attitude, Roll,-0.043082205, Accelerometer (raw), x,-0.051834106
164348, Attitude, Yaw,-1.28977213, Accelerometer (raw), y,-0.418563843
164348, Attitude, Pitch,0.335976001, Accelerometer (raw), z,-1.019302368
164348, Attitude, Roll,-0.045416662, Accelerometer (raw), x,-0.049911499
164348, Attitude, Yaw,-1.299843912, Accelerometer (raw), y,-0.302459717
164348, Attitude, Pitch,0.36639434, Accelerometer (raw), z,-1.008255005
164349, Attitude, Roll,-0.041435097, Accelerometer (raw), x,-0.071792603
164349, Attitude, Yaw,-1.31857244, Accelerometer (raw), y,-0.162338257
164349, Attitude, Pitch,0.335637618, Accelerometer (raw), z,-1.003555298
164349, Attitude, Roll,-0.054676756, Accelerometer (raw), x,-0.095443726
164349, Attitude, Yaw,-1.32608027, Accelerometer (raw), y,-0.199508667
164349, Attitude, Pitch,0.330730248, Accelerometer (raw), z,-1.001968384
164349, Attitude, Roll,-0.049431876, Accelerometer (raw), x,-0.064971924
164349, Attitude, Yaw,-1.342151499, Accelerometer (raw), y,-0.296813965
164349, Attitude, Pitch,0.324253052, Accelerometer (raw), z,-0.830291748
164349, Attitude, Roll,-0.04337718, Accelerometer (raw), x,-0.083724976
164349, Attitude, Yaw,-1.349362679, Accelerometer (raw), y,-0.284667969
164349, Attitude, Pitch,0.340365526, Accelerometer (raw), z,-0.830581665
164349, Attitude, Roll,-0.041097068, Accelerometer (raw), x,-0.070648193
164349, Attitude, Yaw,-1.350153878, Accelerometer (raw), y,-0.411529541
164349, Attitude, Pitch,0.354810966, Accelerometer (raw), z,-0.837417603
164349, Attitude, Roll,-0.050095609, Accelerometer (raw), x,-0.065231323
164349, Attitude, Yaw,-1.343934916, Accelerometer (raw), y,-0.475189209
164349, Attitude, Pitch,0.36654056, Accelerometer (raw), z,-0.894485474
164349, Attitude, Roll,-0.049801036, Accelerometer (raw), x,-0.052719116
164349, Attitude, Yaw,-1.336112746, Accelerometer (raw), y,-0.436386108
164349, Attitude, Pitch,0.384005746, Accelerometer (raw), z,-0.972442627
164349, Attitude, Roll,-0.050307007, Accelerometer (raw), x,-0.079498291
164349, Attitude, Yaw,-1.324833663, Accelerometer (raw), y,-0.249404907
164349, Attitude, Pitch,0.397600192, Accelerometer (raw), z,-1.135696411
164349, Attitude, Roll,-0.059196955, Accelerometer (raw), x,0.024703979
164349, Attitude, Yaw,-1.324030897, Accelerometer (raw), y,-0.20602417
164349, Attitude, Pitch,0.397464081, Accelerometer (raw), z,-0.947570801
164350, Attitude, Roll,-0.057359714, Accelerometer (raw), x,-0.049438477
164350, Attitude, Yaw,-1.296961165, Accelerometer (raw), y,-0.240509033
164350, Attitude, Pitch,0.355061035, Accelerometer (raw), z,-0.854232788
164350, Attitude, Roll,-0.062912704, Accelerometer (raw), x,-0.034194946
164350, Attitude, Yaw,-1.277518136, Accelerometer (raw), y,-0.317596436
164350, Attitude, Pitch,0.334769108, Accelerometer (raw), z,-0.872467041
164350, Attitude, Roll,-0.059730623, Accelerometer (raw), x,-0.046417236
164350, Attitude, Yaw,-1.269867369, Accelerometer (raw), y,-0.328170776
164350, Attitude, Pitch,0.320522797, Accelerometer (raw), z,-0.905395508
164350, Attitude, Roll,-0.048976942, Accelerometer (raw), x,-0.038497925
164350, Attitude, Yaw,-1.266892327, Accelerometer (raw), y,-0.428390503
164350, Attitude, Pitch,0.32176682, Accelerometer (raw), z,-0.871414185
164350, Attitude, Roll,-0.049256815, Accelerometer (raw), x,-0.022827148
164350, Attitude, Yaw,-1.274206669, Accelerometer (raw), y,-0.471496582
164350, Attitude, Pitch,0.342937275, Accelerometer (raw), z,-1.004165649
164350, Attitude, Roll,-0.05105755, Accelerometer (raw), x,-0.009399414
164350, Attitude, Yaw,-1.295358036, Accelerometer (raw), y,-0.339599609
164350, Attitude, Pitch,0.368795121, Accelerometer (raw), z,-1.053970337
164350, Attitude, Roll,-0.055064407, Accelerometer (raw), x,-0.110595703
164350, Attitude, Yaw,-1.31288342, Accelerometer (raw), y,-0.131286621
164350, Attitude, Pitch,0.36307066, Accelerometer (raw), z,-0.981079102
164350, Attitude, Roll,-0.04483671, Accelerometer (raw), x,-0.119857788
164350, Attitude, Yaw,-1.319907023, Accelerometer (raw), y,-0.208084106
164350, Attitude, Pitch,0.353329549, Accelerometer (raw), z,-0.952453613
164350, Attitude, Roll,-0.060497135, Accelerometer (raw), x,-0.086761475
164350, Attitude, Yaw,-1.336069229, Accelerometer (raw), y,-0.239898682
164350, Attitude, Pitch,0.346205286, Accelerometer (raw), z,-0.924911499
164350, Attitude, Roll,-0.065029944, Accelerometer (raw), x,-0.059616089
164350, Attitude, Yaw,-1.360716369, Accelerometer (raw), y,-0.31489563
164350, Attitude, Pitch,0.330049025, Accelerometer (raw), z,-0.83354187
164351, Attitude, Roll,-0.054853442, Accelerometer (raw), x,-0.062805176
164351, Attitude, Yaw,-1.3624956, Accelerometer (raw), y,-0.378326416
164351, Attitude, Pitch,0.334571039, Accelerometer (raw), z,-0.806777954
164351, Attitude, Roll,-0.053096742, Accelerometer (raw), x,-0.102416992
164351, Attitude, Yaw,-1.354257666, Accelerometer (raw), y,-0.45111084
164351, Attitude, Pitch,0.334117658, Accelerometer (raw), z,-0.926086426
164351, Attitude, Roll,-0.0697904, Accelerometer (raw), x,-0.087463379
164351, Attitude, Yaw,-1.341616789, Accelerometer (raw), y,-0.436569214
164351, Attitude, Pitch,0.34710335, Accelerometer (raw), z,-1.003585815
164351, Attitude, Roll,-0.062214655, Accelerometer (raw), x,-0.086257935
164351, Attitude, Yaw,-1.334347995, Accelerometer (raw), y,-0.216781616
164351, Attitude, Pitch,0.371408855, Accelerometer (raw), z,-1.131439209
164351, Attitude, Roll,-0.071187102, Accelerometer (raw), x,-0.027084351
164351, Attitude, Yaw,-1.324297761, Accelerometer (raw), y,-0.234680176
164351, Attitude, Pitch,0.386197186, Accelerometer (raw), z,-0.952896118
164351, Attitude, Roll,-0.072608814, Accelerometer (raw), x,-0.023620605
164351, Attitude, Yaw,-1.313096996, Accelerometer (raw), y,-0.245864868
164351, Attitude, Pitch,0.380560191, Accelerometer (raw), z,-0.919021606
164351, Attitude, Roll,-0.058682969, Accelerometer (raw), x,-0.042617798
164351, Attitude, Yaw,-1.309726661, Accelerometer (raw), y,-0.331161499
164351, Attitude, Pitch,0.351154793, Accelerometer (raw), z,-0.820449829
164351, Attitude, Roll,-0.061806298, Accelerometer (raw), x,-0.022094727
164351, Attitude, Yaw,-1.289385345, Accelerometer (raw), y,-0.317474365
164351, Attitude, Pitch,0.347709495, Accelerometer (raw), z,-0.86958313
164351, Attitude, Roll,-0.056782285, Accelerometer (raw), x,-0.006729126
164351, Attitude, Yaw,-1.274991242, Accelerometer (raw), y,-0.451889038
164351, Attitude, Pitch,0.355917471, Accelerometer (raw), z,-0.889312744
164351, Attitude, Roll,-0.057091292, Accelerometer (raw), x,-0.071517944
164351, Attitude, Yaw,-1.269760424, Accelerometer (raw), y,-0.472961426
164351, Attitude, Pitch,0.377304464, Accelerometer (raw), z,-1.051834106
164352, Attitude, Roll,-0.046208807, Accelerometer (raw), x,-0.061889648
164352, Attitude, Yaw,-1.277083623, Accelerometer (raw), y,-0.385314941
164352, Attitude, Pitch,0.405560524, Accelerometer (raw), z,-1.005447388
164352, Attitude, Roll,-0.039049099, Accelerometer (raw), x,-0.091583252
164352, Attitude, Yaw,-1.27448669, Accelerometer (raw), y,-0.228042603
164352, Attitude, Pitch,0.397394486, Accelerometer (raw), z,-0.956787109
164352, Attitude, Roll,-0.035326956, Accelerometer (raw), x,-0.13734436
164352, Attitude, Yaw,-1.265732892, Accelerometer (raw), y,-0.229324341
164352, Attitude, Pitch,0.387190954, Accelerometer (raw), z,-0.946975708
164352, Attitude, Roll,-0.042079732, Accelerometer (raw), x,-0.060821533
164352, Attitude, Yaw,-1.29231987, Accelerometer (raw), y,-0.26763916
164352, Attitude, Pitch,0.360079224, Accelerometer (raw), z,-0.914260864
164352, Attitude, Roll,-0.039866765, Accelerometer (raw), x,-0.073516846
164352, Attitude, Yaw,-1.308096604, Accelerometer (raw), y,-0.377349854
164352, Attitude, Pitch,0.339798522, Accelerometer (raw), z,-0.837615967
164352, Attitude, Roll,-0.04650412, Accelerometer (raw), x,-0.057327271
164352, Attitude, Yaw,-1.325836438, Accelerometer (raw), y,-0.381698608
164352, Attitude, Pitch,0.34813439, Accelerometer (raw), z,-0.852813721
164352, Attitude, Roll,-0.047961889, Accelerometer (raw), x,-0.02104187
164352, Attitude, Yaw,-1.345229195, Accelerometer (raw), y,-0.443527222
164352, Attitude, Pitch,0.353803911, Accelerometer (raw), z,-0.863861084
164352, Attitude, Roll,-0.052693239, Accelerometer (raw), x,-0.105697632
164352, Attitude, Yaw,-1.341736395, Accelerometer (raw), y,-0.418258667
164352, Attitude, Pitch,0.38684973, Accelerometer (raw), z,-0.972549438
164352, Attitude, Roll,-0.042074305, Accelerometer (raw), x,0.052780151
164352, Attitude, Yaw,-1.326709133, Accelerometer (raw), y,-0.394271851
164352, Attitude, Pitch,0.406213605, Accelerometer (raw), z,-1.01739502
164352, Attitude, Roll,-0.05719593, Accelerometer (raw), x,-0.023956299
164352, Attitude, Yaw,-1.311391207, Accelerometer (raw), y,-0.215148926
164352, Attitude, Pitch,0.394297615, Accelerometer (raw), z,-1.080886841
164353, Attitude, Roll,-0.059410755, Accelerometer (raw), x,-0.020645142
164353, Attitude, Yaw,-1.290736826, Accelerometer (raw), y,-0.266540527
164353, Attitude, Pitch,0.366907555, Accelerometer (raw), z,-0.880218506
164353, Attitude, Roll,-0.06115023, Accelerometer (raw), x,-0.014572144
164353, Attitude, Yaw,-1.282430271, Accelerometer (raw), y,-0.271575928
164353, Attitude, Pitch,0.35246988, Accelerometer (raw), z,-0.874526978
164353, Attitude, Roll,-0.079614936, Accelerometer (raw), x,-0.046569824
164353, Attitude, Yaw,-1.274345229, Accelerometer (raw), y,-0.27772522
164353, Attitude, Pitch,0.339323829, Accelerometer (raw), z,-0.933837891
164353, Attitude, Roll,-0.083571623, Accelerometer (raw), x,-0.044494629
164353, Attitude, Yaw,-1.278223162, Accelerometer (raw), y,-0.339904785
164353, Attitude, Pitch,0.328744802, Accelerometer (raw), z,-0.869750977
164353, Attitude, Roll,-0.087168979, Accelerometer (raw), x,-0.050033569
164353, Attitude, Yaw,-1.286579437, Accelerometer (raw), y,-0.420852661
164353, Attitude, Pitch,0.325294102, Accelerometer (raw), z,-0.916137695
164353, Attitude, Roll,-0.098555547, Accelerometer (raw), x,-0.049057007
164353, Attitude, Yaw,-1.292827356, Accelerometer (raw), y,-0.44732666
164353, Attitude, Pitch,0.33398854, Accelerometer (raw), z,-0.917572021
164353, Attitude, Roll,-0.102070435, Accelerometer (raw), x,-0.073165894
164353, Attitude, Yaw,-1.317154399, Accelerometer (raw), y,-0.482833862
164353, Attitude, Pitch,0.404960847, Accelerometer (raw), z,-0.967453003
164353, Attitude, Roll,-0.097838192, Accelerometer (raw), x,-0.142791748
164353, Attitude, Yaw,-1.353303424, Accelerometer (raw), y,-0.197067261
164353, Attitude, Pitch,0.427100982, Accelerometer (raw), z,-1.158279419
164353, Attitude, Roll,-0.060224093, Accelerometer (raw), x,-0.039535522
164353, Attitude, Yaw,-1.352264369, Accelerometer (raw), y,-0.266540527
164353, Attitude, Pitch,0.429742093, Accelerometer (raw), z,-0.890655518
164353, Attitude, Roll,-0.044071371, Accelerometer (raw), x,-0.096740723
164353, Attitude, Yaw,-1.346384881, Accelerometer (raw), y,-0.237838745
164353, Attitude, Pitch,0.431680887, Accelerometer (raw), z,-0.86920166
164354, Attitude, Roll,-0.02947803, Accelerometer (raw), x,-0.074920654
164354, Attitude, Yaw,-1.347721277, Accelerometer (raw), y,-0.274047852
164354, Attitude, Pitch,0.419184275, Accelerometer (raw), z,-0.87727356
164354, Attitude, Roll,-0.036545755, Accelerometer (raw), x,-0.062301636
164354, Attitude, Yaw,-1.344898056, Accelerometer (raw), y,-0.281280518
164354, Attitude, Pitch,0.387899519, Accelerometer (raw), z,-0.950195313
164354, Attitude, Roll,-0.041866589, Accelerometer (raw), x,-0.033370972
164354, Attitude, Yaw,-1.340580343, Accelerometer (raw), y,-0.310394287
164354, Attitude, Pitch,0.363543896, Accelerometer (raw), z,-0.963180542
164354, Attitude, Roll,-0.044858255, Accelerometer (raw), x,0.003265381
164354, Attitude, Yaw,-1.323315418, Accelerometer (raw), y,-0.280700684
164354, Attitude, Pitch,0.350587174, Accelerometer (raw), z,-0.950485229
164354, Attitude, Roll,-0.074988949, Accelerometer (raw), x,-0.112930298
164354, Attitude, Yaw,-1.285277257, Accelerometer (raw), y,-0.270126343
164354, Attitude, Pitch,0.341996067, Accelerometer (raw), z,-0.914871216
164354, Attitude, Roll,-0.120913473, Accelerometer (raw), x,-0.10295105
164354, Attitude, Yaw,-1.24893194, Accelerometer (raw), y,-0.243637085
164354, Attitude, Pitch,0.298872023, Accelerometer (raw), z,-0.87600708
164354, Attitude, Roll,-0.113603068, Accelerometer (raw), x,-0.090194702
164354, Attitude, Yaw,-1.253811768, Accelerometer (raw), y,-0.256164551
164354, Attitude, Pitch,0.247576662, Accelerometer (raw), z,-0.977630615
164354, Attitude, Roll,-0.110557638, Accelerometer (raw), x,-0.125167847
164354, Attitude, Yaw,-1.25210842, Accelerometer (raw), y,-0.253433228
164354, Attitude, Pitch,0.234599537, Accelerometer (raw), z,-1.004608154
164354, Attitude, Roll,-0.095135269, Accelerometer (raw), x,-0.125198364
164354, Attitude, Yaw,-1.251388264, Accelerometer (raw), y,-0.226898193
164354, Attitude, Pitch,0.236143927, Accelerometer (raw), z,-1.000030518
164354, Attitude, Roll,-0.084872543, Accelerometer (raw), x,-0.068084717
164354, Attitude, Yaw,-1.25362438, Accelerometer (raw), y,-0.260650635
164354, Attitude, Pitch,0.241338073, Accelerometer (raw), z,-0.960922241
164355, Attitude, Roll,-0.073373708, Accelerometer (raw), x,-0.057800293
164355, Attitude, Yaw,-1.270414752, Accelerometer (raw), y,-0.238372803
164355, Attitude, Pitch,0.24186763, Accelerometer (raw), z,-0.950073242
164355, Attitude, Roll,-0.068060296, Accelerometer (raw), x,-0.045333862
164355, Attitude, Yaw,-1.284062923, Accelerometer (raw), y,-0.262542725
164355, Attitude, Pitch,0.241174235, Accelerometer (raw), z,-0.943603516
164355, Attitude, Roll,-0.063462042, Accelerometer (raw), x,-0.033905029
164355, Attitude, Yaw,-1.289770177, Accelerometer (raw), y,-0.246948242
164355, Attitude, Pitch,0.248043596, Accelerometer (raw), z,-0.927215576
164355, Attitude, Roll,-0.057438181, Accelerometer (raw), x,-0.059051514
164355, Attitude, Yaw,-1.295578914, Accelerometer (raw), y,-0.231460571
164355, Attitude, Pitch,0.251440161, Accelerometer (raw), z,-0.97177124
164355, Attitude, Roll,-0.054586611, Accelerometer (raw), x,-0.054367065
164355, Attitude, Yaw,-1.305541938, Accelerometer (raw), y,-0.249084473
164355, Attitude, Pitch,0.246618937, Accelerometer (raw), z,-0.957336426
164355, Attitude, Roll,-0.053567209, Accelerometer (raw), x,-0.053894043
164355, Attitude, Yaw,-1.309333087, Accelerometer (raw), y,-0.255432129
164355, Attitude, Pitch,0.248211198, Accelerometer (raw), z,-0.962188721
164355, Attitude, Roll,-0.050364606, Accelerometer (raw), x,-0.035919189
164355, Attitude, Yaw,-1.315543891, Accelerometer (raw), y,-0.242889404
164355, Attitude, Pitch,0.250081015, Accelerometer (raw), z,-0.957458496
164355, Attitude, Roll,-0.045519561, Accelerometer (raw), x,-0.046783447
164355, Attitude, Yaw,-1.318536501, Accelerometer (raw), y,-0.244308472
164355, Attitude, Pitch,0.249528962, Accelerometer (raw), z,-0.952423096
164355, Attitude, Roll,-0.043697442, Accelerometer (raw), x,-0.044830322
164355, Attitude, Yaw,-1.316523868, Accelerometer (raw), y,-0.249023438
164355, Attitude, Pitch,0.248881685, Accelerometer (raw), z,-0.948471069
164355, Attitude, Roll,-0.043004782, Accelerometer (raw), x,-0.055465698
164355, Attitude, Yaw,-1.317284036, Accelerometer (raw), y,-0.231689453
164355, Attitude, Pitch,0.249349688, Accelerometer (raw), z,-0.975494385
164356, Attitude, Roll,-0.043536651, Accelerometer (raw), x,-0.04473877
164356, Attitude, Yaw,-1.318051118, Accelerometer (raw), y,-0.234954834
164356, Attitude, Pitch,0.248652925, Accelerometer (raw), z,-0.948989868
164356, Attitude, Roll,-0.044615482, Accelerometer (raw), x,-0.049316406
164356, Attitude, Yaw,-1.320298357, Accelerometer (raw), y,-0.232055664
164356, Attitude, Pitch,0.250527106, Accelerometer (raw), z,-0.972488403
164356, Attitude, Roll,-0.044966982, Accelerometer (raw), x,-0.0440979
164356, Attitude, Yaw,-1.322996589, Accelerometer (raw), y,-0.243362427
164356, Attitude, Pitch,0.249179936, Accelerometer (raw), z,-0.960784912
164356, Attitude, Roll,-0.042542133, Accelerometer (raw), x,-0.042922974
164356, Attitude, Yaw,-1.324029352, Accelerometer (raw), y,-0.25592041
164356, Attitude, Pitch,0.248949206, Accelerometer (raw), z,-0.951782227
164356, Attitude, Roll,-0.031554298, Accelerometer (raw), x,-0.029205322
164356, Attitude, Yaw,-1.32411515, Accelerometer (raw), y,-0.242294312
164356, Attitude, Pitch,0.249150643, Accelerometer (raw), z,-0.943832397
164356, Attitude, Roll,0.005925887, Accelerometer (raw), x,-0.023925781
164356, Attitude, Yaw,-1.322381635, Accelerometer (raw), y,-0.299667358
164356, Attitude, Pitch,0.306481345, Accelerometer (raw), z,-0.85887146
164356, Attitude, Roll,0.095170135, Accelerometer (raw), x,0.100494385
164356, Attitude, Yaw,-1.336609861, Accelerometer (raw), y,-0.489120483
164356, Attitude, Pitch,0.407874637, Accelerometer (raw), z,-0.885116577
164356, Attitude, Roll,0.266816997, Accelerometer (raw), x,0.311126709
164356, Attitude, Yaw,-1.395386347, Accelerometer (raw), y,-0.448226929
164356, Attitude, Pitch,0.351846733, Accelerometer (raw), z,-0.922042847
164356, Attitude, Roll,0.265461929, Accelerometer (raw), x,0.241546631
164356, Attitude, Yaw,-1.415551198, Accelerometer (raw), y,-0.358108521
164356, Attitude, Pitch,0.389715674, Accelerometer (raw), z,-0.904800415
164356, Attitude, Roll,0.237524195, Accelerometer (raw), x,0.22177124
164356, Attitude, Yaw,-1.396431437, Accelerometer (raw), y,-0.407119751
164356, Attitude, Pitch,0.409577542, Accelerometer (raw), z,-0.883804321
164357, Attitude, Roll,0.20510795, Accelerometer (raw), x,0.151626587
164357, Attitude, Yaw,-1.367422364, Accelerometer (raw), y,-0.436264038
164357, Attitude, Pitch,0.417476175, Accelerometer (raw), z,-0.876785278
164357, Attitude, Roll,0.18356215, Accelerometer (raw), x,0.149978638
164357, Attitude, Yaw,-1.351280984, Accelerometer (raw), y,-0.430648804
164357, Attitude, Pitch,0.42870368, Accelerometer (raw), z,-0.897064209
164357, Attitude, Roll,0.166926922, Accelerometer (raw), x,0.144607544
164357, Attitude, Yaw,-1.346491329, Accelerometer (raw), y,-0.436309814
164357, Attitude, Pitch,0.451442365, Accelerometer (raw), z,-0.873382568
