163951, Attitude, Roll,0.10944391, Accelerometer (raw), x,0.086654663
163951, Attitude, Yaw,0.677120819, Accelerometer (raw), y,-0.224838257
163951, Attitude, Pitch,0.256038431, Accelerometer (raw), z,-0.926010132
163951, Attitude, Roll,0.11916511, Accelerometer (raw), x,0.103622437
163951, Attitude, Yaw,0.675171227, Accelerometer (raw), y,-0.180450439
163951, Attitude, Pitch,0.194551612, Accelerometer (raw), z,-0.845230103
163951, Attitude, Roll,0.088527243, Accelerometer (raw), x,0.148529053
163951, Attitude, Yaw,0.678631965, Accelerometer (raw), y,-0.058197021
163951, Attitude, Pitch,0.085933676, Accelerometer (raw), z,-0.972076416
164051, Attitude, Roll,0.052793262, Accelerometer (raw), x,-0.024414063
164051, Attitude, Yaw,0.665700241, Accelerometer (raw), y,-0.022277832
164051, Attitude, Pitch,0.038688818, Accelerometer (raw), z,-1.031341553
164051, Attitude, Roll,0.036540034, Accelerometer (raw), x,0.019683838
164051, Attitude, Yaw,0.649599102, Accelerometer (raw), y,-0.008880615
164051, Attitude, Pitch,0.092237656, Accelerometer (raw), z,-0.956985474
164051, Attitude, Roll,0.025020535, Accelerometer (raw), x,0.059158325
164051, Attitude, Yaw,0.667117904, Accelerometer (raw), y,-0.236312866
164051, Attitude, Pitch,0.205247081, Accelerometer (raw), z,-0.930084229
164051, Attitude, Roll,0.079624769, Accelerometer (raw), x,0.059448242
164051, Attitude, Yaw,0.707456056, Accelerometer (raw), y,-0.225753784
164051, Attitude, Pitch,0.200554583, Accelerometer (raw), z,-0.980041504
164051, Attitude, Roll,0.088284295, Accelerometer (raw), x,0.106262207
164051, Attitude, Yaw,0.700813463, Accelerometer (raw), y,-0.194824219
164051, Attitude, Pitch,0.214401756, Accelerometer (raw), z,-0.955505371
164051, Attitude, Roll,0.089409898, Accelerometer (raw), x,0.095092773
164051, Attitude, Yaw,0.692156781, Accelerometer (raw), y,-0.215560913
164051, Attitude, Pitch,0.216384486, Accelerometer (raw), z,-0.947570801
164051, Attitude, Roll,0.094476917, Accelerometer (raw), x,0.110153198
164051, Attitude, Yaw,0.695263364, Accelerometer (raw), y,-0.204696655
164051, Attitude, Pitch,0.203716464, Accelerometer (raw), z,-0.950378418
164051, Attitude, Roll,0.091854948, Accelerometer (raw), x,0.097381592
164051, Attitude, Yaw,0.696467071, Accelerometer (raw), y,-0.196182251
164051, Attitude, Pitch,0.201406594, Accelerometer (raw), z,-0.977432251
164051, Attitude, Roll,0.087572764, Accelerometer (raw), x,0.082946777
164051, Attitude, Yaw,0.698561065, Accelerometer (raw), y,-0.205963135
164051, Attitude, Pitch,0.204509299, Accelerometer (raw), z,-0.97416687
164051, Attitude, Roll,0.089614112, Accelerometer (raw), x,0.09236145
164051, Attitude, Yaw,0.696207982, Accelerometer (raw), y,-0.197570801
164051, Attitude, Pitch,0.208649204, Accelerometer (raw), z,-0.958816528
164151, Attitude, Roll,0.089727711, Accelerometer (raw), x,0.083084106
164151, Attitude, Yaw,0.697757451, Accelerometer (raw), y,-0.207946777
164151, Attitude, Pitch,0.205288913, Accelerometer (raw), z,-0.955810547
164151, Attitude, Roll,0.088996844, Accelerometer (raw), x,0.092010498
164151, Attitude, Yaw,0.696174098, Accelerometer (raw), y,-0.194900513
164151, Attitude, Pitch,0.202115593, Accelerometer (raw), z,-0.95803833
164151, Attitude, Roll,0.089592796, Accelerometer (raw), x,0.094528198
164151, Attitude, Yaw,0.696481353, Accelerometer (raw), y,-0.182022095
164151, Attitude, Pitch,0.199164477, Accelerometer (raw), z,-0.971496582
164151, Attitude, Roll,0.088931062, Accelerometer (raw), x,0.084991455
164151, Attitude, Yaw,0.693835223, Accelerometer (raw), y,-0.18157959
164151, Attitude, Pitch,0.194549646, Accelerometer (raw), z,-0.982635498
164151, Attitude, Roll,0.091085958, Accelerometer (raw), x,0.074371338
164151, Attitude, Yaw,0.695038565, Accelerometer (raw), y,-0.18989563
164151, Attitude, Pitch,0.191051952, Accelerometer (raw), z,-0.958740234
164151, Attitude, Roll,0.088111315, Accelerometer (raw), x,0.07975769
164151, Attitude, Yaw,0.695827169, Accelerometer (raw), y,-0.198913574
164151, Attitude, Pitch,0.194792142, Accelerometer (raw), z,-0.960891724
164151, Attitude, Roll,0.08657039, Accelerometer (raw), x,0.086212158
164151, Attitude, Yaw,0.691985975, Accelerometer (raw), y,-0.177078247
164151, Attitude, Pitch,0.192955126, Accelerometer (raw), z,-0.974777222
164151, Attitude, Roll,0.086423185, Accelerometer (raw), x,0.08770752
164151, Attitude, Yaw,0.689995326, Accelerometer (raw), y,-0.189926147
164151, Attitude, Pitch,0.194541201, Accelerometer (raw), z,-0.961791992
164151, Attitude, Roll,0.086311599, Accelerometer (raw), x,0.079956055
164151, Attitude, Yaw,0.68885448, Accelerometer (raw), y,-0.187576294
164151, Attitude, Pitch,0.194627154, Accelerometer (raw), z,-0.94708252
164151, Attitude, Roll,0.083851806, Accelerometer (raw), x,0.079605103
164151, Attitude, Yaw,0.687527616, Accelerometer (raw), y,-0.175460815
164151, Attitude, Pitch,0.19605047, Accelerometer (raw), z,-0.979721069
164251, Attitude, Roll,0.084286644, Accelerometer (raw), x,0.082275391
164251, Attitude, Yaw,0.68537907, Accelerometer (raw), y,-0.185699463
164251, Attitude, Pitch,0.19575027, Accelerometer (raw), z,-0.968353271
164251, Attitude, Roll,0.085787153, Accelerometer (raw), x,0.080200195
164251, Attitude, Yaw,0.685081966, Accelerometer (raw), y,-0.201629639
164251, Attitude, Pitch,0.199540568, Accelerometer (raw), z,-0.947097778
164251, Attitude, Roll,0.086483143, Accelerometer (raw), x,0.078857422
164251, Attitude, Yaw,0.684741553, Accelerometer (raw), y,-0.19619751
164251, Attitude, Pitch,0.202597785, Accelerometer (raw), z,-0.96824646
164251, Attitude, Roll,0.08254506, Accelerometer (raw), x,0.067062378
164251, Attitude, Yaw,0.68655887, Accelerometer (raw), y,-0.194625854
164251, Attitude, Pitch,0.202396727, Accelerometer (raw), z,-0.97416687
164251, Attitude, Roll,0.071499335, Accelerometer (raw), x,0.07220459
164251, Attitude, Yaw,0.690613453, Accelerometer (raw), y,-0.192581177
164251, Attitude, Pitch,0.201460782, Accelerometer (raw), z,-0.970184326
164251, Attitude, Roll,0.062111975, Accelerometer (raw), x,0.050369263
164251, Attitude, Yaw,0.697354298, Accelerometer (raw), y,-0.201324463
164251, Attitude, Pitch,0.200158294, Accelerometer (raw), z,-0.956253052
164251, Attitude, Roll,0.056463981, Accelerometer (raw), x,0.056213379
164251, Attitude, Yaw,0.702091229, Accelerometer (raw), y,-0.192932129
164251, Attitude, Pitch,0.194457, Accelerometer (raw), z,-0.972885132
164251, Attitude, Roll,0.060109756, Accelerometer (raw), x,0.065261841
164251, Attitude, Yaw,0.704787083, Accelerometer (raw), y,-0.186630249
164251, Attitude, Pitch,0.184385039, Accelerometer (raw), z,-0.951522827
164251, Attitude, Roll,0.061452243, Accelerometer (raw), x,0.072906494
164251, Attitude, Yaw,0.704305633, Accelerometer (raw), y,-0.171142578
164251, Attitude, Pitch,0.180243396, Accelerometer (raw), z,-0.977615356
164251, Attitude, Roll,0.060638998, Accelerometer (raw), x,0.05291748
164251, Attitude, Yaw,0.70533927, Accelerometer (raw), y,-0.180847168
164251, Attitude, Pitch,0.179393062, Accelerometer (raw), z,-0.982070923
164351, Attitude, Roll,0.058195305, Accelerometer (raw), x,0.059143066
164351, Attitude, Yaw,0.706677576, Accelerometer (raw), y,-0.181549072
164351, Attitude, Pitch,0.181743323, Accelerometer (raw), z,-0.97038269
164351, Attitude, Roll,0.054583091, Accelerometer (raw), x,0.054519653
164351, Attitude, Yaw,0.708183996, Accelerometer (raw), y,-0.185043335
164351, Attitude, Pitch,0.189580997, Accelerometer (raw), z,-0.964508057
164351, Attitude, Roll,0.059574445, Accelerometer (raw), x,0.056488037
164351, Attitude, Yaw,0.709535491, Accelerometer (raw), y,-0.166702271
164351, Attitude, Pitch,0.181859377, Accelerometer (raw), z,-0.971435547
164351, Attitude, Roll,0.062245175, Accelerometer (raw), x,0.059417725
164351, Attitude, Yaw,0.71076979, Accelerometer (raw), y,-0.187393188
164351, Attitude, Pitch,0.176756429, Accelerometer (raw), z,-0.964401245
164351, Attitude, Roll,0.06310938, Accelerometer (raw), x,0.064468384
164351, Attitude, Yaw,0.709289591, Accelerometer (raw), y,-0.175491333
164351, Attitude, Pitch,0.173391231, Accelerometer (raw), z,-0.974334717
164351, Attitude, Roll,0.063786555, Accelerometer (raw), x,0.06098938
164351, Attitude, Yaw,0.709893797, Accelerometer (raw), y,-0.176559448
164351, Attitude, Pitch,0.174688638, Accelerometer (raw), z,-0.97215271
164351, Attitude, Roll,0.062831312, Accelerometer (raw), x,0.061340332
164351, Attitude, Yaw,0.711335804, Accelerometer (raw), y,-0.175201416
164351, Attitude, Pitch,0.175498366, Accelerometer (raw), z,-0.97038269
164351, Attitude, Roll,0.061558324, Accelerometer (raw), x,0.054367065
164351, Attitude, Yaw,0.711592598, Accelerometer (raw), y,-0.168899536
164351, Attitude, Pitch,0.170921647, Accelerometer (raw), z,-0.981735229
164351, Attitude, Roll,0.059402729, Accelerometer (raw), x,0.048370361
164351, Attitude, Yaw,0.713052156, Accelerometer (raw), y,-0.162902832
164351, Attitude, Pitch,0.167516111, Accelerometer (raw), z,-0.984802246
164351, Attitude, Roll,0.058825612, Accelerometer (raw), x,0.063446045
164351, Attitude, Yaw,0.715151853, Accelerometer (raw), y,-0.153381348
164351, Attitude, Pitch,0.168087998, Accelerometer (raw), z,-0.973892212
164451, Attitude, Roll,0.059679319, Accelerometer (raw), x,0.062011719
164451, Attitude, Yaw,0.715310831, Accelerometer (raw), y,-0.161895752
164451, Attitude, Pitch,0.167967237, Accelerometer (raw), z,-0.973419189
164451, Attitude, Roll,0.058359654, Accelerometer (raw), x,0.059753418
164451, Attitude, Yaw,0.718074271, Accelerometer (raw), y,-0.158126831
164451, Attitude, Pitch,0.169223571, Accelerometer (raw), z,-0.980560303
164451, Attitude, Roll,0.062341353, Accelerometer (raw), x,0.058425903
164451, Attitude, Yaw,0.722484854, Accelerometer (raw), y,-0.175964355
164451, Attitude, Pitch,0.170653499, Accelerometer (raw), z,-0.958969116
164451, Attitude, Roll,0.063767159, Accelerometer (raw), x,0.055648804
164451, Attitude, Yaw,0.722261114, Accelerometer (raw), y,-0.161422729
164451, Attitude, Pitch,0.171176929, Accelerometer (raw), z,-0.957000732
164451, Attitude, Roll,0.063318969, Accelerometer (raw), x,0.04864502
164451, Attitude, Yaw,0.722828046, Accelerometer (raw), y,-0.183792114
164451, Attitude, Pitch,0.1703358, Accelerometer (raw), z,-0.961151123
164451, Attitude, Roll,0.059073164, Accelerometer (raw), x,0.048995972
164451, Attitude, Yaw,0.722986904, Accelerometer (raw), y,-0.18687439
164451, Attitude, Pitch,0.171333181, Accelerometer (raw), z,-0.983642578
164451, Attitude, Roll,0.054422824, Accelerometer (raw), x,0.045684814
164451, Attitude, Yaw,0.719426417, Accelerometer (raw), y,-0.164047241
164451, Attitude, Pitch,0.171269658, Accelerometer (raw), z,-0.96736145
164451, Attitude, Roll,0.051258604, Accelerometer (raw), x,0.032089233
164451, Attitude, Yaw,0.719120815, Accelerometer (raw), y,-0.163818359
164451, Attitude, Pitch,0.171609731, Accelerometer (raw), z,-0.988723755
164451, Attitude, Roll,0.045249696, Accelerometer (raw), x,0.053283691
164451, Attitude, Yaw,0.720781486, Accelerometer (raw), y,-0.177810669
164451, Attitude, Pitch,0.169898902, Accelerometer (raw), z,-0.980773926
164451, Attitude, Roll,0.041306575, Accelerometer (raw), x,0.050567627
164451, Attitude, Yaw,0.719924249, Accelerometer (raw), y,-0.146499634
164451, Attitude, Pitch,0.169338993, Accelerometer (raw), z,-0.980773926
164551, Attitude, Roll,0.042508647, Accelerometer (raw), x,0.049545288
164551, Attitude, Yaw,0.723170412, Accelerometer (raw), y,-0.182098389
164551, Attitude, Pitch,0.168127732, Accelerometer (raw), z,-0.93522644
164551, Attitude, Roll,0.031054648, Accelerometer (raw), x,0.041900635
164551, Attitude, Yaw,0.728555176, Accelerometer (raw), y,-0.173736572
164551, Attitude, Pitch,0.177102458, Accelerometer (raw), z,-0.974639893
164551, Attitude, Roll,0.026178756, Accelerometer (raw), x,0.054000854
164551, Attitude, Yaw,0.730621147, Accelerometer (raw), y,-0.204025269
164551, Attitude, Pitch,0.169918686, Accelerometer (raw), z,-0.973815918
164551, Attitude, Roll,0.02750303, Accelerometer (raw), x,0.061782837
164551, Attitude, Yaw,0.732016615, Accelerometer (raw), y,-0.219512939
164551, Attitude, Pitch,0.168737562, Accelerometer (raw), z,-0.949691772
164551, Attitude, Roll,0.031262483, Accelerometer (raw), x,0.057510376
164551, Attitude, Yaw,0.735834264, Accelerometer (raw), y,-0.205505371
164551, Attitude, Pitch,0.170657469, Accelerometer (raw), z,-0.981155396
164551, Attitude, Roll,0.040868067, Accelerometer (raw), x,0.065505981
164551, Attitude, Yaw,0.740749314, Accelerometer (raw), y,-0.224197388
164551, Attitude, Pitch,0.176397011, Accelerometer (raw), z,-0.958724976
164551, Attitude, Roll,0.047334576, Accelerometer (raw), x,0.054229736
164551, Attitude, Yaw,0.75121406, Accelerometer (raw), y,-0.263534546
164551, Attitude, Pitch,0.185265226, Accelerometer (raw), z,-0.956314087
164551, Attitude, Roll,0.047471019, Accelerometer (raw), x,0.015014648
164551, Attitude, Yaw,0.761501723, Accelerometer (raw), y,-0.254898071
164551, Attitude, Pitch,0.20084256, Accelerometer (raw), z,-0.964569092
164551, Attitude, Roll,0.041133239, Accelerometer (raw), x,0.065719604
164551, Attitude, Yaw,0.765849765, Accelerometer (raw), y,-0.28314209
164551, Attitude, Pitch,0.209968136, Accelerometer (raw), z,-1.00604248
164551, Attitude, Roll,0.037346538, Accelerometer (raw), x,0.074813843
164551, Attitude, Yaw,0.760463804, Accelerometer (raw), y,-0.346481323
164551, Attitude, Pitch,0.211778692, Accelerometer (raw), z,-0.977645874
164651, Attitude, Roll,0.033325301, Accelerometer (raw), x,0.021713257
164651, Attitude, Yaw,0.751515762, Accelerometer (raw), y,-0.250564575
164651, Attitude, Pitch,0.244809573, Accelerometer (raw), z,-1.043060303
164651, Attitude, Roll,0.029199628, Accelerometer (raw), x,-0.02293396
164651, Attitude, Yaw,0.739173181, Accelerometer (raw), y,-0.146728516
164651, Attitude, Pitch,0.27985251, Accelerometer (raw), z,-1.005004883
164651, Attitude, Roll,0.038643926, Accelerometer (raw), x,-0.021835327
164651, Attitude, Yaw,0.724610011, Accelerometer (raw), y,-0.093902588
164651, Attitude, Pitch,0.276954084, Accelerometer (raw), z,-0.981216431
164651, Attitude, Roll,0.047212402, Accelerometer (raw), x,0.033035278
164651, Attitude, Yaw,0.706911671, Accelerometer (raw), y,-0.130859375
164651, Attitude, Pitch,0.287580664, Accelerometer (raw), z,-0.916976929
164651, Attitude, Roll,0.059070474, Accelerometer (raw), x,0.028869629
164651, Attitude, Yaw,0.684964424, Accelerometer (raw), y,-0.187835693
164651, Attitude, Pitch,0.290395314, Accelerometer (raw), z,-0.900115967
164651, Attitude, Roll,0.046360287, Accelerometer (raw), x,0.009262085
164651, Attitude, Yaw,0.678473252, Accelerometer (raw), y,-0.189193726
164651, Attitude, Pitch,0.275950435, Accelerometer (raw), z,-0.916824341
164651, Attitude, Roll,0.041247045, Accelerometer (raw), x,-0.001998901
164651, Attitude, Yaw,0.675468318, Accelerometer (raw), y,-0.266921997
164651, Attitude, Pitch,0.256617306, Accelerometer (raw), z,-0.955612183
164651, Attitude, Roll,0.030247426, Accelerometer (raw), x,0.011642456
164651, Attitude, Yaw,0.683809049, Accelerometer (raw), y,-0.286056519
164651, Attitude, Pitch,0.240588131, Accelerometer (raw), z,-0.918609619
164651, Attitude, Roll,0.026158175, Accelerometer (raw), x,-0.009109497
164651, Attitude, Yaw,0.687759454, Accelerometer (raw), y,-0.281463623
164651, Attitude, Pitch,0.247096361, Accelerometer (raw), z,-0.981567383
164751, Attitude, Roll,-0.009317402, Accelerometer (raw), x,-0.000671387
164751, Attitude, Yaw,0.722584882, Accelerometer (raw), y,-0.283294678
164751, Attitude, Pitch,0.268435099, Accelerometer (raw), z,-1.023605347
164751, Attitude, Roll,-0.03439206, Accelerometer (raw), x,-0.081222534
164751, Attitude, Yaw,0.741134328, Accelerometer (raw), y,-0.13319397
164751, Attitude, Pitch,0.27223358, Accelerometer (raw), z,-1.100326538
164751, Attitude, Roll,-0.040380882, Accelerometer (raw), x,0.007064819
164751, Attitude, Yaw,0.758179449, Accelerometer (raw), y,-0.156539917
164751, Attitude, Pitch,0.29062901, Accelerometer (raw), z,-0.955062866
164751, Attitude, Roll,-0.055794788, Accelerometer (raw), x,-0.054367065
164751, Attitude, Yaw,0.751261372, Accelerometer (raw), y,-0.101669312
164751, Attitude, Pitch,0.263606713, Accelerometer (raw), z,-0.959365845
164751, Attitude, Roll,-0.060164425, Accelerometer (raw), x,0.002700806
164751, Attitude, Yaw,0.754793583, Accelerometer (raw), y,-0.169509888
164751, Attitude, Pitch,0.276960777, Accelerometer (raw), z,-0.865692139
164751, Attitude, Roll,-0.051997819, Accelerometer (raw), x,0.012374878
164751, Attitude, Yaw,0.773393542, Accelerometer (raw), y,-0.277420044
164751, Attitude, Pitch,0.284368871, Accelerometer (raw), z,-0.969345093
164751, Attitude, Roll,-0.012911304, Accelerometer (raw), x,0.017608643
164751, Attitude, Yaw,0.761507563, Accelerometer (raw), y,-0.301147461
164751, Attitude, Pitch,0.255396284, Accelerometer (raw), z,-0.96031189
164751, Attitude, Roll,0.008653995, Accelerometer (raw), x,0.01675415
164751, Attitude, Yaw,0.77525875, Accelerometer (raw), y,-0.35774231
164751, Attitude, Pitch,0.255004695, Accelerometer (raw), z,-0.921813965
164751, Attitude, Roll,0.008052797, Accelerometer (raw), x,0.090713501
164751, Attitude, Yaw,0.783393551, Accelerometer (raw), y,-0.368286133
164751, Attitude, Pitch,0.282508746, Accelerometer (raw), z,-0.988800049
164751, Attitude, Roll,0.007234225, Accelerometer (raw), x,0.011703491
164751, Attitude, Yaw,0.769810308, Accelerometer (raw), y,-0.267456055
164751, Attitude, Pitch,0.324606269, Accelerometer (raw), z,-1.111450195
164851, Attitude, Roll,0.017544381, Accelerometer (raw), x,-0.099151611
164851, Attitude, Yaw,0.75508406, Accelerometer (raw), y,-0.090988159
164851, Attitude, Pitch,0.325624808, Accelerometer (raw), z,-1.041397095
164851, Attitude, Roll,0.031324436, Accelerometer (raw), x,0.000442505
164851, Attitude, Yaw,0.733764081, Accelerometer (raw), y,-0.161590576
164851, Attitude, Pitch,0.358418857, Accelerometer (raw), z,-0.879089355
164851, Attitude, Roll,0.035810522, Accelerometer (raw), x,0.033218384
164851, Attitude, Yaw,0.70744132, Accelerometer (raw), y,-0.275436401
164851, Attitude, Pitch,0.360018774, Accelerometer (raw), z,-0.807250977
164851, Attitude, Roll,0.004460639, Accelerometer (raw), x,-0.044296265
164851, Attitude, Yaw,0.704265035, Accelerometer (raw), y,-0.324813843
164851, Attitude, Pitch,0.362261619, Accelerometer (raw), z,-0.858566284
164851, Attitude, Roll,-0.028753926, Accelerometer (raw), x,-0.044830322
164851, Attitude, Yaw,0.696478708, Accelerometer (raw), y,-0.415130615
164851, Attitude, Pitch,0.351635779, Accelerometer (raw), z,-0.879623413
164851, Attitude, Roll,-0.059418411, Accelerometer (raw), x,-0.0887146
164851, Attitude, Yaw,0.698625166, Accelerometer (raw), y,-0.388092041
164851, Attitude, Pitch,0.353440125, Accelerometer (raw), z,-0.947372437
164851, Attitude, Roll,-0.095121094, Accelerometer (raw), x,-0.117996216
164851, Attitude, Yaw,0.700229438, Accelerometer (raw), y,-0.346450806
164851, Attitude, Pitch,0.347892011, Accelerometer (raw), z,-0.99041748
164851, Attitude, Roll,-0.099876206, Accelerometer (raw), x,-0.160675049
164851, Attitude, Yaw,0.716406763, Accelerometer (raw), y,-0.173553467
164851, Attitude, Pitch,0.364180962, Accelerometer (raw), z,-1.135894775
164851, Attitude, Roll,-0.053588409, Accelerometer (raw), x,-0.037765503
164851, Attitude, Yaw,0.722904697, Accelerometer (raw), y,-0.222732544
164851, Attitude, Pitch,0.380969348, Accelerometer (raw), z,-0.971817017
164851, Attitude, Roll,-0.005632105, Accelerometer (raw), x,-0.019104004
164851, Attitude, Yaw,0.71818748, Accelerometer (raw), y,-0.221817017
164851, Attitude, Pitch,0.362295158, Accelerometer (raw), z,-0.922134399
164951, Attitude, Roll,0.011103158, Accelerometer (raw), x,0.062316895
164951, Attitude, Yaw,0.7533923, Accelerometer (raw), y,-0.280807495
164951, Attitude, Pitch,0.353440271, Accelerometer (raw), z,-0.812088013
164951, Attitude, Roll,0.01030342, Accelerometer (raw), x,0.023239136
164951, Attitude, Yaw,0.754758931, Accelerometer (raw), y,-0.27281189
164951, Attitude, Pitch,0.338109291, Accelerometer (raw), z,-0.939178467
164951, Attitude, Roll,0.023708106, Accelerometer (raw), x,0.054351807
164951, Attitude, Yaw,0.751930579, Accelerometer (raw), y,-0.415603638
164951, Attitude, Pitch,0.325133449, Accelerometer (raw), z,-0.937057495
164951, Attitude, Roll,0.022551774, Accelerometer (raw), x,0.022872925
164951, Attitude, Yaw,0.750225654, Accelerometer (raw), y,-0.410369873
164951, Attitude, Pitch,0.337791203, Accelerometer (raw), z,-1.066101074
164951, Attitude, Roll,0.020086523, Accelerometer (raw), x,-0.018157959
164951, Attitude, Yaw,0.735311388, Accelerometer (raw), y,-0.205734253
164951, Attitude, Pitch,0.362713734, Accelerometer (raw), z,-1.110168457
164951, Attitude, Roll,0.030640186, Accelerometer (raw), x,0.002593994
164951, Attitude, Yaw,0.709613307, Accelerometer (raw), y,-0.246383667
164951, Attitude, Pitch,0.370994984, Accelerometer (raw), z,-0.890426636
164951, Attitude, Roll,0.04698338, Accelerometer (raw), x,0.000183105
164951, Attitude, Yaw,0.710509721, Accelerometer (raw), y,-0.178253174
164951, Attitude, Pitch,0.385587554, Accelerometer (raw), z,-0.912979126
164951, Attitude, Roll,0.037420076, Accelerometer (raw), x,0.033554077
164951, Attitude, Yaw,0.684464254, Accelerometer (raw), y,-0.304534912
164951, Attitude, Pitch,0.35630803, Accelerometer (raw), z,-0.815582275
164951, Attitude, Roll,0.015073034, Accelerometer (raw), x,-0.037994385
164951, Attitude, Yaw,0.689212472, Accelerometer (raw), y,-0.318023682
164951, Attitude, Pitch,0.34423687, Accelerometer (raw), z,-0.882446289
164951, Attitude, Roll,0.008738214, Accelerometer (raw), x,0.031661987
164951, Attitude, Yaw,0.697088085, Accelerometer (raw), y,-0.417984009
164951, Attitude, Pitch,0.346327312, Accelerometer (raw), z,-0.859466553
165051, Attitude, Roll,0.008958206, Accelerometer (raw), x,-0.055801392
165051, Attitude, Yaw,0.700815998, Accelerometer (raw), y,-0.428985596
165051, Attitude, Pitch,0.362681313, Accelerometer (raw), z,-0.96270752
165051, Attitude, Roll,-0.002854571, Accelerometer (raw), x,-0.044799805
165051, Attitude, Yaw,0.714871301, Accelerometer (raw), y,-0.345062256
165051, Attitude, Pitch,0.381124677, Accelerometer (raw), z,-1.189819336
165051, Attitude, Roll,-0.030971986, Accelerometer (raw), x,0.018051147
165051, Attitude, Yaw,0.700851862, Accelerometer (raw), y,-0.235397339
165051, Attitude, Pitch,0.35724109, Accelerometer (raw), z,-0.962234497
165051, Attitude, Roll,-0.01537249, Accelerometer (raw), x,0.028747559
165051, Attitude, Yaw,0.720346276, Accelerometer (raw), y,-0.198684692
165051, Attitude, Pitch,0.410459636, Accelerometer (raw), z,-0.948638916
165051, Attitude, Roll,-0.028820206, Accelerometer (raw), x,-0.004272461
165051, Attitude, Yaw,0.713974507, Accelerometer (raw), y,-0.262252808
165051, Attitude, Pitch,0.379764964, Accelerometer (raw), z,-0.868286133
165051, Attitude, Roll,-0.025390191, Accelerometer (raw), x,-0.014282227
165051, Attitude, Yaw,0.735546746, Accelerometer (raw), y,-0.348098755
165051, Attitude, Pitch,0.352677522, Accelerometer (raw), z,-0.839767456
165051, Attitude, Roll,-0.0231302, Accelerometer (raw), x,0.04750061
165051, Attitude, Yaw,0.739865099, Accelerometer (raw), y,-0.379348755
165051, Attitude, Pitch,0.350277793, Accelerometer (raw), z,-0.871780396
165051, Attitude, Roll,-0.009756016, Accelerometer (raw), x,0.050323486
165051, Attitude, Yaw,0.73671469, Accelerometer (raw), y,-0.474563599
165051, Attitude, Pitch,0.374355522, Accelerometer (raw), z,-0.92539978
165051, Attitude, Roll,-0.018597892, Accelerometer (raw), x,0.000366211
165051, Attitude, Yaw,0.726045611, Accelerometer (raw), y,-0.366531372
165051, Attitude, Pitch,0.390516339, Accelerometer (raw), z,-1.116989136
165051, Attitude, Roll,-0.015778958, Accelerometer (raw), x,-0.128662109
165051, Attitude, Yaw,0.714437454, Accelerometer (raw), y,-0.165649414
165051, Attitude, Pitch,0.375583044, Accelerometer (raw), z,-1.014953613
165151, Attitude, Roll,-0.013880253, Accelerometer (raw), x,-0.104644775
165151, Attitude, Yaw,0.724162006, Accelerometer (raw), y,-0.199676514
165151, Attitude, Pitch,0.396707457, Accelerometer (raw), z,-0.943115234
165151, Attitude, Roll,-0.01230619, Accelerometer (raw), x,-0.015258789
165151, Attitude, Yaw,0.696208936, Accelerometer (raw), y,-0.266311646
165151, Attitude, Pitch,0.376554374, Accelerometer (raw), z,-0.80960083
165151, Attitude, Roll,-0.004235075, Accelerometer (raw), x,-0.056655884
165151, Attitude, Yaw,0.692391792, Accelerometer (raw), y,-0.299362183
165151, Attitude, Pitch,0.371202842, Accelerometer (raw), z,-0.841720581
165151, Attitude, Roll,0.000493312, Accelerometer (raw), x,-0.02154541
165151, Attitude, Yaw,0.682776806, Accelerometer (raw), y,-0.357971191
165151, Attitude, Pitch,0.365138519, Accelerometer (raw), z,-0.933059692
165151, Attitude, Roll,0.003878361, Accelerometer (raw), x,-0.004425049
165151, Attitude, Yaw,0.673257278, Accelerometer (raw), y,-0.42175293
165151, Attitude, Pitch,0.35293927, Accelerometer (raw), z,-0.965988159
165151, Attitude, Roll,-0.007934385, Accelerometer (raw), x,-0.015167236
165151, Attitude, Yaw,0.701073562, Accelerometer (raw), y,-0.428619385
165151, Attitude, Pitch,0.390266586, Accelerometer (raw), z,-0.942108154
165151, Attitude, Roll,-0.01003063, Accelerometer (raw), x,0.009902954
165151, Attitude, Yaw,0.707956213, Accelerometer (raw), y,-0.292129517
165151, Attitude, Pitch,0.404987989, Accelerometer (raw), z,-1.08052063
165151, Attitude, Roll,-0.014622189, Accelerometer (raw), x,0.03755188
165151, Attitude, Yaw,0.722214965, Accelerometer (raw), y,-0.315383911
165151, Attitude, Pitch,0.40959273, Accelerometer (raw), z,-0.943405151
165151, Attitude, Roll,-0.010474642, Accelerometer (raw), x,-0.005767822
165151, Attitude, Yaw,0.736045626, Accelerometer (raw), y,-0.251220703
165151, Attitude, Pitch,0.392061812, Accelerometer (raw), z,-0.934051514
165151, Attitude, Roll,-0.007752999, Accelerometer (raw), x,0.01524353
165151, Attitude, Yaw,0.752179785, Accelerometer (raw), y,-0.302764893
165151, Attitude, Pitch,0.366897649, Accelerometer (raw), z,-0.786636353
165251, Attitude, Roll,0.002386132, Accelerometer (raw), x,0.023880005
165251, Attitude, Yaw,0.76346376, Accelerometer (raw), y,-0.333602905
165251, Attitude, Pitch,0.358999319, Accelerometer (raw), z,-0.846511841
165251, Attitude, Roll,0.004016458, Accelerometer (raw), x,0.06237793
165251, Attitude, Yaw,0.763124053, Accelerometer (raw), y,-0.41986084
165251, Attitude, Pitch,0.344780388, Accelerometer (raw), z,-0.898864746
165251, Attitude, Roll,0.014449035, Accelerometer (raw), x,0.082519531
165251, Attitude, Yaw,0.7595417, Accelerometer (raw), y,-0.46206665
165251, Attitude, Pitch,0.3401806, Accelerometer (raw), z,-0.985717773
165251, Attitude, Roll,0.005806126, Accelerometer (raw), x,-0.090484619
165251, Attitude, Yaw,0.75650423, Accelerometer (raw), y,-0.357757568
165251, Attitude, Pitch,0.343479772, Accelerometer (raw), z,-1.090332031
165251, Attitude, Roll,-0.003321358, Accelerometer (raw), x,-0.048095703
165251, Attitude, Yaw,0.763873871, Accelerometer (raw), y,-0.180923462
165251, Attitude, Pitch,0.354122322, Accelerometer (raw), z,-0.93359375
165251, Attitude, Roll,-0.010209147, Accelerometer (raw), x,-0.097457886
165251, Attitude, Yaw,0.746730846, Accelerometer (raw), y,-0.171005249
165251, Attitude, Pitch,0.352387837, Accelerometer (raw), z,-0.989486694
165251, Attitude, Roll,0.005255039, Accelerometer (raw), x,0.011688232
165251, Attitude, Yaw,0.703652528, Accelerometer (raw), y,-0.234771729
165251, Attitude, Pitch,0.320091836, Accelerometer (raw), z,-0.874389648
165251, Attitude, Roll,0.002887863, Accelerometer (raw), x,-0.025802612
165251, Attitude, Yaw,0.692342071, Accelerometer (raw), y,-0.325393677
165251, Attitude, Pitch,0.313044738, Accelerometer (raw), z,-0.847915649
165251, Attitude, Roll,-0.003818206, Accelerometer (raw), x,-0.046569824
165251, Attitude, Yaw,0.684795886, Accelerometer (raw), y,-0.368103027
165251, Attitude, Pitch,0.3038984, Accelerometer (raw), z,-0.889862061
165251, Attitude, Roll,-0.014516414, Accelerometer (raw), x,-0.019317627
165251, Attitude, Yaw,0.681759057, Accelerometer (raw), y,-0.406509399
165251, Attitude, Pitch,0.304406458, Accelerometer (raw), z,-0.917648315
165351, Attitude, Roll,-0.016455987, Accelerometer (raw), x,-0.030334473
165351, Attitude, Yaw,0.685915611, Accelerometer (raw), y,-0.372268677
165351, Attitude, Pitch,0.319233069, Accelerometer (raw), z,-0.963912964
165351, Attitude, Roll,-0.02714868, Accelerometer (raw), x,-0.053283691
165351, Attitude, Yaw,0.699696718, Accelerometer (raw), y,-0.219650269
165351, Attitude, Pitch,0.345627451, Accelerometer (raw), z,-1.226242065
165351, Attitude, Roll,-0.052661538, Accelerometer (raw), x,0.010070801
165351, Attitude, Yaw,0.705419514, Accelerometer (raw), y,-0.214767456
165351, Attitude, Pitch,0.338676153, Accelerometer (raw), z,-0.909790039
165351, Attitude, Roll,-0.064638417, Accelerometer (raw), x,-0.039993286
165351, Attitude, Yaw,0.754422844, Accelerometer (raw), y,-0.221405029
165351, Attitude, Pitch,0.336310794, Accelerometer (raw), z,-0.929504395
165351, Attitude, Roll,-0.058543312, Accelerometer (raw), x,-0.0650177
165351, Attitude, Yaw,0.774045144, Accelerometer (raw), y,-0.303771973
165351, Attitude, Pitch,0.315287176, Accelerometer (raw), z,-0.831192017
165351, Attitude, Roll,-0.056575045, Accelerometer (raw), x,-0.014358521
165351, Attitude, Yaw,0.768137022, Accelerometer (raw), y,-0.275756836
165351, Attitude, Pitch,0.294567837, Accelerometer (raw), z,-0.946304321
165351, Attitude, Roll,-0.052391648, Accelerometer (raw), x,0.025497437
165351, Attitude, Yaw,0.7640835, Accelerometer (raw), y,-0.344741821
165351, Attitude, Pitch,0.296215595, Accelerometer (raw), z,-0.890136719
165351, Attitude, Roll,-0.047639074, Accelerometer (raw), x,-0.035888672
165351, Attitude, Yaw,0.757890185, Accelerometer (raw), y,-0.34979248
165351, Attitude, Pitch,0.306517191, Accelerometer (raw), z,-1.002029419
165351, Attitude, Roll,-0.053927832, Accelerometer (raw), x,-0.048370361
165351, Attitude, Yaw,0.751278442, Accelerometer (raw), y,-0.328567505
165351, Attitude, Pitch,0.321834216, Accelerometer (raw), z,-1.083587646
165351, Attitude, Roll,-0.055565961, Accelerometer (raw), x,-0.079803467
165351, Attitude, Yaw,0.736154772, Accelerometer (raw), y,-0.168136597
165351, Attitude, Pitch,0.31668256, Accelerometer (raw), z,-1.023925781
165451, Attitude, Roll,-0.028625877, Accelerometer (raw), x,-0.130706787
165451, Attitude, Yaw,0.739689888, Accelerometer (raw), y,-0.211303711
165451, Attitude, Pitch,0.323107623, Accelerometer (raw), z,-0.939926147
165451, Attitude, Roll,-0.030741497, Accelerometer (raw), x,-0.028396606
165451, Attitude, Yaw,0.719746516, Accelerometer (raw), y,-0.230697632
165451, Attitude, Pitch,0.323166475, Accelerometer (raw), z,-0.821884155
165451, Attitude, Roll,-0.019730418, Accelerometer (raw), x,-0.067993164
165451, Attitude, Yaw,0.685749317, Accelerometer (raw), y,-0.311599731
165451, Attitude, Pitch,0.300058446, Accelerometer (raw), z,-0.842575073
165451, Attitude, Roll,-0.033435576, Accelerometer (raw), x,-0.06854248
165451, Attitude, Yaw,0.670166111, Accelerometer (raw), y,-0.326965332
165451, Attitude, Pitch,0.278940538, Accelerometer (raw), z,-0.945007324
165451, Attitude, Roll,-0.029930366, Accelerometer (raw), x,-0.029495239
165451, Attitude, Yaw,0.669126583, Accelerometer (raw), y,-0.381668091
165451, Attitude, Pitch,0.284240946, Accelerometer (raw), z,-0.917648315
165451, Attitude, Roll,-0.035811494, Accelerometer (raw), x,-0.007339478
165451, Attitude, Yaw,0.680433376, Accelerometer (raw), y,-0.358825684
165451, Attitude, Pitch,0.304567532, Accelerometer (raw), z,-0.997970581
165451, Attitude, Roll,-0.035528986, Accelerometer (raw), x,-0.052154541
165451, Attitude, Yaw,0.696477136, Accelerometer (raw), y,-0.227340698
165451, Attitude, Pitch,0.327557483, Accelerometer (raw), z,-1.164093018
165451, Attitude, Roll,-0.039847743, Accelerometer (raw), x,0.007629395
165451, Attitude, Yaw,0.715580732, Accelerometer (raw), y,-0.235839844
165451, Attitude, Pitch,0.345638437, Accelerometer (raw), z,-0.880477905
165451, Attitude, Roll,-0.040563608, Accelerometer (raw), x,0.027297974
165451, Attitude, Yaw,0.739662033, Accelerometer (raw), y,-0.210006714
165451, Attitude, Pitch,0.354920186, Accelerometer (raw), z,-0.968139648
165451, Attitude, Roll,-0.031187304, Accelerometer (raw), x,0.00352478
165451, Attitude, Yaw,0.747384201, Accelerometer (raw), y,-0.304870605
165451, Attitude, Pitch,0.322971767, Accelerometer (raw), z,-0.842895508
165551, Attitude, Roll,-0.010585546, Accelerometer (raw), x,-0.011825562
165551, Attitude, Yaw,0.767647829, Accelerometer (raw), y,-0.289611816
165551, Attitude, Pitch,0.311979131, Accelerometer (raw), z,-0.893173218
165551, Attitude, Roll,0.000112824, Accelerometer (raw), x,0.022979736
165551, Attitude, Yaw,0.776334645, Accelerometer (raw), y,-0.369659424
165551, Attitude, Pitch,0.288712471, Accelerometer (raw), z,-0.869033813
165551, Attitude, Roll,0.010824559, Accelerometer (raw), x,0.049133301
165551, Attitude, Yaw,0.780377584, Accelerometer (raw), y,-0.386810303
165551, Attitude, Pitch,0.289699836, Accelerometer (raw), z,-0.921325684
165551, Attitude, Roll,-0.006445701, Accelerometer (raw), x,0.015380859
165551, Attitude, Yaw,0.778850961, Accelerometer (raw), y,-0.324584961
165551, Attitude, Pitch,0.28771985, Accelerometer (raw), z,-1.070297241
165551, Attitude, Roll,-0.023958943, Accelerometer (raw), x,-0.057678223
165551, Attitude, Yaw,0.776659586, Accelerometer (raw), y,-0.131484985
165551, Attitude, Pitch,0.257569726, Accelerometer (raw), z,-1.076034546
165551, Attitude, Roll,-0.021987975, Accelerometer (raw), x,-0.103805542
165551, Attitude, Yaw,0.784170933, Accelerometer (raw), y,-0.146636963
165551, Attitude, Pitch,0.247571085, Accelerometer (raw), z,-0.989471436
165551, Attitude, Roll,-0.020427478, Accelerometer (raw), x,-0.03944397
165551, Attitude, Yaw,0.754498468, Accelerometer (raw), y,-0.172927856
165551, Attitude, Pitch,0.238766862, Accelerometer (raw), z,-0.890762329
165551, Attitude, Roll,-0.011273106, Accelerometer (raw), x,-0.024673462
165551, Attitude, Yaw,0.738698955, Accelerometer (raw), y,-0.264373779
165551, Attitude, Pitch,0.242581039, Accelerometer (raw), z,-0.84135437
165551, Attitude, Roll,-0.014728308, Accelerometer (raw), x,-0.05657959
165551, Attitude, Yaw,0.734493462, Accelerometer (raw), y,-0.304534912
165551, Attitude, Pitch,0.246413185, Accelerometer (raw), z,-0.900238037
165551, Attitude, Roll,-0.019531345, Accelerometer (raw), x,-0.03074646
165551, Attitude, Yaw,0.730758298, Accelerometer (raw), y,-0.358016968
165551, Attitude, Pitch,0.25191342, Accelerometer (raw), z,-0.949234009
165651, Attitude, Roll,-0.023314111, Accelerometer (raw), x,-0.009628296
165651, Attitude, Yaw,0.739670003, Accelerometer (raw), y,-0.313613892
165651, Attitude, Pitch,0.292305171, Accelerometer (raw), z,-1.024017334
165651, Attitude, Roll,-0.029614003, Accelerometer (raw), x,-0.015731812
165651, Attitude, Yaw,0.751127128, Accelerometer (raw), y,-0.135818481
165651, Attitude, Pitch,0.286053794, Accelerometer (raw), z,-1.159667969
165651, Attitude, Roll,-0.029102091, Accelerometer (raw), x,0.021774292
165651, Attitude, Yaw,0.781067247, Accelerometer (raw), y,-0.210998535
165651, Attitude, Pitch,0.293846038, Accelerometer (raw), z,-0.893493652
165651, Attitude, Roll,-0.034869874, Accelerometer (raw), x,-0.017776489
165651, Attitude, Yaw,0.793580761, Accelerometer (raw), y,-0.169235229
165651, Attitude, Pitch,0.279124679, Accelerometer (raw), z,-0.941009521
165651, Attitude, Roll,-0.034092208, Accelerometer (raw), x,0.010574341
165651, Attitude, Yaw,0.803908424, Accelerometer (raw), y,-0.259338379
165651, Attitude, Pitch,0.260942643, Accelerometer (raw), z,-0.865188599
165651, Attitude, Roll,-0.03290224, Accelerometer (raw), x,0.002807617
165651, Attitude, Yaw,0.806086936, Accelerometer (raw), y,-0.312591553
165651, Attitude, Pitch,0.251906221, Accelerometer (raw), z,-0.934921265
165651, Attitude, Roll,-0.020511893, Accelerometer (raw), x,0.022445679
165651, Attitude, Yaw,0.798000419, Accelerometer (raw), y,-0.383255005
165651, Attitude, Pitch,0.249179389, Accelerometer (raw), z,-0.926101685
165651, Attitude, Roll,-0.011754934, Accelerometer (raw), x,0.015655518
165651, Attitude, Yaw,0.791903947, Accelerometer (raw), y,-0.375717163
165651, Attitude, Pitch,0.265080822, Accelerometer (raw), z,-1.028182983
165651, Attitude, Roll,-0.010551395, Accelerometer (raw), x,-0.082458496
165651, Attitude, Yaw,0.779324905, Accelerometer (raw), y,-0.200454712
165651, Attitude, Pitch,0.29294167, Accelerometer (raw), z,-1.106170654
165651, Attitude, Roll,-0.015002275, Accelerometer (raw), x,-0.069610596
165651, Attitude, Yaw,0.746886022, Accelerometer (raw), y,-0.085037231
165651, Attitude, Pitch,0.309186975, Accelerometer (raw), z,-1.019012451
165751, Attitude, Roll,-0.00972094, Accelerometer (raw), x,-0.034683228
165751, Attitude, Yaw,0.736247548, Accelerometer (raw), y,-0.208236694
165751, Attitude, Pitch,0.299401236, Accelerometer (raw), z,-0.89024353
165751, Attitude, Roll,-0.002992659, Accelerometer (raw), x,-0.032226563
165751, Attitude, Yaw,0.724238696, Accelerometer (raw), y,-0.235107422
165751, Attitude, Pitch,0.298637186, Accelerometer (raw), z,-0.858612061
165751, Attitude, Roll,-0.003649132, Accelerometer (raw), x,-0.04498291
165751, Attitude, Yaw,0.720721328, Accelerometer (raw), y,-0.295562744
165751, Attitude, Pitch,0.306032104, Accelerometer (raw), z,-0.874984741
165751, Attitude, Roll,-0.012604023, Accelerometer (raw), x,-0.027084351
165751, Attitude, Yaw,0.72328589, Accelerometer (raw), y,-0.388473511
165751, Attitude, Pitch,0.312245956, Accelerometer (raw), z,-0.896820068
165751, Attitude, Roll,-0.017562279, Accelerometer (raw), x,-0.075561523
165751, Attitude, Yaw,0.731809686, Accelerometer (raw), y,-0.371398926
165751, Attitude, Pitch,0.326066697, Accelerometer (raw), z,-0.97555542
165751, Attitude, Roll,-0.022892867, Accelerometer (raw), x,-0.00012207
165751, Attitude, Yaw,0.74274817, Accelerometer (raw), y,-0.314987183
165751, Attitude, Pitch,0.345302448, Accelerometer (raw), z,-1.05380249
165751, Attitude, Roll,-0.02021269, Accelerometer (raw), x,0.030700684
165751, Attitude, Yaw,0.745009501, Accelerometer (raw), y,-0.219848633
165751, Attitude, Pitch,0.339235012, Accelerometer (raw), z,-0.981872559
165751, Attitude, Roll,-0.016843399, Accelerometer (raw), x,0.002578735
165751, Attitude, Yaw,0.759861865, Accelerometer (raw), y,-0.163238525
165751, Attitude, Pitch,0.335137324, Accelerometer (raw), z,-0.985015869
165751, Attitude, Roll,-0.039914055, Accelerometer (raw), x,-0.01222229
165751, Attitude, Yaw,0.804092424, Accelerometer (raw), y,-0.249816895
165751, Attitude, Pitch,0.304451518, Accelerometer (raw), z,-0.82081604
165751, Attitude, Roll,-0.046968569, Accelerometer (raw), x,0.000915527
165751, Attitude, Yaw,0.819308417, Accelerometer (raw), y,-0.25062561
165751, Attitude, Pitch,0.300013562, Accelerometer (raw), z,-0.904342651
165851, Attitude, Roll,-0.046544427, Accelerometer (raw), x,-0.014205933
165851, Attitude, Yaw,0.83488146, Accelerometer (raw), y,-0.368865967
165851, Attitude, Pitch,0.291376383, Accelerometer (raw), z,-0.91545105
165851, Attitude, Roll,-0.042618685, Accelerometer (raw), x,-0.021713257
165851, Attitude, Yaw,0.854503723, Accelerometer (raw), y,-0.500366211
165851, Attitude, Pitch,0.305617962, Accelerometer (raw), z,-1.004165649
165851, Attitude, Roll,-0.043625224, Accelerometer (raw), x,-0.043823242
165851, Attitude, Yaw,0.854179808, Accelerometer (raw), y,-0.401473999
165851, Attitude, Pitch,0.328596741, Accelerometer (raw), z,-1.002944946
165851, Attitude, Roll,-0.033396662, Accelerometer (raw), x,-0.067520142
165851, Attitude, Yaw,0.836519988, Accelerometer (raw), y,-0.190734863
165851, Attitude, Pitch,0.353414375, Accelerometer (raw), z,-1.033554077
165851, Attitude, Roll,-0.001888233, Accelerometer (raw), x,-0.05406189
165851, Attitude, Yaw,0.789373081, Accelerometer (raw), y,-0.14831543
165851, Attitude, Pitch,0.320920381, Accelerometer (raw), z,-0.934387207
165851, Attitude, Roll,0.007923306, Accelerometer (raw), x,0.003295898
165851, Attitude, Yaw,0.774031726, Accelerometer (raw), y,-0.253509521
165851, Attitude, Pitch,0.320301308, Accelerometer (raw), z,-0.906524658
165851, Attitude, Roll,0.00015604, Accelerometer (raw), x,-0.040420532
165851, Attitude, Yaw,0.756143418, Accelerometer (raw), y,-0.312423706
165851, Attitude, Pitch,0.309491138, Accelerometer (raw), z,-0.830535889
165851, Attitude, Roll,-0.033061365, Accelerometer (raw), x,-0.087219238
165851, Attitude, Yaw,0.756635331, Accelerometer (raw), y,-0.327667236
165851, Attitude, Pitch,0.321646617, Accelerometer (raw), z,-0.845626831
165851, Attitude, Roll,-0.03231472, Accelerometer (raw), x,-0.030883789
165851, Attitude, Yaw,0.752651585, Accelerometer (raw), y,-0.43208313
165851, Attitude, Pitch,0.330121923, Accelerometer (raw), z,-0.914352417
165851, Attitude, Roll,-0.030768444, Accelerometer (raw), x,-0.074172974
165851, Attitude, Yaw,0.749035359, Accelerometer (raw), y,-0.377182007
165851, Attitude, Pitch,0.339520715, Accelerometer (raw), z,-1.006652832
165951, Attitude, Roll,-0.021394515, Accelerometer (raw), x,-0.006500244
165951, Attitude, Yaw,0.754709174, Accelerometer (raw), y,-0.307388306
165951, Attitude, Pitch,0.357930163, Accelerometer (raw), z,-1.052612305
165951, Attitude, Roll,-0.027818944, Accelerometer (raw), x,-0.065093994
165951, Attitude, Yaw,0.750633882, Accelerometer (raw), y,-0.257873535
165951, Attitude, Pitch,0.34962955, Accelerometer (raw), z,-1.000961304
165951, Attitude, Roll,-0.032540816, Accelerometer (raw), x,0.001419067
165951, Attitude, Yaw,0.750425308, Accelerometer (raw), y,-0.197555542
165951, Attitude, Pitch,0.336542632, Accelerometer (raw), z,-0.936935425
165951, Attitude, Roll,-0.028334686, Accelerometer (raw), x,0.043624878
165951, Attitude, Yaw,0.741606195, Accelerometer (raw), y,-0.227722168
165951, Attitude, Pitch,0.316937756, Accelerometer (raw), z,-0.852493286
165951, Attitude, Roll,-0.030209362, Accelerometer (raw), x,-0.021194458
165951, Attitude, Yaw,0.747525903, Accelerometer (raw), y,-0.277526855
165951, Attitude, Pitch,0.310814422, Accelerometer (raw), z,-0.887313843
165951, Attitude, Roll,-0.033935147, Accelerometer (raw), x,-0.001022339
165951, Attitude, Yaw,0.754881332, Accelerometer (raw), y,-0.3881073
165951, Attitude, Pitch,0.30677978, Accelerometer (raw), z,-0.878494263
165951, Attitude, Roll,-0.025851784, Accelerometer (raw), x,-0.05430603
165951, Attitude, Yaw,0.732242732, Accelerometer (raw), y,-0.469116211
165951, Attitude, Pitch,0.314109834, Accelerometer (raw), z,-0.986495972
165951, Attitude, Roll,-0.029038182, Accelerometer (raw), x,-0.047851563
165951, Attitude, Yaw,0.68853184, Accelerometer (raw), y,-0.350952148
165951, Attitude, Pitch,0.33292163, Accelerometer (raw), z,-1.058486938
165951, Attitude, Roll,-0.027823446, Accelerometer (raw), x,0.012191772
165951, Attitude, Yaw,0.633024313, Accelerometer (raw), y,-0.138183594
165951, Attitude, Pitch,0.319511791, Accelerometer (raw), z,-0.934371948
165951, Attitude, Roll,-0.032506103, Accelerometer (raw), x,-0.071960449
165951, Attitude, Yaw,0.619468662, Accelerometer (raw), y,-0.157119751
165951, Attitude, Pitch,0.327296993, Accelerometer (raw), z,-0.985092163
160052, Attitude, Roll,-0.033977679, Accelerometer (raw), x,-0.051269531
160052, Attitude, Yaw,0.611470312, Accelerometer (raw), y,-0.292114258
160052, Attitude, Pitch,0.298978543, Accelerometer (raw), z,-0.814849854
160052, Attitude, Roll,-0.030419172, Accelerometer (raw), x,-0.102615356
160052, Attitude, Yaw,0.629958963, Accelerometer (raw), y,-0.342285156
160052, Attitude, Pitch,0.305366165, Accelerometer (raw), z,-0.863327026
160052, Attitude, Roll,-0.031682722, Accelerometer (raw), x,-0.0572052
160052, Attitude, Yaw,0.627270896, Accelerometer (raw), y,-0.390808105
160052, Attitude, Pitch,0.297537242, Accelerometer (raw), z,-0.897384644
160052, Attitude, Roll,-0.025283927, Accelerometer (raw), x,0.011932373
160052, Attitude, Yaw,0.625657058, Accelerometer (raw), y,-0.434143066
160052, Attitude, Pitch,0.308104413, Accelerometer (raw), z,-0.921218872
160052, Attitude, Roll,-0.009349246, Accelerometer (raw), x,0.046096802
160052, Attitude, Yaw,0.627800456, Accelerometer (raw), y,-0.371231079
160052, Attitude, Pitch,0.331268613, Accelerometer (raw), z,-0.97593689
160052, Attitude, Roll,-0.006793306, Accelerometer (raw), x,-0.009124756
160052, Attitude, Yaw,0.691723985, Accelerometer (raw), y,-0.247512817
160052, Attitude, Pitch,0.335696275, Accelerometer (raw), z,-1.099609375
160052, Attitude, Roll,-0.02976281, Accelerometer (raw), x,-0.076507568
160052, Attitude, Yaw,0.742654852, Accelerometer (raw), y,-0.281784058
160052, Attitude, Pitch,0.349553146, Accelerometer (raw), z,-0.979949951
160052, Attitude, Roll,-0.039698773, Accelerometer (raw), x,-0.050598145
160052, Attitude, Yaw,0.760680329, Accelerometer (raw), y,-0.247253418
160052, Attitude, Pitch,0.334433389, Accelerometer (raw), z,-0.876831055
160052, Attitude, Roll,-0.04050626, Accelerometer (raw), x,-0.017684937
160052, Attitude, Yaw,0.772562642, Accelerometer (raw), y,-0.287063599
160052, Attitude, Pitch,0.331780641, Accelerometer (raw), z,-0.826660156
160052, Attitude, Roll,-0.04516025, Accelerometer (raw), x,0.000396729
160052, Attitude, Yaw,0.77356219, Accelerometer (raw), y,-0.318145752
160052, Attitude, Pitch,0.327997415, Accelerometer (raw), z,-0.935760498
160152, Attitude, Roll,-0.0411384, Accelerometer (raw), x,0.037750244
160152, Attitude, Yaw,0.76739707, Accelerometer (raw), y,-0.474960327
160152, Attitude, Pitch,0.324084495, Accelerometer (raw), z,-0.901657104
160152, Attitude, Roll,-0.026067677, Accelerometer (raw), x,0.009918213
160152, Attitude, Yaw,0.764472858, Accelerometer (raw), y,-0.46496582
160152, Attitude, Pitch,0.359273409, Accelerometer (raw), z,-1.040298462
160152, Attitude, Roll,-0.020807727, Accelerometer (raw), x,-0.045562744
160152, Attitude, Yaw,0.75716561, Accelerometer (raw), y,-0.345870972
160152, Attitude, Pitch,0.395346253, Accelerometer (raw), z,-1.011734009
160152, Attitude, Roll,-0.01069766, Accelerometer (raw), x,-0.101928711
160152, Attitude, Yaw,0.754050505, Accelerometer (raw), y,-0.236175537
160152, Attitude, Pitch,0.41668222, Accelerometer (raw), z,-0.909286499
160152, Attitude, Roll,-0.022986553, Accelerometer (raw), x,-0.066650391
160152, Attitude, Yaw,0.741038637, Accelerometer (raw), y,-0.269470215
160152, Attitude, Pitch,0.394748522, Accelerometer (raw), z,-0.851333618
160152, Attitude, Roll,-0.020328861, Accelerometer (raw), x,-0.002029419
160152, Attitude, Yaw,0.716269202, Accelerometer (raw), y,-0.380340576
160152, Attitude, Pitch,0.374199056, Accelerometer (raw), z,-0.784393311
160152, Attitude, Roll,-0.025685738, Accelerometer (raw), x,-0.075683594
160152, Attitude, Yaw,0.697526939, Accelerometer (raw), y,-0.406387329
160152, Attitude, Pitch,0.357893545, Accelerometer (raw), z,-0.893066406
160152, Attitude, Roll,-0.02792621, Accelerometer (raw), x,-0.038223267
160152, Attitude, Yaw,0.664133894, Accelerometer (raw), y,-0.451858521
160152, Attitude, Pitch,0.345197432, Accelerometer (raw), z,-0.901062012
160152, Attitude, Roll,-0.026970953, Accelerometer (raw), x,0.005706787
160152, Attitude, Yaw,0.638785677, Accelerometer (raw), y,-0.419570923
160152, Attitude, Pitch,0.364840306, Accelerometer (raw), z,-0.965560913
160152, Attitude, Roll,-0.030310993, Accelerometer (raw), x,0.093673706
160152, Attitude, Yaw,0.627762383, Accelerometer (raw), y,-0.337493896
160152, Attitude, Pitch,0.39411667, Accelerometer (raw), z,-1.137695313
160252, Attitude, Roll,-0.040690199, Accelerometer (raw), x,0.044876099
160252, Attitude, Yaw,0.633924688, Accelerometer (raw), y,-0.250183105
160252, Attitude, Pitch,0.386784257, Accelerometer (raw), z,-0.883346558
160252, Attitude, Roll,-0.055082443, Accelerometer (raw), x,-0.07661438
160252, Attitude, Yaw,0.688029062, Accelerometer (raw), y,-0.263702393
160252, Attitude, Pitch,0.399386635, Accelerometer (raw), z,-0.944366455
160252, Attitude, Roll,-0.071717699, Accelerometer (raw), x,-0.07572937
160252, Attitude, Yaw,0.726696111, Accelerometer (raw), y,-0.355636597
160252, Attitude, Pitch,0.379368516, Accelerometer (raw), z,-0.806854248
160252, Attitude, Roll,-0.082325216, Accelerometer (raw), x,-0.022903442
160252, Attitude, Yaw,0.766877009, Accelerometer (raw), y,-0.355331421
160252, Attitude, Pitch,0.347842572, Accelerometer (raw), z,-0.886184692
160252, Attitude, Roll,-0.077475469, Accelerometer (raw), x,-0.006668091
160252, Attitude, Yaw,0.772408743, Accelerometer (raw), y,-0.45942688
160252, Attitude, Pitch,0.339771386, Accelerometer (raw), z,-0.899597168
160252, Attitude, Roll,-0.067100453, Accelerometer (raw), x,0.023117065
160252, Attitude, Yaw,0.771642821, Accelerometer (raw), y,-0.491333008
160252, Attitude, Pitch,0.360834553, Accelerometer (raw), z,-0.99446106
160252, Attitude, Roll,-0.062804883, Accelerometer (raw), x,-0.033691406
160252, Attitude, Yaw,0.765171219, Accelerometer (raw), y,-0.379699707
160252, Attitude, Pitch,0.380392174, Accelerometer (raw), z,-1.022872925
160252, Attitude, Roll,-0.056864404, Accelerometer (raw), x,-0.124176025
160252, Attitude, Yaw,0.769162085, Accelerometer (raw), y,-0.221633911
160252, Attitude, Pitch,0.393898288, Accelerometer (raw), z,-0.985336304
160252, Attitude, Roll,-0.051526695, Accelerometer (raw), x,-0.197128296
160252, Attitude, Yaw,0.782154367, Accelerometer (raw), y,-0.21723938
160252, Attitude, Pitch,0.398698001, Accelerometer (raw), z,-0.934341431
160252, Attitude, Roll,-0.038253804, Accelerometer (raw), x,-0.045837402
160252, Attitude, Yaw,0.752323896, Accelerometer (raw), y,-0.316665649
160252, Attitude, Pitch,0.388011002, Accelerometer (raw), z,-0.825683594
160352, Attitude, Roll,-0.043906282, Accelerometer (raw), x,-0.053451538
160352, Attitude, Yaw,0.727224889, Accelerometer (raw), y,-0.34703064
160352, Attitude, Pitch,0.377587894, Accelerometer (raw), z,-0.823348999
160352, Attitude, Roll,-0.050599014, Accelerometer (raw), x,-0.074615479
160352, Attitude, Yaw,0.711264736, Accelerometer (raw), y,-0.401000977
160352, Attitude, Pitch,0.371240578, Accelerometer (raw), z,-0.860198975
160352, Attitude, Roll,-0.053632086, Accelerometer (raw), x,-0.049026489
160352, Attitude, Yaw,0.687517248, Accelerometer (raw), y,-0.46484375
160352, Attitude, Pitch,0.380769729, Accelerometer (raw), z,-0.91456604
160352, Attitude, Roll,-0.050315747, Accelerometer (raw), x,-0.008361816
160352, Attitude, Yaw,0.687827714, Accelerometer (raw), y,-0.445449829
160352, Attitude, Pitch,0.395790756, Accelerometer (raw), z,-0.970581055
160352, Attitude, Roll,-0.05490267, Accelerometer (raw), x,-0.074707031
160352, Attitude, Yaw,0.693474346, Accelerometer (raw), y,-0.223449707
160352, Attitude, Pitch,0.390310575, Accelerometer (raw), z,-1.135498047
160352, Attitude, Roll,-0.059710535, Accelerometer (raw), x,-0.04498291
160352, Attitude, Yaw,0.715888648, Accelerometer (raw), y,-0.251373291
160352, Attitude, Pitch,0.395786025, Accelerometer (raw), z,-0.930664063
160352, Attitude, Roll,-0.060323454, Accelerometer (raw), x,-0.059082031
160352, Attitude, Yaw,0.721485103, Accelerometer (raw), y,-0.256103516
160352, Attitude, Pitch,0.371983579, Accelerometer (raw), z,-0.931152344
160352, Attitude, Roll,-0.060891303, Accelerometer (raw), x,-0.036636353
160352, Attitude, Yaw,0.737385483, Accelerometer (raw), y,-0.319717407
160352, Attitude, Pitch,0.350682209, Accelerometer (raw), z,-0.851333618
160352, Attitude, Roll,-0.063118834, Accelerometer (raw), x,-0.011657715
160352, Attitude, Yaw,0.746597739, Accelerometer (raw), y,-0.342544556
160352, Attitude, Pitch,0.342787251, Accelerometer (raw), z,-0.888641357
160352, Attitude, Roll,-0.054045937, Accelerometer (raw), x,0.041015625
160352, Attitude, Yaw,0.744600257, Accelerometer (raw), y,-0.445343018
160352, Attitude, Pitch,0.335742307, Accelerometer (raw), z,-0.918457031
160452, Attitude, Roll,-0.041014047, Accelerometer (raw), x,-0.023223877
160452, Attitude, Yaw,0.743395687, Accelerometer (raw), y,-0.448883057
160452, Attitude, Pitch,0.348832927, Accelerometer (raw), z,-1.055984497
160452, Attitude, Roll,-0.029577351, Accelerometer (raw), x,0.004425049
160452, Attitude, Yaw,0.739272836, Accelerometer (raw), y,-0.430252075
160452, Attitude, Pitch,0.410861452, Accelerometer (raw), z,-1.009979248
160452, Attitude, Roll,-0.033437363, Accelerometer (raw), x,-0.118408203
160452, Attitude, Yaw,0.752090019, Accelerometer (raw), y,-0.237609863
160452, Attitude, Pitch,0.426864666, Accelerometer (raw), z,-0.890167236
160452, Attitude, Roll,-0.037361036, Accelerometer (raw), x,-0.145278931
160452, Attitude, Yaw,0.761790823, Accelerometer (raw), y,-0.24671936
160452, Attitude, Pitch,0.451133808, Accelerometer (raw), z,-0.889678955
160452, Attitude, Roll,-0.027943159, Accelerometer (raw), x,-0.02432251
160452, Attitude, Yaw,0.728953828, Accelerometer (raw), y,-0.332305908
160452, Attitude, Pitch,0.419889523, Accelerometer (raw), z,-0.830749512
160452, Attitude, Roll,-0.021730642, Accelerometer (raw), x,-0.038726807
160452, Attitude, Yaw,0.708684157, Accelerometer (raw), y,-0.377960205
160452, Attitude, Pitch,0.399489463, Accelerometer (raw), z,-0.808135986
160452, Attitude, Roll,-0.0258945, Accelerometer (raw), x,-0.051269531
160452, Attitude, Yaw,0.694344732, Accelerometer (raw), y,-0.43371582
160452, Attitude, Pitch,0.383501255, Accelerometer (raw), z,-0.871398926
160452, Attitude, Roll,-0.029092806, Accelerometer (raw), x,-0.003768921
160452, Attitude, Yaw,0.684634937, Accelerometer (raw), y,-0.480117798
160452, Attitude, Pitch,0.376557082, Accelerometer (raw), z,-0.938461304
160452, Attitude, Roll,-0.031601013, Accelerometer (raw), x,0.021514893
160452, Attitude, Yaw,0.685394567, Accelerometer (raw), y,-0.427780151
160452, Attitude, Pitch,0.381411009, Accelerometer (raw), z,-0.954605103
160452, Attitude, Roll,-0.027102504, Accelerometer (raw), x,-0.062393188
160452, Attitude, Yaw,0.701314299, Accelerometer (raw), y,-0.222915649
160452, Attitude, Pitch,0.398551101, Accelerometer (raw), z,-1.102096558
160552, Attitude, Roll,-0.032781066, Accelerometer (raw), x,-0.056396484
160552, Attitude, Yaw,0.742216112, Accelerometer (raw), y,-0.261825562
160552, Attitude, Pitch,0.377564649, Accelerometer (raw), z,-0.978942871
160552, Attitude, Roll,-0.036680744, Accelerometer (raw), x,-0.046554565
160552, Attitude, Yaw,0.75712505, Accelerometer (raw), y,-0.236984253
160552, Attitude, Pitch,0.349874139, Accelerometer (raw), z,-0.907897949
160552, Attitude, Roll,-0.044437508, Accelerometer (raw), x,-0.0234375
160552, Attitude, Yaw,0.779320549, Accelerometer (raw), y,-0.298721313
160552, Attitude, Pitch,0.33975068, Accelerometer (raw), z,-0.871383667
160552, Attitude, Roll,-0.046379446, Accelerometer (raw), x,-0.003799438
160552, Attitude, Yaw,0.785508628, Accelerometer (raw), y,-0.341522217
160552, Attitude, Pitch,0.326089427, Accelerometer (raw), z,-0.912994385
160552, Attitude, Roll,-0.034926595, Accelerometer (raw), x,0.007629395
160552, Attitude, Yaw,0.790056482, Accelerometer (raw), y,-0.46383667
160552, Attitude, Pitch,0.327826795, Accelerometer (raw), z,-0.89881897
160552, Attitude, Roll,-0.026927275, Accelerometer (raw), x,-0.020401001
160552, Attitude, Yaw,0.791002125, Accelerometer (raw), y,-0.460128784
160552, Attitude, Pitch,0.356450317, Accelerometer (raw), z,-0.978637695
160552, Attitude, Roll,-0.027530894, Accelerometer (raw), x,-0.057495117
160552, Attitude, Yaw,0.78316431, Accelerometer (raw), y,-0.337127686
160552, Attitude, Pitch,0.391155459, Accelerometer (raw), z,-1.013153076
160552, Attitude, Roll,-0.036724732, Accelerometer (raw), x,-0.083633423
160552, Attitude, Yaw,0.764148676, Accelerometer (raw), y,-0.18196106
160552, Attitude, Pitch,0.395707884, Accelerometer (raw), z,-0.996154785
160552, Attitude, Roll,-0.043388015, Accelerometer (raw), x,-0.062347412
160552, Attitude, Yaw,0.759201975, Accelerometer (raw), y,-0.257568359
160552, Attitude, Pitch,0.378120532, Accelerometer (raw), z,-0.879989624
160552, Attitude, Roll,-0.065328123, Accelerometer (raw), x,-0.083557129
160552, Attitude, Yaw,0.742137049, Accelerometer (raw), y,-0.294464111
160552, Attitude, Pitch,0.359508904, Accelerometer (raw), z,-0.876296997
160652, Attitude, Roll,-0.078350472, Accelerometer (raw), x,-0.109451294
160652, Attitude, Yaw,0.734409897, Accelerometer (raw), y,-0.335861206
160652, Attitude, Pitch,0.358553841, Accelerometer (raw), z,-0.824645996
160652, Attitude, Roll,-0.086008366, Accelerometer (raw), x,-0.04750061
160652, Attitude, Yaw,0.729442173, Accelerometer (raw), y,-0.429611206
160652, Attitude, Pitch,0.354050898, Accelerometer (raw), z,-0.838760376
160652, Attitude, Roll,-0.079519154, Accelerometer (raw), x,-0.042953491
160652, Attitude, Yaw,0.728374591, Accelerometer (raw), y,-0.462081909
160652, Attitude, Pitch,0.354388378, Accelerometer (raw), z,-0.939544678
160652, Attitude, Roll,-0.074183168, Accelerometer (raw), x,-0.088577271
160652, Attitude, Yaw,0.742712482, Accelerometer (raw), y,-0.44670105
160652, Attitude, Pitch,0.374095014, Accelerometer (raw), z,-0.994659424
160652, Attitude, Roll,-0.052895875, Accelerometer (raw), x,-0.064559937
160652, Attitude, Yaw,0.751862007, Accelerometer (raw), y,-0.2684021
160652, Attitude, Pitch,0.399730702, Accelerometer (raw), z,-1.109054565
160652, Attitude, Roll,-0.041629001, Accelerometer (raw), x,-0.066177368
160652, Attitude, Yaw,0.761254884, Accelerometer (raw), y,-0.247421265
160652, Attitude, Pitch,0.394329778, Accelerometer (raw), z,-0.956573486
160652, Attitude, Roll,-0.049071017, Accelerometer (raw), x,-0.042480469
160652, Attitude, Yaw,0.787274856, Accelerometer (raw), y,-0.252578735
160652, Attitude, Pitch,0.391708231, Accelerometer (raw), z,-0.93270874
160652, Attitude, Roll,-0.049441687, Accelerometer (raw), x,-0.060684204
160652, Attitude, Yaw,0.796456868, Accelerometer (raw), y,-0.349761963
160652, Attitude, Pitch,0.367984312, Accelerometer (raw), z,-0.817642212
160652, Attitude, Roll,-0.061535614, Accelerometer (raw), x,-0.048934937
160652, Attitude, Yaw,0.812478554, Accelerometer (raw), y,-0.387207031
160652, Attitude, Pitch,0.35708883, Accelerometer (raw), z,-0.843704224
160652, Attitude, Roll,-0.064416808, Accelerometer (raw), x,-0.010437012
160652, Attitude, Yaw,0.806036924, Accelerometer (raw), y,-0.505828857
160652, Attitude, Pitch,0.368918304, Accelerometer (raw), z,-0.902435303
160752, Attitude, Roll,-0.065036808, Accelerometer (raw), x,-0.057144165
160752, Attitude, Yaw,0.793915051, Accelerometer (raw), y,-0.493225098
160752, Attitude, Pitch,0.391003608, Accelerometer (raw), z,-1.024917603
160752, Attitude, Roll,-0.058458867, Accelerometer (raw), x,-0.087432861
160752, Attitude, Yaw,0.773282757, Accelerometer (raw), y,-0.351852417
160752, Attitude, Pitch,0.416097926, Accelerometer (raw), z,-1.00453186
160752, Attitude, Roll,-0.057885254, Accelerometer (raw), x,-0.128372192
160752, Attitude, Yaw,0.752401329, Accelerometer (raw), y,-0.231338501
160752, Attitude, Pitch,0.401632792, Accelerometer (raw), z,-0.907089233
160752, Attitude, Roll,-0.068787925, Accelerometer (raw), x,-0.082580566
160752, Attitude, Yaw,0.746328823, Accelerometer (raw), y,-0.251190186
160752, Attitude, Pitch,0.410400706, Accelerometer (raw), z,-0.877731323
160752, Attitude, Roll,-0.07079854, Accelerometer (raw), x,-0.063842773
160752, Attitude, Yaw,0.718268681, Accelerometer (raw), y,-0.356613159
160752, Attitude, Pitch,0.388473009, Accelerometer (raw), z,-0.77305603
160752, Attitude, Roll,-0.078158649, Accelerometer (raw), x,-0.09942627
160752, Attitude, Yaw,0.71679191, Accelerometer (raw), y,-0.367996216
160752, Attitude, Pitch,0.391585432, Accelerometer (raw), z,-0.894683838
160752, Attitude, Roll,-0.080817579, Accelerometer (raw), x,-0.067672729
160752, Attitude, Yaw,0.699183776, Accelerometer (raw), y,-0.485305786
160752, Attitude, Pitch,0.374599058, Accelerometer (raw), z,-0.875808716
160752, Attitude, Roll,-0.085014194, Accelerometer (raw), x,-0.12538147
160752, Attitude, Yaw,0.708159234, Accelerometer (raw), y,-0.454605103
160752, Attitude, Pitch,0.391143163, Accelerometer (raw), z,-0.980194092
160752, Attitude, Roll,-0.066916594, Accelerometer (raw), x,-0.026596069
160752, Attitude, Yaw,0.716373574, Accelerometer (raw), y,-0.460830688
160752, Attitude, Pitch,0.415476392, Accelerometer (raw), z,-0.961914063
160752, Attitude, Roll,-0.057665095, Accelerometer (raw), x,-0.056915283
160752, Attitude, Yaw,0.721693817, Accelerometer (raw), y,-0.241912842
160752, Attitude, Pitch,0.404847893, Accelerometer (raw), z,-1.035507202
160852, Attitude, Roll,-0.057737732, Accelerometer (raw), x,-0.047821045
160852, Attitude, Yaw,0.748602639, Accelerometer (raw), y,-0.258972168
160852, Attitude, Pitch,0.411080023, Accelerometer (raw), z,-0.965713501
160852, Attitude, Roll,-0.052151732, Accelerometer (raw), x,-0.057479858
160852, Attitude, Yaw,0.753174671, Accelerometer (raw), y,-0.270111084
160852, Attitude, Pitch,0.389128244, Accelerometer (raw), z,-0.830047607
160852, Attitude, Roll,-0.052944174, Accelerometer (raw), x,-0.027130127
160852, Attitude, Yaw,0.779466968, Accelerometer (raw), y,-0.332489014
160852, Attitude, Pitch,0.391780231, Accelerometer (raw), z,-0.863647461
160852, Attitude, Roll,-0.056548816, Accelerometer (raw), x,-0.002151489
160852, Attitude, Yaw,0.786000276, Accelerometer (raw), y,-0.44178772
160852, Attitude, Pitch,0.379107538, Accelerometer (raw), z,-0.893890381
160852, Attitude, Roll,-0.043538363, Accelerometer (raw), x,-0.01701355
160852, Attitude, Yaw,0.791423509, Accelerometer (raw), y,-0.58644104
160852, Attitude, Pitch,0.381743188, Accelerometer (raw), z,-0.94682312
160852, Attitude, Roll,-0.035457475, Accelerometer (raw), x,0.004669189
160852, Attitude, Yaw,0.786985809, Accelerometer (raw), y,-0.481109619
160852, Attitude, Pitch,0.394730257, Accelerometer (raw), z,-0.913421631
160852, Attitude, Roll,-0.026718338, Accelerometer (raw), x,-0.056243896
160852, Attitude, Yaw,0.772702198, Accelerometer (raw), y,-0.390563965
160852, Attitude, Pitch,0.463397338, Accelerometer (raw), z,-0.954315186
160852, Attitude, Roll,-0.041261554, Accelerometer (raw), x,-0.099838257
160852, Attitude, Yaw,0.780868461, Accelerometer (raw), y,-0.2631073
160852, Attitude, Pitch,0.425666111, Accelerometer (raw), z,-0.970123291
160852, Attitude, Roll,-0.056934148, Accelerometer (raw), x,-0.10383606
160852, Attitude, Yaw,0.782760735, Accelerometer (raw), y,-0.284072876
160852, Attitude, Pitch,0.416548634, Accelerometer (raw), z,-0.916809082
160852, Attitude, Roll,-0.05263588, Accelerometer (raw), x,-0.01675415
160852, Attitude, Yaw,0.753782125, Accelerometer (raw), y,-0.353561401
160852, Attitude, Pitch,0.387512194, Accelerometer (raw), z,-0.819290161
160952, Attitude, Roll,-0.062998676, Accelerometer (raw), x,-0.031845093
160952, Attitude, Yaw,0.742638522, Accelerometer (raw), y,-0.386016846
160952, Attitude, Pitch,0.37888126, Accelerometer (raw), z,-0.803939819
160952, Attitude, Roll,-0.076036765, Accelerometer (raw), x,-0.045974731
160952, Attitude, Yaw,0.736780082, Accelerometer (raw), y,-0.451980591
160952, Attitude, Pitch,0.363710709, Accelerometer (raw), z,-0.832214355
160952, Attitude, Roll,-0.066733141, Accelerometer (raw), x,-0.038269043
160952, Attitude, Yaw,0.730372205, Accelerometer (raw), y,-0.511672974
160952, Attitude, Pitch,0.372383573, Accelerometer (raw), z,-0.921020508
160952, Attitude, Roll,-0.058066961, Accelerometer (raw), x,-0.0340271
160952, Attitude, Yaw,0.72056668, Accelerometer (raw), y,-0.520050049
160952, Attitude, Pitch,0.382109495, Accelerometer (raw), z,-1.001678467
160952, Attitude, Roll,-0.055579282, Accelerometer (raw), x,-0.055389404
160952, Attitude, Yaw,0.727696537, Accelerometer (raw), y,-0.306991577
160952, Attitude, Pitch,0.407902581, Accelerometer (raw), z,-1.142578125
160952, Attitude, Roll,-0.045453358, Accelerometer (raw), x,-0.038772583
160952, Attitude, Yaw,0.726206226, Accelerometer (raw), y,-0.286376953
160952, Attitude, Pitch,0.425313554, Accelerometer (raw), z,-0.930374146
160952, Attitude, Roll,-0.051804973, Accelerometer (raw), x,-0.038345337
160952, Attitude, Yaw,0.741343676, Accelerometer (raw), y,-0.299926758
160952, Attitude, Pitch,0.408745519, Accelerometer (raw), z,-0.846481323
160952, Attitude, Roll,-0.05439546, Accelerometer (raw), x,-0.004241943
160952, Attitude, Yaw,0.762041558, Accelerometer (raw), y,-0.387878418
160952, Attitude, Pitch,0.400365228, Accelerometer (raw), z,-0.801300049
160952, Attitude, Roll,-0.06065395, Accelerometer (raw), x,-0.019561768
160952, Attitude, Yaw,0.775673847, Accelerometer (raw), y,-0.448974609
160952, Attitude, Pitch,0.399774662, Accelerometer (raw), z,-0.894836426
160952, Attitude, Roll,-0.050270652, Accelerometer (raw), x,0.007034302
160952, Attitude, Yaw,0.780615014, Accelerometer (raw), y,-0.51373291
160952, Attitude, Pitch,0.426510488, Accelerometer (raw), z,-0.860626221
161052, Attitude, Roll,-0.038674082, Accelerometer (raw), x,-0.038497925
161052, Attitude, Yaw,0.77795808, Accelerometer (raw), y,-0.495056152
161052, Attitude, Pitch,0.465934208, Accelerometer (raw), z,-0.960174561
161052, Attitude, Roll,-0.036492503, Accelerometer (raw), x,-0.154708862
161052, Attitude, Yaw,0.772562559, Accelerometer (raw), y,-0.261276245
161052, Attitude, Pitch,0.468782162, Accelerometer (raw), z,-1.03729248
161052, Attitude, Roll,-0.02673591, Accelerometer (raw), x,-0.130264282
161052, Attitude, Yaw,0.763267898, Accelerometer (raw), y,-0.345413208
161052, Attitude, Pitch,0.427161076, Accelerometer (raw), z,-0.914810181
161052, Attitude, Roll,-0.038742138, Accelerometer (raw), x,-0.070144653
161052, Attitude, Yaw,0.760148015, Accelerometer (raw), y,-0.356277466
161052, Attitude, Pitch,0.417179652, Accelerometer (raw), z,-0.879364014
161052, Attitude, Roll,-0.046098281, Accelerometer (raw), x,-0.071762085
161052, Attitude, Yaw,0.752297312, Accelerometer (raw), y,-0.454711914
161052, Attitude, Pitch,0.416698317, Accelerometer (raw), z,-0.782440186
161052, Attitude, Roll,-0.047216059, Accelerometer (raw), x,-0.097640991
161052, Attitude, Yaw,0.746969915, Accelerometer (raw), y,-0.443023682
161052, Attitude, Pitch,0.422426759, Accelerometer (raw), z,-0.80368042
161052, Attitude, Roll,-0.057256543, Accelerometer (raw), x,-0.077941895
161052, Attitude, Yaw,0.749943438, Accelerometer (raw), y,-0.529830933
161052, Attitude, Pitch,0.441499163, Accelerometer (raw), z,-0.858627319
161052, Attitude, Roll,-0.076354522, Accelerometer (raw), x,-0.038269043
161052, Attitude, Yaw,0.74885374, Accelerometer (raw), y,-0.52696228
161052, Attitude, Pitch,0.454906414, Accelerometer (raw), z,-0.926727295
161052, Attitude, Roll,-0.072129733, Accelerometer (raw), x,-0.124176025
161052, Attitude, Yaw,0.758648209, Accelerometer (raw), y,-0.380310059
161052, Attitude, Pitch,0.464839567, Accelerometer (raw), z,-1.114318848
161052, Attitude, Roll,-0.084610755, Accelerometer (raw), x,-0.036987305
161052, Attitude, Yaw,0.776741782, Accelerometer (raw), y,-0.359222412
161052, Attitude, Pitch,0.465157183, Accelerometer (raw), z,-0.912796021
161152, Attitude, Roll,-0.094467551, Accelerometer (raw), x,-0.064788818
161152, Attitude, Yaw,0.796849456, Accelerometer (raw), y,-0.355316162
161152, Attitude, Pitch,0.463099593, Accelerometer (raw), z,-0.87701416
161152, Attitude, Roll,-0.087025242, Accelerometer (raw), x,-0.013900757
161152, Attitude, Yaw,0.787029045, Accelerometer (raw), y,-0.389526367
161152, Attitude, Pitch,0.445776559, Accelerometer (raw), z,-0.827163696
161152, Attitude, Roll,-0.07232006, Accelerometer (raw), x,0.001739502
161152, Attitude, Yaw,0.777154781, Accelerometer (raw), y,-0.429016113
161152, Attitude, Pitch,0.435951743, Accelerometer (raw), z,-0.836853027
161152, Attitude, Roll,-0.055373285, Accelerometer (raw), x,0.023544312
161152, Attitude, Yaw,0.782627939, Accelerometer (raw), y,-0.56678772
161152, Attitude, Pitch,0.449353308, Accelerometer (raw), z,-0.833358765
161152, Attitude, Roll,-0.056626356, Accelerometer (raw), x,0.011001587
161152, Attitude, Yaw,0.779156208, Accelerometer (raw), y,-0.554626465
161152, Attitude, Pitch,0.473793004, Accelerometer (raw), z,-0.985351563
161152, Attitude, Roll,-0.054377418, Accelerometer (raw), x,-0.099243164
161152, Attitude, Yaw,0.778157034, Accelerometer (raw), y,-0.455581665
161152, Attitude, Pitch,0.493904302, Accelerometer (raw), z,-1.009017944
161152, Attitude, Roll,-0.046464677, Accelerometer (raw), x,-0.074493408
161152, Attitude, Yaw,0.770370109, Accelerometer (raw), y,-0.285430908
161152, Attitude, Pitch,0.494990015, Accelerometer (raw), z,-0.80380249
161152, Attitude, Roll,-0.044422574, Accelerometer (raw), x,-0.070968628
161152, Attitude, Yaw,0.753053167, Accelerometer (raw), y,-0.321578979
161152, Attitude, Pitch,0.492586226, Accelerometer (raw), z,-0.834762573
161152, Attitude, Roll,-0.040863444, Accelerometer (raw), x,-0.080459595
161152, Attitude, Yaw,0.733481779, Accelerometer (raw), y,-0.439910889
161152, Attitude, Pitch,0.461267636, Accelerometer (raw), z,-0.780609131
161152, Attitude, Roll,-0.046451782, Accelerometer (raw), x,-0.093765259
161152, Attitude, Yaw,0.725042989, Accelerometer (raw), y,-0.39239502
161152, Attitude, Pitch,0.447844564, Accelerometer (raw), z,-0.885299683
161252, Attitude, Roll,-0.052167439, Accelerometer (raw), x,-0.036987305
161252, Attitude, Yaw,0.69469509, Accelerometer (raw), y,-0.506652832
161252, Attitude, Pitch,0.426512425, Accelerometer (raw), z,-0.849075317
161252, Attitude, Roll,-0.054573328, Accelerometer (raw), x,-0.056381226
161252, Attitude, Yaw,0.685801213, Accelerometer (raw), y,-0.504043579
161252, Attitude, Pitch,0.429130897, Accelerometer (raw), z,-0.968231201
161252, Attitude, Roll,-0.044852898, Accelerometer (raw), x,0.012481689
161252, Attitude, Yaw,0.68447864, Accelerometer (raw), y,-0.524291992
161252, Attitude, Pitch,0.462955089, Accelerometer (raw), z,-1.035415649
161252, Attitude, Roll,-0.034369425, Accelerometer (raw), x,-0.052658081
161252, Attitude, Yaw,0.688400904, Accelerometer (raw), y,-0.270080566
161252, Attitude, Pitch,0.477824541, Accelerometer (raw), z,-0.985534668
161252, Attitude, Roll,-0.032478441, Accelerometer (raw), x,-0.040084839
161252, Attitude, Yaw,0.714791146, Accelerometer (raw), y,-0.318130493
161252, Attitude, Pitch,0.502687182, Accelerometer (raw), z,-0.85244751
161252, Attitude, Roll,-0.046857377, Accelerometer (raw), x,-0.029541016
161252, Attitude, Yaw,0.730970588, Accelerometer (raw), y,-0.353424072
161252, Attitude, Pitch,0.476060486, Accelerometer (raw), z,-0.859344482
161252, Attitude, Roll,-0.055818982, Accelerometer (raw), x,-0.026092529
161252, Attitude, Yaw,0.759411506, Accelerometer (raw), y,-0.404373169
161252, Attitude, Pitch,0.46776075, Accelerometer (raw), z,-0.828826904
161252, Attitude, Roll,-0.055127067, Accelerometer (raw), x,-0.035842896
161252, Attitude, Yaw,0.773166991, Accelerometer (raw), y,-0.467193604
161252, Attitude, Pitch,0.465975196, Accelerometer (raw), z,-0.796783447
161252, Attitude, Roll,-0.051678842, Accelerometer (raw), x,-0.045684814
161252, Attitude, Yaw,0.777501023, Accelerometer (raw), y,-0.592895508
161252, Attitude, Pitch,0.469039, Accelerometer (raw), z,-0.879776001
161252, Attitude, Roll,-0.06209934, Accelerometer (raw), x,0.022277832
161252, Attitude, Yaw,0.777789237, Accelerometer (raw), y,-0.598632813
161252, Attitude, Pitch,0.483341272, Accelerometer (raw), z,-0.937530518
161352, Attitude, Roll,-0.063492475, Accelerometer (raw), x,-0.075073242
161352, Attitude, Yaw,0.771194398, Accelerometer (raw), y,-0.404693604
161352, Attitude, Pitch,0.503397908, Accelerometer (raw), z,-1.009857178
161352, Attitude, Roll,-0.063226194, Accelerometer (raw), x,-0.157653809
161352, Attitude, Yaw,0.788018287, Accelerometer (raw), y,-0.327087402
161352, Attitude, Pitch,0.511593062, Accelerometer (raw), z,-0.915023804
161352, Attitude, Roll,-0.062041596, Accelerometer (raw), x,-0.105285645
161352, Attitude, Yaw,0.764910704, Accelerometer (raw), y,-0.351699829
161352, Attitude, Pitch,0.486736803, Accelerometer (raw), z,-0.820953369
161352, Attitude, Roll,-0.057329428, Accelerometer (raw), x,-0.028793335
161352, Attitude, Yaw,0.743001792, Accelerometer (raw), y,-0.434112549
161352, Attitude, Pitch,0.468787928, Accelerometer (raw), z,-0.751525879
161352, Attitude, Roll,-0.058725626, Accelerometer (raw), x,-0.07270813
161352, Attitude, Yaw,0.725376642, Accelerometer (raw), y,-0.44682312
161352, Attitude, Pitch,0.441046908, Accelerometer (raw), z,-0.861190796
161352, Attitude, Roll,-0.062654006, Accelerometer (raw), x,-0.034088135
161352, Attitude, Yaw,0.72407944, Accelerometer (raw), y,-0.53994751
161352, Attitude, Pitch,0.428882726, Accelerometer (raw), z,-0.867233276
161352, Attitude, Roll,-0.054016624, Accelerometer (raw), x,-0.042190552
161352, Attitude, Yaw,0.71293185, Accelerometer (raw), y,-0.484359741
161352, Attitude, Pitch,0.420707922, Accelerometer (raw), z,-0.949386597
161352, Attitude, Roll,-0.041906877, Accelerometer (raw), x,-0.03565979
161352, Attitude, Yaw,0.717426562, Accelerometer (raw), y,-0.516555786
161352, Attitude, Pitch,0.421826722, Accelerometer (raw), z,-0.947937012
161352, Attitude, Roll,-0.035463153, Accelerometer (raw), x,-0.087509155
161352, Attitude, Yaw,0.748694758, Accelerometer (raw), y,-0.252426147
161352, Attitude, Pitch,0.428666903, Accelerometer (raw), z,-1.079086304
161352, Attitude, Roll,-0.03759729, Accelerometer (raw), x,-0.025390625
161352, Attitude, Yaw,0.770075661, Accelerometer (raw), y,-0.284057617
161352, Attitude, Pitch,0.437266964, Accelerometer (raw), z,-0.962966919
161452, Attitude, Roll,-0.039092493, Accelerometer (raw), x,-0.052429199
161452, Attitude, Yaw,0.808218279, Accelerometer (raw), y,-0.343460083
161452, Attitude, Pitch,0.412595755, Accelerometer (raw), z,-0.842224121
161452, Attitude, Roll,-0.04016356, Accelerometer (raw), x,-0.018493652
161452, Attitude, Yaw,0.817560576, Accelerometer (raw), y,-0.363861084
161452, Attitude, Pitch,0.421521525, Accelerometer (raw), z,-0.797073364
161452, Attitude, Roll,-0.038084036, Accelerometer (raw), x,0.020309448
161452, Attitude, Yaw,0.812001522, Accelerometer (raw), y,-0.440231323
161452, Attitude, Pitch,0.420709587, Accelerometer (raw), z,-0.799468994
161452, Attitude, Roll,-0.03743539, Accelerometer (raw), x,0.023803711
161452, Attitude, Yaw,0.806488111, Accelerometer (raw), y,-0.552612305
161452, Attitude, Pitch,0.418910342, Accelerometer (raw), z,-0.869232178
161452, Attitude, Roll,-0.043039807, Accelerometer (raw), x,-0.026641846
161452, Attitude, Yaw,0.806103613, Accelerometer (raw), y,-0.541641235
161452, Attitude, Pitch,0.410058119, Accelerometer (raw), z,-1.107788086
161452, Attitude, Roll,-0.051371619, Accelerometer (raw), x,-0.110290527
161452, Attitude, Yaw,0.801493736, Accelerometer (raw), y,-0.281982422
161452, Attitude, Pitch,0.417242671, Accelerometer (raw), z,-1.065475464
161452, Attitude, Roll,-0.049230219, Accelerometer (raw), x,-0.108276367
161452, Attitude, Yaw,0.788526229, Accelerometer (raw), y,-0.313690186
161452, Attitude, Pitch,0.422280262, Accelerometer (raw), z,-0.837219238
161452, Attitude, Roll,-0.048027444, Accelerometer (raw), x,-0.040618896
161452, Attitude, Yaw,0.785700038, Accelerometer (raw), y,-0.32043457
161452, Attitude, Pitch,0.444865184, Accelerometer (raw), z,-0.824981689
161452, Attitude, Roll,-0.040059331, Accelerometer (raw), x,-0.02142334
161452, Attitude, Yaw,0.756788885, Accelerometer (raw), y,-0.406478882
161452, Attitude, Pitch,0.431219212, Accelerometer (raw), z,-0.731246948
161452, Attitude, Roll,-0.047666366, Accelerometer (raw), x,-0.076675415
161452, Attitude, Yaw,0.734401873, Accelerometer (raw), y,-0.420562744
161452, Attitude, Pitch,0.418149441, Accelerometer (raw), z,-0.820068359
161552, Attitude, Roll,-0.054064806, Accelerometer (raw), x,-0.054977417
161552, Attitude, Yaw,0.735226542, Accelerometer (raw), y,-0.530212402
161552, Attitude, Pitch,0.419088567, Accelerometer (raw), z,-0.918151855
161552, Attitude, Roll,-0.056860888, Accelerometer (raw), x,-0.079544067
161552, Attitude, Yaw,0.746025434, Accelerometer (raw), y,-0.541030884
161552, Attitude, Pitch,0.432116435, Accelerometer (raw), z,-0.924789429
161552, Attitude, Roll,-0.057826014, Accelerometer (raw), x,-0.085128784
161552, Attitude, Yaw,0.77175891, Accelerometer (raw), y,-0.436447144
161552, Attitude, Pitch,0.464883533, Accelerometer (raw), z,-1.222320557
161552, Attitude, Roll,-0.061273448, Accelerometer (raw), x,0.005828857
161552, Attitude, Yaw,0.774728966, Accelerometer (raw), y,-0.345352173
161552, Attitude, Pitch,0.460494167, Accelerometer (raw), z,-0.84185791
161552, Attitude, Roll,-0.05707474, Accelerometer (raw), x,-0.038665771
161552, Attitude, Yaw,0.817282905, Accelerometer (raw), y,-0.332122803
161552, Attitude, Pitch,0.508749953, Accelerometer (raw), z,-0.898361206
161552, Attitude, Roll,-0.044886765, Accelerometer (raw), x,-0.030227661
161552, Attitude, Yaw,0.810578619, Accelerometer (raw), y,-0.406280518
161552, Attitude, Pitch,0.482293861, Accelerometer (raw), z,-0.698471069
161552, Attitude, Roll,-0.034249752, Accelerometer (raw), x,-0.027389526
161552, Attitude, Yaw,0.820148344, Accelerometer (raw), y,-0.442626953
161552, Attitude, Pitch,0.479138343, Accelerometer (raw), z,-0.802581787
161552, Attitude, Roll,-0.044914493, Accelerometer (raw), x,0.08706665
161552, Attitude, Yaw,0.820748489, Accelerometer (raw), y,-0.597213745
161552, Attitude, Pitch,0.464465106, Accelerometer (raw), z,-0.92767334
161552, Attitude, Roll,-0.054521798, Accelerometer (raw), x,0.025802612
161552, Attitude, Yaw,0.831163375, Accelerometer (raw), y,-0.560592651
161552, Attitude, Pitch,0.482879163, Accelerometer (raw), z,-1.037689209
161552, Attitude, Roll,-0.059163658, Accelerometer (raw), x,-0.147918701
161552, Attitude, Yaw,0.856646244, Accelerometer (raw), y,-0.43132019
161552, Attitude, Pitch,0.527364689, Accelerometer (raw), z,-0.981582642
161652, Attitude, Roll,-0.032918424, Accelerometer (raw), x,-0.108779907
161652, Attitude, Yaw,0.851181696, Accelerometer (raw), y,-0.307357788
161652, Attitude, Pitch,0.540046329, Accelerometer (raw), z,-0.794067383
161652, Attitude, Roll,-0.020579791, Accelerometer (raw), x,-0.094909668
161652, Attitude, Yaw,0.833128541, Accelerometer (raw), y,-0.355361938
161652, Attitude, Pitch,0.524920626, Accelerometer (raw), z,-0.832214355
161652, Attitude, Roll,-0.014747842, Accelerometer (raw), x,-0.0677948
161652, Attitude, Yaw,0.812090526, Accelerometer (raw), y,-0.465011597
161652, Attitude, Pitch,0.499511198, Accelerometer (raw), z,-0.771987915
161652, Attitude, Roll,-0.022011896, Accelerometer (raw), x,-0.068572998
161652, Attitude, Yaw,0.79208539, Accelerometer (raw), y,-0.437530518
161652, Attitude, Pitch,0.479360767, Accelerometer (raw), z,-0.851837158
161652, Attitude, Roll,-0.018768339, Accelerometer (raw), x,0.001022339
161652, Attitude, Yaw,0.764606951, Accelerometer (raw), y,-0.516540527
161652, Attitude, Pitch,0.457968535, Accelerometer (raw), z,-0.8671875
161652, Attitude, Roll,-0.009918358, Accelerometer (raw), x,-0.00340271
161652, Attitude, Yaw,0.748547111, Accelerometer (raw), y,-0.496994019
161652, Attitude, Pitch,0.461467491, Accelerometer (raw), z,-0.960113525
161652, Attitude, Roll,-0.007053511, Accelerometer (raw), x,0.04637146
161652, Attitude, Yaw,0.747802498, Accelerometer (raw), y,-0.498840332
161652, Attitude, Pitch,0.479252165, Accelerometer (raw), z,-0.988830566
161652, Attitude, Roll,-0.014659148, Accelerometer (raw), x,-0.00718689
161652, Attitude, Yaw,0.788479916, Accelerometer (raw), y,-0.356185913
161652, Attitude, Pitch,0.509592676, Accelerometer (raw), z,-0.955169678
161652, Attitude, Roll,-0.022555004, Accelerometer (raw), x,-0.001159668
161652, Attitude, Yaw,0.804668747, Accelerometer (raw), y,-0.354476929
161652, Attitude, Pitch,0.486835516, Accelerometer (raw), z,-0.908843994
161652, Attitude, Roll,-0.020470282, Accelerometer (raw), x,-0.014007568
161652, Attitude, Yaw,0.816624238, Accelerometer (raw), y,-0.397872925
161652, Attitude, Pitch,0.464464293, Accelerometer (raw), z,-0.807250977
161752, Attitude, Roll,-0.026524851, Accelerometer (raw), x,0.023025513
161752, Attitude, Yaw,0.827216627, Accelerometer (raw), y,-0.41192627
161752, Attitude, Pitch,0.456968675, Accelerometer (raw), z,-0.843643188
161752, Attitude, Roll,-0.021921852, Accelerometer (raw), x,0.047363281
161752, Attitude, Yaw,0.831575248, Accelerometer (raw), y,-0.539901733
161752, Attitude, Pitch,0.455990127, Accelerometer (raw), z,-0.870178223
161752, Attitude, Roll,-0.005924757, Accelerometer (raw), x,0.0078125
161752, Attitude, Yaw,0.831670745, Accelerometer (raw), y,-0.56703186
161752, Attitude, Pitch,0.475252097, Accelerometer (raw), z,-0.981964111
161752, Attitude, Roll,-0.000146139, Accelerometer (raw), x,0.002609253
161752, Attitude, Yaw,0.826893225, Accelerometer (raw), y,-0.535095215
161752, Attitude, Pitch,0.504764119, Accelerometer (raw), z,-0.921417236
161752, Attitude, Roll,0.015044122, Accelerometer (raw), x,-0.09312439
161752, Attitude, Yaw,0.816877805, Accelerometer (raw), y,-0.287658691
161752, Attitude, Pitch,0.537619711, Accelerometer (raw), z,-0.930862427
161752, Attitude, Roll,0.017583457, Accelerometer (raw), x,-0.135299683
161752, Attitude, Yaw,0.818635062, Accelerometer (raw), y,-0.36026001
161752, Attitude, Pitch,0.524702565, Accelerometer (raw), z,-0.904006958
161752, Attitude, Roll,0.027705428, Accelerometer (raw), x,-0.022964478
161752, Attitude, Yaw,0.758715808, Accelerometer (raw), y,-0.395339966
161752, Attitude, Pitch,0.479706307, Accelerometer (raw), z,-0.849731445
161752, Attitude, Roll,0.028901358, Accelerometer (raw), x,0.010345459
161752, Attitude, Yaw,0.740879476, Accelerometer (raw), y,-0.460800171
161752, Attitude, Pitch,0.47829274, Accelerometer (raw), z,-0.722213745
161752, Attitude, Roll,0.021720045, Accelerometer (raw), x,0.003204346
161752, Attitude, Yaw,0.729249711, Accelerometer (raw), y,-0.511062622
161752, Attitude, Pitch,0.466926646, Accelerometer (raw), z,-0.833267212
161752, Attitude, Roll,0.013676054, Accelerometer (raw), x,-0.010635376
161752, Attitude, Yaw,0.735580281, Accelerometer (raw), y,-0.579055786
161752, Attitude, Pitch,0.471135779, Accelerometer (raw), z,-0.887634277
161852, Attitude, Roll,0.00049219, Accelerometer (raw), x,0.019058228
161852, Attitude, Yaw,0.74330167, Accelerometer (raw), y,-0.520248413
161852, Attitude, Pitch,0.482607634, Accelerometer (raw), z,-0.958740234
161852, Attitude, Roll,0.007020861, Accelerometer (raw), x,-0.019577026
161852, Attitude, Yaw,0.758516702, Accelerometer (raw), y,-0.307113647
161852, Attitude, Pitch,0.49392045, Accelerometer (raw), z,-1.075942993
161852, Attitude, Roll,-0.004626011, Accelerometer (raw), x,-0.008666992
161852, Attitude, Yaw,0.783380641, Accelerometer (raw), y,-0.323944092
161852, Attitude, Pitch,0.502332142, Accelerometer (raw), z,-0.914352417
161852, Attitude, Roll,-0.005329914, Accelerometer (raw), x,0.032592773
161852, Attitude, Yaw,0.790464854, Accelerometer (raw), y,-0.361434937
161852, Attitude, Pitch,0.475898231, Accelerometer (raw), z,-0.794815063
161852, Attitude, Roll,-0.0206938, Accelerometer (raw), x,-0.023284912
161852, Attitude, Yaw,0.81324762, Accelerometer (raw), y,-0.38923645
161852, Attitude, Pitch,0.456391151, Accelerometer (raw), z,-0.895111084
161852, Attitude, Roll,-0.033798868, Accelerometer (raw), x,0.002334595
161852, Attitude, Yaw,0.815489807, Accelerometer (raw), y,-0.450637817
161852, Attitude, Pitch,0.432968423, Accelerometer (raw), z,-0.906921387
161852, Attitude, Roll,-0.02445304, Accelerometer (raw), x,0.043151855
161852, Attitude, Yaw,0.804014333, Accelerometer (raw), y,-0.561416626
161852, Attitude, Pitch,0.455773525, Accelerometer (raw), z,-0.878326416
161852, Attitude, Roll,-0.020634193, Accelerometer (raw), x,0.040802002
161852, Attitude, Yaw,0.785509844, Accelerometer (raw), y,-0.54019165
161852, Attitude, Pitch,0.483724711, Accelerometer (raw), z,-0.922744751
161852, Attitude, Roll,-0.018346304, Accelerometer (raw), x,-0.072006226
161852, Attitude, Yaw,0.769154609, Accelerometer (raw), y,-0.401077271
161852, Attitude, Pitch,0.505706961, Accelerometer (raw), z,-1.035934448
161852, Attitude, Roll,-0.018289895, Accelerometer (raw), x,-0.115386963
161852, Attitude, Yaw,0.759278929, Accelerometer (raw), y,-0.36567688
161852, Attitude, Pitch,0.497214141, Accelerometer (raw), z,-0.817977905
161952, Attitude, Roll,-0.019855352, Accelerometer (raw), x,-0.056991577
161952, Attitude, Yaw,0.743201114, Accelerometer (raw), y,-0.331344604
161952, Attitude, Pitch,0.497586136, Accelerometer (raw), z,-0.847305298
161952, Attitude, Roll,-0.020861765, Accelerometer (raw), x,-0.026550293
161952, Attitude, Yaw,0.714380224, Accelerometer (raw), y,-0.46182251
161952, Attitude, Pitch,0.469865817, Accelerometer (raw), z,-0.76902771
161952, Attitude, Roll,-0.031845859, Accelerometer (raw), x,-0.047851563
161952, Attitude, Yaw,0.710629665, Accelerometer (raw), y,-0.429046631
161952, Attitude, Pitch,0.466345888, Accelerometer (raw), z,-0.865951538
161952, Attitude, Roll,-0.029947655, Accelerometer (raw), x,-0.021682739
161952, Attitude, Yaw,0.689999193, Accelerometer (raw), y,-0.523864746
161952, Attitude, Pitch,0.453342955, Accelerometer (raw), z,-0.849365234
161952, Attitude, Roll,-0.033458052, Accelerometer (raw), x,-0.063644409
161952, Attitude, Yaw,0.694386764, Accelerometer (raw), y,-0.562713623
161952, Attitude, Pitch,0.470888666, Accelerometer (raw), z,-0.931488037
161952, Attitude, Roll,-0.015259703, Accelerometer (raw), x,0.058456421
161952, Attitude, Yaw,0.706018525, Accelerometer (raw), y,-0.561233521
161952, Attitude, Pitch,0.500440879, Accelerometer (raw), z,-0.858093262
161952, Attitude, Roll,0.004671061, Accelerometer (raw), x,-0.04359436
161952, Attitude, Yaw,0.738344246, Accelerometer (raw), y,-0.399093628
161952, Attitude, Pitch,0.512717708, Accelerometer (raw), z,-1.083786011
161952, Attitude, Roll,0.008725488, Accelerometer (raw), x,0.030548096
161952, Attitude, Yaw,0.770690732, Accelerometer (raw), y,-0.408874512
161952, Attitude, Pitch,0.523845598, Accelerometer (raw), z,-0.845962524
161952, Attitude, Roll,0.001071239, Accelerometer (raw), x,0.012542725
161952, Attitude, Yaw,0.801237942, Accelerometer (raw), y,-0.326904297
161952, Attitude, Pitch,0.511836431, Accelerometer (raw), z,-0.912017822
161952, Attitude, Roll,-0.013720173, Accelerometer (raw), x,-0.005371094
161952, Attitude, Yaw,0.840171766, Accelerometer (raw), y,-0.408050537
161952, Attitude, Pitch,0.490353041, Accelerometer (raw), z,-0.764648438
162052, Attitude, Roll,-0.011824304, Accelerometer (raw), x,-0.04649353
162052, Attitude, Yaw,0.857086571, Accelerometer (raw), y,-0.405929565
162052, Attitude, Pitch,0.454663827, Accelerometer (raw), z,-0.948181152
162052, Attitude, Roll,-0.01115178, Accelerometer (raw), x,0.020309448
162052, Attitude, Yaw,0.855373987, Accelerometer (raw), y,-0.53994751
162052, Attitude, Pitch,0.425631532, Accelerometer (raw), z,-0.786621094
162052, Attitude, Roll,1.02E-05, Accelerometer (raw), x,0.061294556
162052, Attitude, Yaw,8.48E-01, Accelerometer (raw), y,-0.534698486
162052, Attitude, Pitch,0.437048886, Accelerometer (raw), z,-0.960601807
162052, Attitude, Roll,0.010646915, Accelerometer (raw), x,0.050949097
162052, Attitude, Yaw,0.8037358, Accelerometer (raw), y,-0.482254028
162052, Attitude, Pitch,0.48197011, Accelerometer (raw), z,-1.025848389
162052, Attitude, Roll,0.010061136, Accelerometer (raw), x,-0.099121094
162052, Attitude, Yaw,0.800430309, Accelerometer (raw), y,-0.28729248
162052, Attitude, Pitch,0.479305424, Accelerometer (raw), z,-0.941009521
162052, Attitude, Roll,0.011632095, Accelerometer (raw), x,-0.114089966
162052, Attitude, Yaw,0.794202984, Accelerometer (raw), y,-0.307815552
162052, Attitude, Pitch,0.494981059, Accelerometer (raw), z,-0.891952515
162052, Attitude, Roll,0.020515109, Accelerometer (raw), x,-0.039794922
162052, Attitude, Yaw,0.75772107, Accelerometer (raw), y,-0.373886108
162052, Attitude, Pitch,0.481187696, Accelerometer (raw), z,-0.817230225
162052, Attitude, Roll,0.014064437, Accelerometer (raw), x,-0.047439575
162052, Attitude, Yaw,0.737279465, Accelerometer (raw), y,-0.441604614
162052, Attitude, Pitch,0.469558659, Accelerometer (raw), z,-0.808273315
162052, Attitude, Roll,0.004117927, Accelerometer (raw), x,-0.001846313
162052, Attitude, Yaw,0.706369966, Accelerometer (raw), y,-0.470993042
162052, Attitude, Pitch,0.439430379, Accelerometer (raw), z,-0.879440308
162052, Attitude, Roll,-0.003622601, Accelerometer (raw), x,-0.001647949
162052, Attitude, Yaw,0.696322595, Accelerometer (raw), y,-0.532119751
162052, Attitude, Pitch,0.437610436, Accelerometer (raw), z,-0.893692017
162152, Attitude, Roll,-0.006636344, Accelerometer (raw), x,0.021011353
162152, Attitude, Yaw,0.70055245, Accelerometer (raw), y,-0.512039185
162152, Attitude, Pitch,0.452531523, Accelerometer (raw), z,-0.94102478
162152, Attitude, Roll,0.002717744, Accelerometer (raw), x,-0.030029297
162152, Attitude, Yaw,0.71839671, Accelerometer (raw), y,-0.346298218
162152, Attitude, Pitch,0.478823136, Accelerometer (raw), z,-1.153808594
162152, Attitude, Roll,-0.001500214, Accelerometer (raw), x,0.035751343
162152, Attitude, Yaw,0.783447111, Accelerometer (raw), y,-0.318572998
162152, Attitude, Pitch,0.50560319, Accelerometer (raw), z,-0.891845703
162152, Attitude, Roll,-0.013710353, Accelerometer (raw), x,-0.039611816
162152, Attitude, Yaw,0.810079082, Accelerometer (raw), y,-0.336349487
162152, Attitude, Pitch,0.489461191, Accelerometer (raw), z,-0.919677734
162152, Attitude, Roll,-0.009647165, Accelerometer (raw), x,-0.034896851
162152, Attitude, Yaw,0.833255645, Accelerometer (raw), y,-0.406204224
162152, Attitude, Pitch,0.477477554, Accelerometer (raw), z,-0.725723267
162152, Attitude, Roll,-0.016950573, Accelerometer (raw), x,0.008636475
162152, Attitude, Yaw,0.844467898, Accelerometer (raw), y,-0.454055786
162152, Attitude, Pitch,0.472483346, Accelerometer (raw), z,-0.855072021
162152, Attitude, Roll,-0.02004788, Accelerometer (raw), x,0.002243042
162152, Attitude, Yaw,0.848323462, Accelerometer (raw), y,-0.578460693
162152, Attitude, Pitch,0.466416877, Accelerometer (raw), z,-0.90234375
162152, Attitude, Roll,-0.018276271, Accelerometer (raw), x,-0.018371582
162152, Attitude, Yaw,0.844456461, Accelerometer (raw), y,-0.563278198
162152, Attitude, Pitch,0.491620752, Accelerometer (raw), z,-0.973052979
162152, Attitude, Roll,-0.011745434, Accelerometer (raw), x,-0.067993164
162152, Attitude, Yaw,0.826037845, Accelerometer (raw), y,-0.596740723
162152, Attitude, Pitch,0.526707879, Accelerometer (raw), z,-0.965103149
162152, Attitude, Roll,-0.005653866, Accelerometer (raw), x,-0.04989624
162152, Attitude, Yaw,0.804614996, Accelerometer (raw), y,-0.289413452
162152, Attitude, Pitch,0.556596653, Accelerometer (raw), z,-0.866378784
162252, Attitude, Roll,0.003296347, Accelerometer (raw), x,-0.070175171
162252, Attitude, Yaw,0.769137909, Accelerometer (raw), y,-0.321380615
162252, Attitude, Pitch,0.550720332, Accelerometer (raw), z,-0.890197754
162252, Attitude, Roll,-0.013893734, Accelerometer (raw), x,-0.011550903
162252, Attitude, Yaw,0.739426784, Accelerometer (raw), y,-0.462768555
162252, Attitude, Pitch,0.51547556, Accelerometer (raw), z,-0.828338623
162252, Attitude, Roll,-0.013427738, Accelerometer (raw), x,-0.046890259
162252, Attitude, Yaw,0.736362116, Accelerometer (raw), y,-0.52545166
162252, Attitude, Pitch,0.507483286, Accelerometer (raw), z,-0.798675537
162252, Attitude, Roll,-0.014299674, Accelerometer (raw), x,-0.033111572
162252, Attitude, Yaw,0.729270509, Accelerometer (raw), y,-0.563964844
162252, Attitude, Pitch,0.518016539, Accelerometer (raw), z,-0.74357605
162252, Attitude, Roll,-0.005152352, Accelerometer (raw), x,0.039810181
162252, Attitude, Yaw,0.716134595, Accelerometer (raw), y,-0.580825806
162252, Attitude, Pitch,0.533647289, Accelerometer (raw), z,-0.812210083
162252, Attitude, Roll,-0.00205593, Accelerometer (raw), x,-0.008544922
162252, Attitude, Yaw,0.715332749, Accelerometer (raw), y,-0.544692993
162252, Attitude, Pitch,0.540878764, Accelerometer (raw), z,-0.888504028
162252, Attitude, Roll,0.003981915, Accelerometer (raw), x,0.042770386
162252, Attitude, Yaw,0.741806173, Accelerometer (raw), y,-0.566497803
162252, Attitude, Pitch,0.5584784, Accelerometer (raw), z,-0.955566406
162252, Attitude, Roll,-0.008420937, Accelerometer (raw), x,0.078308105
162252, Attitude, Yaw,0.772927514, Accelerometer (raw), y,-0.303985596
162252, Attitude, Pitch,0.556047153, Accelerometer (raw), z,-0.948410034
162252, Attitude, Roll,-0.029237955, Accelerometer (raw), x,0.022216797
162252, Attitude, Yaw,0.808032667, Accelerometer (raw), y,-0.314758301
162252, Attitude, Pitch,0.533478659, Accelerometer (raw), z,-0.867248535
162252, Attitude, Roll,-0.036442435, Accelerometer (raw), x,-0.112854004
162252, Attitude, Yaw,0.855991354, Accelerometer (raw), y,-0.439453125
162252, Attitude, Pitch,0.501327418, Accelerometer (raw), z,-0.871887207
162352, Attitude, Roll,-0.047256282, Accelerometer (raw), x,-0.061691284
162352, Attitude, Yaw,0.916968596, Accelerometer (raw), y,-0.41065979
162352, Attitude, Pitch,0.472593798, Accelerometer (raw), z,-0.865005493
162352, Attitude, Roll,-0.044179105, Accelerometer (raw), x,0.000823975
162352, Attitude, Yaw,0.907072941, Accelerometer (raw), y,-0.405029297
162352, Attitude, Pitch,0.464991526, Accelerometer (raw), z,-0.824493408
162352, Attitude, Roll,-0.044945665, Accelerometer (raw), x,0.027694702
162352, Attitude, Yaw,0.896893641, Accelerometer (raw), y,-0.499450684
162352, Attitude, Pitch,0.464161642, Accelerometer (raw), z,-0.884857178
162352, Attitude, Roll,-0.04108528, Accelerometer (raw), x,0.011489868
162352, Attitude, Yaw,0.873884191, Accelerometer (raw), y,-0.598190308
162352, Attitude, Pitch,0.464879834, Accelerometer (raw), z,-0.891906738
162352, Attitude, Roll,-0.037286714, Accelerometer (raw), x,-0.014450073
162352, Attitude, Yaw,0.828713989, Accelerometer (raw), y,-0.505691528
162352, Attitude, Pitch,0.476306972, Accelerometer (raw), z,-0.948043823
162352, Attitude, Roll,-0.023241429, Accelerometer (raw), x,-0.098297119
162352, Attitude, Yaw,0.799115909, Accelerometer (raw), y,-0.360275269
162352, Attitude, Pitch,0.503938397, Accelerometer (raw), z,-1.008071899
162352, Attitude, Roll,0.001102973, Accelerometer (raw), x,-0.039337158
162352, Attitude, Yaw,0.787841302, Accelerometer (raw), y,-0.359329224
162352, Attitude, Pitch,0.522921097, Accelerometer (raw), z,-0.932891846
162352, Attitude, Roll,0.008492783, Accelerometer (raw), x,-0.02281189
162352, Attitude, Yaw,0.773440453, Accelerometer (raw), y,-0.352706909
162352, Attitude, Pitch,0.558795831, Accelerometer (raw), z,-0.812469482
162352, Attitude, Roll,0.063220813, Accelerometer (raw), x,0.199111938
162352, Attitude, Yaw,0.763482129, Accelerometer (raw), y,-0.434310913
162352, Attitude, Pitch,0.576554388, Accelerometer (raw), z,-0.900054932
162452, Attitude, Roll,0.213018125, Accelerometer (raw), x,0.213104248
162452, Attitude, Yaw,0.751861163, Accelerometer (raw), y,-0.49987793
162452, Attitude, Pitch,0.558154751, Accelerometer (raw), z,-0.888763428
162452, Attitude, Roll,0.165540583, Accelerometer (raw), x,0.12361145
162452, Attitude, Yaw,0.750917931, Accelerometer (raw), y,-0.452957153
162452, Attitude, Pitch,0.549272458, Accelerometer (raw), z,-0.923599243
162452, Attitude, Roll,0.172632597, Accelerometer (raw), x,0.193252563
162452, Attitude, Yaw,0.748546935, Accelerometer (raw), y,-0.456497192
162452, Attitude, Pitch,0.53134182, Accelerometer (raw), z,-0.837051392
162452, Attitude, Roll,0.121511461, Accelerometer (raw), x,0.015625
162452, Attitude, Yaw,0.753935152, Accelerometer (raw), y,-0.429779053
162452, Attitude, Pitch,0.52970705, Accelerometer (raw), z,-0.885665894
162452, Attitude, Roll,0.260056537, Accelerometer (raw), x,0.235198975
162452, Attitude, Yaw,0.784344966, Accelerometer (raw), y,-0.489242554
162452, Attitude, Pitch,0.536359004, Accelerometer (raw), z,-0.833374023
162452, Attitude, Roll,0.324635442, Accelerometer (raw), x,0.232772827
162452, Attitude, Yaw,0.756531064, Accelerometer (raw), y,-0.502426147
162452, Attitude, Pitch,0.575822162, Accelerometer (raw), z,-0.822952271
162452, Attitude, Roll,0.309848514, Accelerometer (raw), x,0.271575928
162452, Attitude, Yaw,0.773461784, Accelerometer (raw), y,-0.498397827
162452, Attitude, Pitch,0.579933699, Accelerometer (raw), z,-0.805435181
162452, Attitude, Roll,0.286144629, Accelerometer (raw), x,0.20954895
162452, Attitude, Yaw,0.792012559, Accelerometer (raw), y,-0.515884399
162452, Attitude, Pitch,0.572794092, Accelerometer (raw), z,-0.831558228
162452, Attitude, Roll,0.269449017, Accelerometer (raw), x,0.183670044
162452, Attitude, Yaw,0.808506967, Accelerometer (raw), y,-0.526275635
162452, Attitude, Pitch,0.555772379, Accelerometer (raw), z,-0.857177734
162452, Attitude, Roll,0.243113631, Accelerometer (raw), x,0.184402466
162452, Attitude, Yaw,0.829875717, Accelerometer (raw), y,-0.522033691
162452, Attitude, Pitch,0.544215015, Accelerometer (raw), z,-0.828277588
162452, Attitude, Roll,0.236736853, Accelerometer (raw), x,0.19871521
162452, Attitude, Yaw,0.829721432, Accelerometer (raw), y,-0.506942749
162452, Attitude, Pitch,0.543675321, Accelerometer (raw), z,-0.833297729
162552, Attitude, Roll,0.235215592, Accelerometer (raw), x,0.19960022
162552, Attitude, Yaw,0.826860132, Accelerometer (raw), y,-0.503952026
162552, Attitude, Pitch,0.54001909, Accelerometer (raw), z,-0.83190918
162552, Attitude, Roll,0.23713867, Accelerometer (raw), x,0.197158813
162552, Attitude, Yaw,0.820186883, Accelerometer (raw), y,-0.49269104
162552, Attitude, Pitch,0.536300503, Accelerometer (raw), z,-0.823516846
162552, Attitude, Roll,0.235841839, Accelerometer (raw), x,0.190383911
162552, Attitude, Yaw,0.819773215, Accelerometer (raw), y,-0.493255615
162552, Attitude, Pitch,0.532326103, Accelerometer (raw), z,-0.841918945
162552, Attitude, Roll,0.230028439, Accelerometer (raw), x,0.18447876
162552, Attitude, Yaw,0.824944656, Accelerometer (raw), y,-0.495803833
162552, Attitude, Pitch,0.52723407, Accelerometer (raw), z,-0.833892822
162552, Attitude, Roll,0.21899137, Accelerometer (raw), x,0.177139282
162552, Attitude, Yaw,0.828588634, Accelerometer (raw), y,-0.504302979
162552, Attitude, Pitch,0.522601962, Accelerometer (raw), z,-0.843490601
162552, Attitude, Roll,0.209213501, Accelerometer (raw), x,0.174987793
162552, Attitude, Yaw,0.83640672, Accelerometer (raw), y,-0.496398926
162552, Attitude, Pitch,0.517121694, Accelerometer (raw), z,-0.842315674
162552, Attitude, Roll,0.206833678, Accelerometer (raw), x,0.163467407
162552, Attitude, Yaw,0.839230854, Accelerometer (raw), y,-0.48576355
162552, Attitude, Pitch,0.516434662, Accelerometer (raw), z,-0.853317261
162552, Attitude, Roll,0.211456082, Accelerometer (raw), x,0.180770874
162552, Attitude, Yaw,0.836152223, Accelerometer (raw), y,-0.496643066
162552, Attitude, Pitch,0.52633915, Accelerometer (raw), z,-0.830169678
162552, Attitude, Roll,0.213501732, Accelerometer (raw), x,0.196411133
162552, Attitude, Yaw,0.831285856, Accelerometer (raw), y,-0.524383545
162552, Attitude, Pitch,0.529359486, Accelerometer (raw), z,-0.840682983
162652, Attitude, Roll,0.214300208, Accelerometer (raw), x,0.196029663
162652, Attitude, Yaw,0.833580683, Accelerometer (raw), y,-0.507507324
162652, Attitude, Pitch,0.527452899, Accelerometer (raw), z,-0.840759277
162652, Attitude, Roll,0.214804137, Accelerometer (raw), x,0.178985596
162652, Attitude, Yaw,0.827717094, Accelerometer (raw), y,-0.51210022
162652, Attitude, Pitch,0.53821304, Accelerometer (raw), z,-0.837997437
