170155, Attitude, Roll,0.059716004, Accelerometer (raw), x,0.035217285
170155, Attitude, Yaw,-3.061601073, Accelerometer (raw), y,-0.318328857
170155, Attitude, Pitch,0.314868511, Accelerometer (raw), z,-0.968994141
170155, Attitude, Roll,0.053436204, Accelerometer (raw), x,0.068466187
170155, Attitude, Yaw,-3.058818689, Accelerometer (raw), y,-0.282745361
170155, Attitude, Pitch,0.308448099, Accelerometer (raw), z,-0.976013184
170155, Attitude, Roll,0.048678286, Accelerometer (raw), x,0.061981201
170155, Attitude, Yaw,-3.056972088, Accelerometer (raw), y,-0.269180298
170155, Attitude, Pitch,0.308743715, Accelerometer (raw), z,-0.898452759
170155, Attitude, Roll,0.039970129, Accelerometer (raw), x,0.040206909
170155, Attitude, Yaw,-3.056447574, Accelerometer (raw), y,-0.321395874
170155, Attitude, Pitch,0.310981093, Accelerometer (raw), z,-0.920043945
170155, Attitude, Roll,0.029135993, Accelerometer (raw), x,0.07270813
170155, Attitude, Yaw,-3.062019151, Accelerometer (raw), y,-0.291061401
170155, Attitude, Pitch,0.30637254, Accelerometer (raw), z,-0.978393555
170155, Attitude, Roll,0.034583199, Accelerometer (raw), x,0.085891724
170155, Attitude, Yaw,-3.06724473, Accelerometer (raw), y,-0.285919189
170155, Attitude, Pitch,0.295500583, Accelerometer (raw), z,-0.922073364
170156, Attitude, Roll,0.03857015, Accelerometer (raw), x,0.073852539
170156, Attitude, Yaw,-3.0630407, Accelerometer (raw), y,-0.294586182
170156, Attitude, Pitch,0.295321951, Accelerometer (raw), z,-0.943344116
170156, Attitude, Roll,0.044276854, Accelerometer (raw), x,0.068756104
170156, Attitude, Yaw,-3.057201683, Accelerometer (raw), y,-0.325210571
170156, Attitude, Pitch,0.294991229, Accelerometer (raw), z,-0.951187134
170156, Attitude, Roll,0.047901995, Accelerometer (raw), x,0.0728302
170156, Attitude, Yaw,-3.05195461, Accelerometer (raw), y,-0.329116821
170156, Attitude, Pitch,0.286053765, Accelerometer (raw), z,-0.917602539
170156, Attitude, Roll,0.058974131, Accelerometer (raw), x,0.079437256
170156, Attitude, Yaw,-3.050308424, Accelerometer (raw), y,-0.349334717
170156, Attitude, Pitch,0.293002635, Accelerometer (raw), z,-0.894302368
170156, Attitude, Roll,0.062511814, Accelerometer (raw), x,0.063919067
170156, Attitude, Yaw,-3.043351533, Accelerometer (raw), y,-0.372421265
170156, Attitude, Pitch,0.302626134, Accelerometer (raw), z,-0.870254517
170156, Attitude, Roll,0.062680123, Accelerometer (raw), x,0.096466064
170156, Attitude, Yaw,-3.039338114, Accelerometer (raw), y,-0.395507813
170156, Attitude, Pitch,0.317331866, Accelerometer (raw), z,-0.850372314
170156, Attitude, Roll,0.06646316, Accelerometer (raw), x,0.108840942
170156, Attitude, Yaw,-3.04862837, Accelerometer (raw), y,-0.412109375
170156, Attitude, Pitch,0.326158171, Accelerometer (raw), z,-0.978286743
170156, Attitude, Roll,0.061040241, Accelerometer (raw), x,0.035583496
170156, Attitude, Yaw,-3.059586289, Accelerometer (raw), y,-0.385696411
170156, Attitude, Pitch,0.311535425, Accelerometer (raw), z,-1.116363525
170156, Attitude, Roll,0.038916977, Accelerometer (raw), x,-0.107681274
170156, Attitude, Yaw,-3.064076002, Accelerometer (raw), y,-0.234359741
170156, Attitude, Pitch,0.296141998, Accelerometer (raw), z,-0.982818604
170156, Attitude, Roll,0.024078822, Accelerometer (raw), x,-0.120681763
170156, Attitude, Yaw,-3.074797755, Accelerometer (raw), y,-0.081604004
170156, Attitude, Pitch,0.319570689, Accelerometer (raw), z,-0.982437134
170157, Attitude, Roll,0.006028464, Accelerometer (raw), x,-0.063476563
170157, Attitude, Yaw,3.116631698, Accelerometer (raw), y,-0.185806274
170157, Attitude, Pitch,0.369761332, Accelerometer (raw), z,-0.845031738
170157, Attitude, Roll,0.011892773, Accelerometer (raw), x,-0.02394104
170157, Attitude, Yaw,3.06786454, Accelerometer (raw), y,-0.149856567
170157, Attitude, Pitch,0.310331151, Accelerometer (raw), z,-0.930007935
170157, Attitude, Roll,0.005526252, Accelerometer (raw), x,-0.000946045
170157, Attitude, Yaw,3.055034513, Accelerometer (raw), y,-0.275024414
170157, Attitude, Pitch,0.282199925, Accelerometer (raw), z,-0.970336914
170157, Attitude, Roll,0.01576426, Accelerometer (raw), x,0.010009766
170157, Attitude, Yaw,3.05510995, Accelerometer (raw), y,-0.357025146
170157, Attitude, Pitch,0.282168647, Accelerometer (raw), z,-0.918273926
170157, Attitude, Roll,0.03440507, Accelerometer (raw), x,0.027664185
170157, Attitude, Yaw,3.065737458, Accelerometer (raw), y,-0.411529541
170157, Attitude, Pitch,0.301153818, Accelerometer (raw), z,-0.937713623
170157, Attitude, Roll,0.025847051, Accelerometer (raw), x,-0.004867554
170157, Attitude, Yaw,3.090838768, Accelerometer (raw), y,-0.364227295
170157, Attitude, Pitch,0.337919585, Accelerometer (raw), z,-0.999740601
170157, Attitude, Roll,0.018460209, Accelerometer (raw), x,-0.069671631
170157, Attitude, Yaw,3.137354983, Accelerometer (raw), y,-0.227554321
170157, Attitude, Pitch,0.380833876, Accelerometer (raw), z,-1.362716675
170157, Attitude, Roll,-0.007406847, Accelerometer (raw), x,0.036560059
170157, Attitude, Yaw,-3.135123187, Accelerometer (raw), y,-0.093048096
170157, Attitude, Pitch,0.365839026, Accelerometer (raw), z,-0.992843628
170157, Attitude, Roll,-0.006359138, Accelerometer (raw), x,-0.016204834
170157, Attitude, Yaw,-3.109330661, Accelerometer (raw), y,-0.097732544
170157, Attitude, Pitch,0.405262525, Accelerometer (raw), z,-0.884750366
170157, Attitude, Roll,0.017066585, Accelerometer (raw), x,0.013076782
170157, Attitude, Yaw,-3.095112208, Accelerometer (raw), y,-0.212081909
170157, Attitude, Pitch,0.428403422, Accelerometer (raw), z,-0.849441528
170158, Attitude, Roll,0.029854237, Accelerometer (raw), x,0.029876709
170158, Attitude, Yaw,-3.083793707, Accelerometer (raw), y,-0.315490723
170158, Attitude, Pitch,0.440441981, Accelerometer (raw), z,-0.809265137
170158, Attitude, Roll,0.034283933, Accelerometer (raw), x,0.075408936
170158, Attitude, Yaw,-3.104935242, Accelerometer (raw), y,-0.350845337
170158, Attitude, Pitch,0.406827316, Accelerometer (raw), z,-0.861541748
170158, Attitude, Roll,0.026561135, Accelerometer (raw), x,0.066131592
170158, Attitude, Yaw,-3.125846083, Accelerometer (raw), y,-0.417739868
170158, Attitude, Pitch,0.383315524, Accelerometer (raw), z,-0.940856934
170158, Attitude, Roll,0.016522158, Accelerometer (raw), x,0.078674316
170158, Attitude, Yaw,-3.1220522, Accelerometer (raw), y,-0.483932495
170158, Attitude, Pitch,0.395591136, Accelerometer (raw), z,-0.944869995
170158, Attitude, Roll,0.025088922, Accelerometer (raw), x,0.013000488
170158, Attitude, Yaw,-3.115937636, Accelerometer (raw), y,-0.490325928
170158, Attitude, Pitch,0.428007298, Accelerometer (raw), z,-1.039916992
170158, Attitude, Roll,0.044085531, Accelerometer (raw), x,-0.038711548
170158, Attitude, Yaw,-3.127194082, Accelerometer (raw), y,-0.262893677
170158, Attitude, Pitch,0.432661603, Accelerometer (raw), z,-1.05116272
170158, Attitude, Roll,0.065396959, Accelerometer (raw), x,-0.051651001
170158, Attitude, Yaw,-3.117048285, Accelerometer (raw), y,-0.10118103
170158, Attitude, Pitch,0.408480117, Accelerometer (raw), z,-1.024002075
170158, Attitude, Roll,0.030641384, Accelerometer (raw), x,-0.091598511
170158, Attitude, Yaw,-3.097240689, Accelerometer (raw), y,-0.183364868
170158, Attitude, Pitch,0.394253565, Accelerometer (raw), z,-0.805374146
170158, Attitude, Roll,0.02087891, Accelerometer (raw), x,-0.075073242
170158, Attitude, Yaw,-3.083731793, Accelerometer (raw), y,-0.233413696
170158, Attitude, Pitch,0.422594923, Accelerometer (raw), z,-0.805221558
170158, Attitude, Roll,0.040172345, Accelerometer (raw), x,0.028060913
170158, Attitude, Yaw,-3.102789191, Accelerometer (raw), y,-0.302108765
170158, Attitude, Pitch,0.402495571, Accelerometer (raw), z,-0.877716064
170159, Attitude, Roll,0.069439176, Accelerometer (raw), x,0.030334473
170159, Attitude, Yaw,-3.119360304, Accelerometer (raw), y,-0.412536621
170159, Attitude, Pitch,0.336760543, Accelerometer (raw), z,-0.938476563
170159, Attitude, Roll,0.053696574, Accelerometer (raw), x,-0.013244629
170159, Attitude, Yaw,-3.090711221, Accelerometer (raw), y,-0.370559692
170159, Attitude, Pitch,0.327899441, Accelerometer (raw), z,-0.995620728
170159, Attitude, Roll,0.030990198, Accelerometer (raw), x,0.05897522
170159, Attitude, Yaw,-3.059991283, Accelerometer (raw), y,-0.391204834
170159, Attitude, Pitch,0.355361499, Accelerometer (raw), z,-1.044570923
170159, Attitude, Roll,-0.014020532, Accelerometer (raw), x,-0.026702881
170159, Attitude, Yaw,-3.062613596, Accelerometer (raw), y,-0.048431396
170159, Attitude, Pitch,0.331400836, Accelerometer (raw), z,-1.294464111
170159, Attitude, Roll,-0.003251396, Accelerometer (raw), x,0.068939209
170159, Attitude, Yaw,-3.055963166, Accelerometer (raw), y,-0.117156982
170159, Attitude, Pitch,0.336903512, Accelerometer (raw), z,-0.854385376
170159, Attitude, Roll,-0.002048482, Accelerometer (raw), x,0.024429321
170159, Attitude, Yaw,-3.033322628, Accelerometer (raw), y,-0.16317749
170159, Attitude, Pitch,0.369267081, Accelerometer (raw), z,-0.87689209
170159, Attitude, Roll,-0.001503818, Accelerometer (raw), x,-0.020980835
170159, Attitude, Yaw,-3.029907211, Accelerometer (raw), y,-0.282043457
170159, Attitude, Pitch,0.378187849, Accelerometer (raw), z,-0.906967163
170159, Attitude, Roll,0.008890817, Accelerometer (raw), x,0.055267334
170159, Attitude, Yaw,-3.048791485, Accelerometer (raw), y,-0.300323486
170159, Attitude, Pitch,0.373256236, Accelerometer (raw), z,-0.877532959
170159, Attitude, Roll,0.02366872, Accelerometer (raw), x,0.080566406
170159, Attitude, Yaw,-3.081643497, Accelerometer (raw), y,-0.394317627
170159, Attitude, Pitch,0.384104895, Accelerometer (raw), z,-0.939163208
170159, Attitude, Roll,0.027362643, Accelerometer (raw), x,0.0965271
170159, Attitude, Yaw,-3.113046299, Accelerometer (raw), y,-0.382797241
170159, Attitude, Pitch,0.412356347, Accelerometer (raw), z,-0.910903931
170200, Attitude, Roll,0.033933044, Accelerometer (raw), x,0.031921387
170200, Attitude, Yaw,3.120325359, Accelerometer (raw), y,-0.139266968
170200, Attitude, Pitch,0.372572935, Accelerometer (raw), z,-1.155105591
170200, Attitude, Roll,0.013232036, Accelerometer (raw), x,-0.172637939
170200, Attitude, Yaw,3.135126284, Accelerometer (raw), y,-0.062576294
170200, Attitude, Pitch,0.333584195, Accelerometer (raw), z,-1.118499756
170200, Attitude, Roll,0.008165018, Accelerometer (raw), x,-0.097198486
170200, Attitude, Yaw,-3.095109035, Accelerometer (raw), y,-0.244781494
170200, Attitude, Pitch,0.354977634, Accelerometer (raw), z,-0.795928955
170200, Attitude, Roll,0.02740803, Accelerometer (raw), x,-0.050857544
170200, Attitude, Yaw,-3.112874656, Accelerometer (raw), y,-0.222488403
170200, Attitude, Pitch,0.351577112, Accelerometer (raw), z,-0.892150879
170200, Attitude, Roll,0.034549603, Accelerometer (raw), x,-0.032989502
170200, Attitude, Yaw,-3.133303843, Accelerometer (raw), y,-0.311187744
170200, Attitude, Pitch,0.331583646, Accelerometer (raw), z,-0.850082397
170200, Attitude, Roll,0.045297976, Accelerometer (raw), x,0.044342041
170200, Attitude, Yaw,-3.132315306, Accelerometer (raw), y,-0.424926758
170200, Attitude, Pitch,0.331992538, Accelerometer (raw), z,-0.874328613
170200, Attitude, Roll,0.044792201, Accelerometer (raw), x,0.012451172
170200, Attitude, Yaw,-3.127227233, Accelerometer (raw), y,-0.390411377
170200, Attitude, Pitch,0.347263048, Accelerometer (raw), z,-0.971160889
170200, Attitude, Roll,0.043435676, Accelerometer (raw), x,0.12789917
170200, Attitude, Yaw,-3.114449022, Accelerometer (raw), y,-0.397888184
170200, Attitude, Pitch,0.353775791, Accelerometer (raw), z,-1.013656616
170200, Attitude, Roll,0.052230916, Accelerometer (raw), x,0.026916504
170200, Attitude, Yaw,-3.092224781, Accelerometer (raw), y,-0.060897827
170200, Attitude, Pitch,0.350817631, Accelerometer (raw), z,-1.141036987
170200, Attitude, Roll,0.028582349, Accelerometer (raw), x,0.013671875
170200, Attitude, Yaw,-3.080733044, Accelerometer (raw), y,-0.070465088
170200, Attitude, Pitch,0.320275855, Accelerometer (raw), z,-0.968032837
170201, Attitude, Roll,0.043919647, Accelerometer (raw), x,0.062026978
170201, Attitude, Yaw,-3.050851639, Accelerometer (raw), y,-0.18510437
170201, Attitude, Pitch,0.330446347, Accelerometer (raw), z,-0.838409424
170201, Attitude, Roll,0.03757738, Accelerometer (raw), x,0.085449219
170201, Attitude, Yaw,-3.043379699, Accelerometer (raw), y,-0.258804321
170201, Attitude, Pitch,0.347764136, Accelerometer (raw), z,-0.881011963
170201, Attitude, Roll,0.036896413, Accelerometer (raw), x,0.115600586
170201, Attitude, Yaw,-3.043021361, Accelerometer (raw), y,-0.359115601
170201, Attitude, Pitch,0.364562146, Accelerometer (raw), z,-0.91545105
170201, Attitude, Roll,0.044975349, Accelerometer (raw), x,0.10043335
170201, Attitude, Yaw,-3.04828969, Accelerometer (raw), y,-0.425262451
170201, Attitude, Pitch,0.393133809, Accelerometer (raw), z,-0.949829102
170201, Attitude, Roll,0.043771642, Accelerometer (raw), x,0.047119141
170201, Attitude, Yaw,-3.05449387, Accelerometer (raw), y,-0.439682007
170201, Attitude, Pitch,0.429458216, Accelerometer (raw), z,-0.973892212
170201, Attitude, Roll,0.032381871, Accelerometer (raw), x,-0.098403931
170201, Attitude, Yaw,-3.04244615, Accelerometer (raw), y,-0.097900391
170201, Attitude, Pitch,0.447287432, Accelerometer (raw), z,-1.18586731
170201, Attitude, Roll,0.020881054, Accelerometer (raw), x,-0.178146362
170201, Attitude, Yaw,-3.053322623, Accelerometer (raw), y,-0.172241211
170201, Attitude, Pitch,0.398824781, Accelerometer (raw), z,-0.896575928
170201, Attitude, Roll,0.023140876, Accelerometer (raw), x,-0.062011719
170201, Attitude, Yaw,-3.033630821, Accelerometer (raw), y,-0.264831543
170201, Attitude, Pitch,0.418570213, Accelerometer (raw), z,-0.778488159
170201, Attitude, Roll,0.025933532, Accelerometer (raw), x,-0.033981323
170201, Attitude, Yaw,-3.058901215, Accelerometer (raw), y,-0.324966431
170201, Attitude, Pitch,0.428714248, Accelerometer (raw), z,-0.839370728
170201, Attitude, Roll,0.028562683, Accelerometer (raw), x,-0.004180908
170201, Attitude, Yaw,-3.088354528, Accelerometer (raw), y,-0.42124939
170201, Attitude, Pitch,0.423052944, Accelerometer (raw), z,-0.833084106
170202, Attitude, Roll,0.021036366, Accelerometer (raw), x,-0.008956909
170202, Attitude, Yaw,-3.088732941, Accelerometer (raw), y,-0.503982544
170202, Attitude, Pitch,0.437756357, Accelerometer (raw), z,-0.891235352
170202, Attitude, Roll,0.024557267, Accelerometer (raw), x,0.004562378
170202, Attitude, Yaw,-3.088583566, Accelerometer (raw), y,-0.464691162
170202, Attitude, Pitch,0.448394572, Accelerometer (raw), z,-0.910736084
170202, Attitude, Roll,0.035552238, Accelerometer (raw), x,-0.016113281
170202, Attitude, Yaw,-3.07226873, Accelerometer (raw), y,-0.335830688
170202, Attitude, Pitch,0.465884417, Accelerometer (raw), z,-1.246459961
170202, Attitude, Roll,0.015567416, Accelerometer (raw), x,0.060195923
170202, Attitude, Yaw,-3.059758065, Accelerometer (raw), y,-0.2837677
170202, Attitude, Pitch,0.436574785, Accelerometer (raw), z,-1.055130005
170202, Attitude, Roll,0.010456578, Accelerometer (raw), x,-0.040313721
170202, Attitude, Yaw,-3.025340652, Accelerometer (raw), y,-0.23928833
170202, Attitude, Pitch,0.44162377, Accelerometer (raw), z,-0.912384033
170202, Attitude, Roll,0.031462227, Accelerometer (raw), x,0.02381897
170202, Attitude, Yaw,-3.015074833, Accelerometer (raw), y,-0.298904419
170202, Attitude, Pitch,0.439506434, Accelerometer (raw), z,-0.862030029
170202, Attitude, Roll,0.037235984, Accelerometer (raw), x,0.052474976
170202, Attitude, Yaw,-3.010002605, Accelerometer (raw), y,-0.399963379
170202, Attitude, Pitch,0.443689033, Accelerometer (raw), z,-0.85446167
170202, Attitude, Roll,0.039661073, Accelerometer (raw), x,0.042388916
170202, Attitude, Yaw,-3.009885175, Accelerometer (raw), y,-0.464309692
170202, Attitude, Pitch,0.456517062, Accelerometer (raw), z,-0.861328125
170202, Attitude, Roll,0.058832561, Accelerometer (raw), x,0.12147522
170202, Attitude, Yaw,-3.01710599, Accelerometer (raw), y,-0.505874634
170202, Attitude, Pitch,0.459945116, Accelerometer (raw), z,-0.828887939
170202, Attitude, Roll,0.06673502, Accelerometer (raw), x,0.058776855
170202, Attitude, Yaw,-3.031051443, Accelerometer (raw), y,-0.435256958
170202, Attitude, Pitch,0.478955308, Accelerometer (raw), z,-0.996749878
170203, Attitude, Roll,0.041404486, Accelerometer (raw), x,-0.082702637
170203, Attitude, Yaw,-3.05941525, Accelerometer (raw), y,-0.128967285
170203, Attitude, Pitch,0.450979275, Accelerometer (raw), z,-1.118759155
170203, Attitude, Roll,0.005415379, Accelerometer (raw), x,-0.165039063
170203, Attitude, Yaw,-3.061787774, Accelerometer (raw), y,-0.168334961
170203, Attitude, Pitch,0.418891379, Accelerometer (raw), z,-0.982330322
170203, Attitude, Roll,0.00550643, Accelerometer (raw), x,-0.039993286
170203, Attitude, Yaw,-3.076476971, Accelerometer (raw), y,-0.2709198
170203, Attitude, Pitch,0.422039765, Accelerometer (raw), z,-0.776184082
170203, Attitude, Roll,-0.00012485, Accelerometer (raw), x,-0.062957764
170203, Attitude, Yaw,-3.103354709, Accelerometer (raw), y,-0.296218872
170203, Attitude, Pitch,0.416754069, Accelerometer (raw), z,-0.86366272
170203, Attitude, Roll,-0.008554647, Accelerometer (raw), x,-0.028488159
170203, Attitude, Yaw,-3.124942398, Accelerometer (raw), y,-0.367492676
170203, Attitude, Pitch,0.409427323, Accelerometer (raw), z,-0.818649292
170203, Attitude, Roll,-0.002053947, Accelerometer (raw), x,0.022613525
170203, Attitude, Yaw,-3.139416328, Accelerometer (raw), y,-0.503265381
170203, Attitude, Pitch,0.399556125, Accelerometer (raw), z,-0.85369873
170203, Attitude, Roll,0.005389866, Accelerometer (raw), x,-0.006317139
170203, Attitude, Yaw,3.140536799, Accelerometer (raw), y,-0.399673462
170203, Attitude, Pitch,0.391569641, Accelerometer (raw), z,-0.998687744
170203, Attitude, Roll,0.010959439, Accelerometer (raw), x,0.033905029
170203, Attitude, Yaw,3.136929217, Accelerometer (raw), y,-0.379150391
170203, Attitude, Pitch,0.373140639, Accelerometer (raw), z,-1.087615967
170203, Attitude, Roll,0.020824841, Accelerometer (raw), x,-0.033126831
170203, Attitude, Yaw,-3.120774901, Accelerometer (raw), y,-0.218826294
170203, Attitude, Pitch,0.387525645, Accelerometer (raw), z,-1.008071899
170203, Attitude, Roll,-0.009268603, Accelerometer (raw), x,-0.167144775
170203, Attitude, Yaw,-3.105151367, Accelerometer (raw), y,-0.16809082
170203, Attitude, Pitch,0.368917597, Accelerometer (raw), z,-0.991104126
170204, Attitude, Roll,-0.10531827, Accelerometer (raw), x,-0.108322144
170204, Attitude, Yaw,-3.081323099, Accelerometer (raw), y,-0.262817383
170204, Attitude, Pitch,0.407067657, Accelerometer (raw), z,-0.811416626
170204, Attitude, Roll,-0.135162399, Accelerometer (raw), x,-0.192276001
170204, Attitude, Yaw,-3.079845726, Accelerometer (raw), y,-0.308410645
170204, Attitude, Pitch,0.424394411, Accelerometer (raw), z,-0.806060791
170204, Attitude, Roll,-0.117402837, Accelerometer (raw), x,0.029968262
170204, Attitude, Yaw,-3.063679826, Accelerometer (raw), y,-0.376831055
170204, Attitude, Pitch,0.437153712, Accelerometer (raw), z,-0.878479004
170204, Attitude, Roll,0.030743397, Accelerometer (raw), x,0.05078125
170204, Attitude, Yaw,-3.047383549, Accelerometer (raw), y,-0.500488281
170204, Attitude, Pitch,0.390348983, Accelerometer (raw), z,-0.902313232
170204, Attitude, Roll,0.050036603, Accelerometer (raw), x,0.066101074
170204, Attitude, Yaw,-3.040989157, Accelerometer (raw), y,-0.492630005
170204, Attitude, Pitch,0.430419178, Accelerometer (raw), z,-0.955337524
170204, Attitude, Roll,0.03454593, Accelerometer (raw), x,-0.152069092
170204, Attitude, Yaw,-3.059022099, Accelerometer (raw), y,-0.213500977
170204, Attitude, Pitch,0.451636895, Accelerometer (raw), z,-1.132476807
170204, Attitude, Roll,-0.026959049, Accelerometer (raw), x,-0.178863525
170204, Attitude, Yaw,-3.078096201, Accelerometer (raw), y,-0.137527466
170204, Attitude, Pitch,0.425552226, Accelerometer (raw), z,-1.002182007
170204, Attitude, Roll,-0.054909664, Accelerometer (raw), x,-0.127563477
170204, Attitude, Yaw,-3.11855251, Accelerometer (raw), y,-0.251831055
170204, Attitude, Pitch,0.400858761, Accelerometer (raw), z,-0.80305481
170204, Attitude, Roll,-0.095084767, Accelerometer (raw), x,-0.137527466
170204, Attitude, Yaw,-3.134392343, Accelerometer (raw), y,-0.286590576
170204, Attitude, Pitch,0.429476472, Accelerometer (raw), z,-0.838287354
170204, Attitude, Roll,-0.090086485, Accelerometer (raw), x,-0.090576172
170204, Attitude, Yaw,3.12423435, Accelerometer (raw), y,-0.350692749
170204, Attitude, Pitch,0.431208638, Accelerometer (raw), z,-0.821777344
170205, Attitude, Roll,-0.043823863, Accelerometer (raw), x,-0.032424927
170205, Attitude, Yaw,3.107308455, Accelerometer (raw), y,-0.443832397
170205, Attitude, Pitch,0.366173895, Accelerometer (raw), z,-0.90713501
170205, Attitude, Roll,-0.036537801, Accelerometer (raw), x,-0.0703125
170205, Attitude, Yaw,3.10760921, Accelerometer (raw), y,-0.410995483
170205, Attitude, Pitch,0.357124259, Accelerometer (raw), z,-1.048843384
170205, Attitude, Roll,-0.020258191, Accelerometer (raw), x,-0.024688721
170205, Attitude, Yaw,3.122374747, Accelerometer (raw), y,-0.283782959
170205, Attitude, Pitch,0.359759017, Accelerometer (raw), z,-1.202392578
170205, Attitude, Roll,-0.001980624, Accelerometer (raw), x,-0.012329102
170205, Attitude, Yaw,3.136128052, Accelerometer (raw), y,-0.121444702
170205, Attitude, Pitch,0.359349933, Accelerometer (raw), z,-1.047821045
170205, Attitude, Roll,-0.004159509, Accelerometer (raw), x,-0.065917969
170205, Attitude, Yaw,-3.1346475, Accelerometer (raw), y,-0.152404785
170205, Attitude, Pitch,0.372045254, Accelerometer (raw), z,-0.846939087
170205, Attitude, Roll,-0.012406557, Accelerometer (raw), x,-0.01612854
170205, Attitude, Yaw,-3.112970153, Accelerometer (raw), y,-0.232940674
170205, Attitude, Pitch,0.340436226, Accelerometer (raw), z,-0.871337891
170205, Attitude, Roll,-0.004156625, Accelerometer (raw), x,0.012405396
170205, Attitude, Yaw,-3.09640144, Accelerometer (raw), y,-0.289505005
170205, Attitude, Pitch,0.344820309, Accelerometer (raw), z,-0.891403198
170205, Attitude, Roll,-0.012851351, Accelerometer (raw), x,0.047317505
170205, Attitude, Yaw,-3.092123567, Accelerometer (raw), y,-0.41015625
170205, Attitude, Pitch,0.344730155, Accelerometer (raw), z,-0.895065308
170205, Attitude, Roll,-0.000752208, Accelerometer (raw), x,0.025222778
170205, Attitude, Yaw,-3.098881306, Accelerometer (raw), y,-0.407302856
170205, Attitude, Pitch,0.359485605, Accelerometer (raw), z,-0.937210083
170205, Attitude, Roll,0.008032064, Accelerometer (raw), x,-0.050262451
170205, Attitude, Yaw,-3.105931481, Accelerometer (raw), y,-0.277008057
170205, Attitude, Pitch,0.383312605, Accelerometer (raw), z,-1.072235107
170206, Attitude, Roll,-0.011665965, Accelerometer (raw), x,-0.239044189
170206, Attitude, Yaw,-3.106019019, Accelerometer (raw), y,-0.045059204
170206, Attitude, Pitch,0.354256167, Accelerometer (raw), z,-1.072891235
170206, Attitude, Roll,-0.044584155, Accelerometer (raw), x,-0.135238647
170206, Attitude, Yaw,-3.10291784, Accelerometer (raw), y,-0.190673828
170206, Attitude, Pitch,0.338248972, Accelerometer (raw), z,-0.815628052
170206, Attitude, Roll,-0.044468528, Accelerometer (raw), x,-0.070831299
170206, Attitude, Yaw,-3.112444651, Accelerometer (raw), y,-0.254043579
170206, Attitude, Pitch,0.334348512, Accelerometer (raw), z,-0.85218811
170206, Attitude, Roll,-0.053044488, Accelerometer (raw), x,-0.08946228
170206, Attitude, Yaw,-3.140043596, Accelerometer (raw), y,-0.268585205
170206, Attitude, Pitch,0.310782402, Accelerometer (raw), z,-0.91835022
170206, Attitude, Roll,-0.063704221, Accelerometer (raw), x,-0.085525513
170206, Attitude, Yaw,3.120100773, Accelerometer (raw), y,-0.365921021
170206, Attitude, Pitch,0.285777605, Accelerometer (raw), z,-0.900848389
170206, Attitude, Roll,-0.055086444, Accelerometer (raw), x,-0.047576904
170206, Attitude, Yaw,3.112605092, Accelerometer (raw), y,-0.389862061
170206, Attitude, Pitch,0.285730961, Accelerometer (raw), z,-0.940185547
170206, Attitude, Roll,-0.041355052, Accelerometer (raw), x,-0.009094238
170206, Attitude, Yaw,3.116594494, Accelerometer (raw), y,-0.411621094
170206, Attitude, Pitch,0.294129709, Accelerometer (raw), z,-1.019317627
170206, Attitude, Roll,-0.032345295, Accelerometer (raw), x,-0.089126587
170206, Attitude, Yaw,3.134540715, Accelerometer (raw), y,-0.124237061
170206, Attitude, Pitch,0.315127002, Accelerometer (raw), z,-1.199310303
170206, Attitude, Roll,-0.025921475, Accelerometer (raw), x,-0.055053711
170206, Attitude, Yaw,-3.128225721, Accelerometer (raw), y,-0.110839844
170206, Attitude, Pitch,0.336053138, Accelerometer (raw), z,-1.028137207
170206, Attitude, Roll,-0.034031679, Accelerometer (raw), x,0.00869751
170206, Attitude, Yaw,-3.126381634, Accelerometer (raw), y,-0.191986084
170206, Attitude, Pitch,0.343524818, Accelerometer (raw), z,-0.842407227
170207, Attitude, Roll,-0.020345211, Accelerometer (raw), x,0.013061523
170207, Attitude, Yaw,-3.136498397, Accelerometer (raw), y,-0.216079712
170207, Attitude, Pitch,0.324251599, Accelerometer (raw), z,-0.89074707
170207, Attitude, Roll,-0.009083329, Accelerometer (raw), x,0.032730103
170207, Attitude, Yaw,3.138610725, Accelerometer (raw), y,-0.305297852
170207, Attitude, Pitch,0.328656783, Accelerometer (raw), z,-0.881072998
170207, Attitude, Roll,0.009944154, Accelerometer (raw), x,0.062469482
170207, Attitude, Yaw,3.128131419, Accelerometer (raw), y,-0.461929321
170207, Attitude, Pitch,0.332726309, Accelerometer (raw), z,-0.945373535
170207, Attitude, Roll,0.015270884, Accelerometer (raw), x,0.020690918
170207, Attitude, Yaw,3.129526104, Accelerometer (raw), y,-0.436218262
170207, Attitude, Pitch,0.354517847, Accelerometer (raw), z,-0.959060669
170207, Attitude, Roll,0.010130026, Accelerometer (raw), x,-0.128265381
170207, Attitude, Yaw,3.138381232, Accelerometer (raw), y,-0.191772461
170207, Attitude, Pitch,0.382006722, Accelerometer (raw), z,-1.086105347
170207, Attitude, Roll,-0.017869299, Accelerometer (raw), x,-0.25189209
170207, Attitude, Yaw,-3.135456062, Accelerometer (raw), y,-0.022247314
170207, Attitude, Pitch,0.378672691, Accelerometer (raw), z,-1.055862427
170207, Attitude, Roll,-0.04466686, Accelerometer (raw), x,-0.104568481
170207, Attitude, Yaw,-3.121310867, Accelerometer (raw), y,-0.234268188
170207, Attitude, Pitch,0.366995966, Accelerometer (raw), z,-0.795196533
170207, Attitude, Roll,-0.062916819, Accelerometer (raw), x,-0.069091797
170207, Attitude, Yaw,-3.129320011, Accelerometer (raw), y,-0.286239624
170207, Attitude, Pitch,0.348448803, Accelerometer (raw), z,-0.866485596
170207, Attitude, Roll,-0.069212773, Accelerometer (raw), x,-0.056655884
170207, Attitude, Yaw,-3.138694909, Accelerometer (raw), y,-0.301971436
170207, Attitude, Pitch,0.340808476, Accelerometer (raw), z,-0.855545044
170207, Attitude, Roll,-0.074268412, Accelerometer (raw), x,-0.023971558
170207, Attitude, Yaw,3.124252351, Accelerometer (raw), y,-0.460205078
170207, Attitude, Pitch,0.325083777, Accelerometer (raw), z,-0.851501465
170208, Attitude, Roll,-0.040224202, Accelerometer (raw), x,-0.090362549
170208, Attitude, Yaw,3.137485785, Accelerometer (raw), y,-0.430603027
170208, Attitude, Pitch,0.34914101, Accelerometer (raw), z,-1.04486084
170208, Attitude, Roll,-0.034997222, Accelerometer (raw), x,-0.13861084
170208, Attitude, Yaw,-3.120876451, Accelerometer (raw), y,-0.243682861
170208, Attitude, Pitch,0.361144022, Accelerometer (raw), z,-1.327316284
170208, Attitude, Roll,-0.043973387, Accelerometer (raw), x,-0.04246521
170208, Attitude, Yaw,-3.089272207, Accelerometer (raw), y,-0.157165527
170208, Attitude, Pitch,0.340247147, Accelerometer (raw), z,-0.966033936
170208, Attitude, Roll,-0.037544614, Accelerometer (raw), x,-0.068878174
170208, Attitude, Yaw,-3.05988372, Accelerometer (raw), y,-0.143493652
170208, Attitude, Pitch,0.358382578, Accelerometer (raw), z,-0.887908936
170208, Attitude, Roll,-0.05232516, Accelerometer (raw), x,-0.018920898
170208, Attitude, Yaw,-3.039849691, Accelerometer (raw), y,-0.232803345
170208, Attitude, Pitch,0.349794447, Accelerometer (raw), z,-0.843276978
170208, Attitude, Roll,-0.04073486, Accelerometer (raw), x,0.006912231
170208, Attitude, Yaw,-3.039396889, Accelerometer (raw), y,-0.348022461
170208, Attitude, Pitch,0.33878493, Accelerometer (raw), z,-0.858657837
170208, Attitude, Roll,-0.029819501, Accelerometer (raw), x,-0.008560181
170208, Attitude, Yaw,-3.046690261, Accelerometer (raw), y,-0.468978882
170208, Attitude, Pitch,0.336534349, Accelerometer (raw), z,-0.926025391
170208, Attitude, Roll,-0.020170699, Accelerometer (raw), x,0.02243042
170208, Attitude, Yaw,-3.053374344, Accelerometer (raw), y,-0.464950562
170208, Attitude, Pitch,0.348388784, Accelerometer (raw), z,-0.918579102
170208, Attitude, Roll,-0.010852466, Accelerometer (raw), x,-0.085632324
170208, Attitude, Yaw,-3.068082826, Accelerometer (raw), y,-0.247665405
170208, Attitude, Pitch,0.38070886, Accelerometer (raw), z,-1.12651062
170208, Attitude, Roll,-0.007459271, Accelerometer (raw), x,-0.272262573
170208, Attitude, Yaw,-3.078203082, Accelerometer (raw), y,-0.010955811
170208, Attitude, Pitch,0.4006512, Accelerometer (raw), z,-1.138366699
170209, Attitude, Roll,-0.048618936, Accelerometer (raw), x,-0.129928589
170209, Attitude, Yaw,-3.077774382, Accelerometer (raw), y,-0.228408813
170209, Attitude, Pitch,0.347912037, Accelerometer (raw), z,-0.767120361
170209, Attitude, Roll,-0.039658262, Accelerometer (raw), x,-0.077682495
170209, Attitude, Yaw,-3.097346121, Accelerometer (raw), y,-0.241195679
170209, Attitude, Pitch,0.355998794, Accelerometer (raw), z,-0.805664063
170209, Attitude, Roll,-0.046419736, Accelerometer (raw), x,-0.081512451
170209, Attitude, Yaw,-3.134536847, Accelerometer (raw), y,-0.284561157
170209, Attitude, Pitch,0.349898516, Accelerometer (raw), z,-0.869735718
170209, Attitude, Roll,-0.060426353, Accelerometer (raw), x,-0.066085815
170209, Attitude, Yaw,3.120826386, Accelerometer (raw), y,-0.390777588
170209, Attitude, Pitch,0.327566418, Accelerometer (raw), z,-0.92527771
170209, Attitude, Roll,-0.065482605, Accelerometer (raw), x,-0.083724976
170209, Attitude, Yaw,3.114360786, Accelerometer (raw), y,-0.416534424
170209, Attitude, Pitch,0.325125847, Accelerometer (raw), z,-0.9584198
170209, Attitude, Roll,-0.052638723, Accelerometer (raw), x,-0.024902344
170209, Attitude, Yaw,3.122908148, Accelerometer (raw), y,-0.385543823
170209, Attitude, Pitch,0.325673073, Accelerometer (raw), z,-1.076812744
170209, Attitude, Roll,-0.047960495, Accelerometer (raw), x,0.033493042
170209, Attitude, Yaw,-3.131349334, Accelerometer (raw), y,-0.13508606
170209, Attitude, Pitch,0.336291251, Accelerometer (raw), z,-1.095916748
170209, Attitude, Roll,-0.036428808, Accelerometer (raw), x,-0.08013916
170209, Attitude, Yaw,-3.11322377, Accelerometer (raw), y,-0.097320557
170209, Attitude, Pitch,0.306020395, Accelerometer (raw), z,-0.983795166
170209, Attitude, Roll,-0.041626135, Accelerometer (raw), x,-0.000900269
170209, Attitude, Yaw,-3.102892706, Accelerometer (raw), y,-0.226043701
170209, Attitude, Pitch,0.326428252, Accelerometer (raw), z,-0.839889526
170210, Attitude, Roll,0.026807757, Accelerometer (raw), x,0.036605835
170210, Attitude, Yaw,-3.101419296, Accelerometer (raw), y,-0.294967651
170210, Attitude, Pitch,0.374251581, Accelerometer (raw), z,-0.873153687
170210, Attitude, Roll,0.029463421, Accelerometer (raw), x,0.101074219
170210, Attitude, Yaw,-3.095834178, Accelerometer (raw), y,-0.409957886
170210, Attitude, Pitch,0.40439211, Accelerometer (raw), z,-0.854217529
170210, Attitude, Roll,0.039340809, Accelerometer (raw), x,0.044235229
170210, Attitude, Yaw,-3.092707618, Accelerometer (raw), y,-0.461120605
170210, Attitude, Pitch,0.431253994, Accelerometer (raw), z,-0.887145996
170210, Attitude, Roll,0.008992974, Accelerometer (raw), x,0.015609741
170210, Attitude, Yaw,-3.089009425, Accelerometer (raw), y,-0.321762085
170210, Attitude, Pitch,0.371319581, Accelerometer (raw), z,-1.006408691
170210, Attitude, Roll,-0.03379948, Accelerometer (raw), x,-0.177505493
170210, Attitude, Yaw,-3.06602833, Accelerometer (raw), y,-0.086257935
170210, Attitude, Pitch,0.368030115, Accelerometer (raw), z,-1.111816406
170210, Attitude, Roll,-0.032388027, Accelerometer (raw), x,-0.121566772
170210, Attitude, Yaw,-3.097753301, Accelerometer (raw), y,-0.175506592
170210, Attitude, Pitch,0.360556225, Accelerometer (raw), z,-0.862503052
170210, Attitude, Roll,-0.039507108, Accelerometer (raw), x,-0.045227051
170210, Attitude, Yaw,-3.11185671, Accelerometer (raw), y,-0.285995483
170210, Attitude, Pitch,0.333976538, Accelerometer (raw), z,-0.78805542
170210, Attitude, Roll,-0.054423701, Accelerometer (raw), x,-0.09753418
170210, Attitude, Yaw,-3.114731503, Accelerometer (raw), y,-0.332672119
170210, Attitude, Pitch,0.326813861, Accelerometer (raw), z,-0.837631226
170210, Attitude, Roll,-0.047748723, Accelerometer (raw), x,-0.075561523
170210, Attitude, Yaw,-3.10842721, Accelerometer (raw), y,-0.446136475
170210, Attitude, Pitch,0.347821375, Accelerometer (raw), z,-0.925796509
170210, Attitude, Roll,-0.025391054, Accelerometer (raw), x,-0.033157349
170210, Attitude, Yaw,-3.083147464, Accelerometer (raw), y,-0.448303223
170210, Attitude, Pitch,0.368502299, Accelerometer (raw), z,-1.022109985
170211, Attitude, Roll,-0.026629833, Accelerometer (raw), x,-0.07019043
170211, Attitude, Yaw,-3.069909463, Accelerometer (raw), y,-0.297271729
170211, Attitude, Pitch,0.396979276, Accelerometer (raw), z,-1.274093628
170211, Attitude, Roll,-0.027041005, Accelerometer (raw), x,0.018478394
170211, Attitude, Yaw,-3.053868423, Accelerometer (raw), y,-0.207015991
170211, Attitude, Pitch,0.367545352, Accelerometer (raw), z,-1.006271362
170211, Attitude, Roll,-0.014963845, Accelerometer (raw), x,-0.050811768
170211, Attitude, Yaw,-3.043539567, Accelerometer (raw), y,-0.23236084
170211, Attitude, Pitch,0.366807813, Accelerometer (raw), z,-0.88420105
170211, Attitude, Roll,-0.005821209, Accelerometer (raw), x,-0.002868652
170211, Attitude, Yaw,-3.053443377, Accelerometer (raw), y,-0.294616699
170211, Attitude, Pitch,0.38094556, Accelerometer (raw), z,-0.806915283
170211, Attitude, Roll,0.007347781, Accelerometer (raw), x,0.05871582
170211, Attitude, Yaw,-3.069625443, Accelerometer (raw), y,-0.374252319
170211, Attitude, Pitch,0.404057062, Accelerometer (raw), z,-0.826293945
170211, Attitude, Roll,0.008414954, Accelerometer (raw), x,0.022354126
170211, Attitude, Yaw,-3.07384369, Accelerometer (raw), y,-0.455978394
170211, Attitude, Pitch,0.431530322, Accelerometer (raw), z,-0.933395386
170211, Attitude, Roll,-0.004374265, Accelerometer (raw), x,-0.000183105
170211, Attitude, Yaw,-3.077744329, Accelerometer (raw), y,-0.471374512
170211, Attitude, Pitch,0.436421608, Accelerometer (raw), z,-0.954864502
170211, Attitude, Roll,-0.037123517, Accelerometer (raw), x,-0.133758545
170211, Attitude, Yaw,-3.076118018, Accelerometer (raw), y,-0.183578491
170211, Attitude, Pitch,0.394271403, Accelerometer (raw), z,-1.146072388
170211, Attitude, Roll,-0.068007128, Accelerometer (raw), x,-0.252807617
170211, Attitude, Yaw,-3.063618781, Accelerometer (raw), y,-0.162078857
170211, Attitude, Pitch,0.39826602, Accelerometer (raw), z,-1.005767822
170211, Attitude, Roll,-0.063009206, Accelerometer (raw), x,-0.056945801
170211, Attitude, Yaw,-3.077873897, Accelerometer (raw), y,-0.274673462
170211, Attitude, Pitch,0.401181523, Accelerometer (raw), z,-0.741363525
170212, Attitude, Roll,-0.0489222, Accelerometer (raw), x,-0.11680603
170212, Attitude, Yaw,-3.116713012, Accelerometer (raw), y,-0.333450317
170212, Attitude, Pitch,0.376943593, Accelerometer (raw), z,-0.829849243
170212, Attitude, Roll,-0.041885794, Accelerometer (raw), x,-0.101516724
170212, Attitude, Yaw,-3.116345729, Accelerometer (raw), y,-0.389282227
170212, Attitude, Pitch,0.376390854, Accelerometer (raw), z,-0.791687012
170212, Attitude, Roll,-0.037214973, Accelerometer (raw), x,-0.036621094
170212, Attitude, Yaw,-3.117766264, Accelerometer (raw), y,-0.476028442
170212, Attitude, Pitch,0.370598804, Accelerometer (raw), z,-0.927062988
170212, Attitude, Roll,-0.014160958, Accelerometer (raw), x,0.000869751
170212, Attitude, Yaw,-3.112887974, Accelerometer (raw), y,-0.4715271
170212, Attitude, Pitch,0.37633958, Accelerometer (raw), z,-1.013504028
170212, Attitude, Roll,-0.012816274, Accelerometer (raw), x,0.011367798
170212, Attitude, Yaw,-3.119573331, Accelerometer (raw), y,-0.242019653
170212, Attitude, Pitch,0.353211746, Accelerometer (raw), z,-1.24230957
170212, Attitude, Roll,-0.015210718, Accelerometer (raw), x,-0.00340271
170212, Attitude, Yaw,-3.074273223, Accelerometer (raw), y,-0.220306396
170212, Attitude, Pitch,0.373867247, Accelerometer (raw), z,-0.955688477
170212, Attitude, Roll,-0.038763986, Accelerometer (raw), x,-0.08164978
170212, Attitude, Yaw,-3.037693319, Accelerometer (raw), y,-0.226150513
170212, Attitude, Pitch,0.374266789, Accelerometer (raw), z,-0.933654785
170212, Attitude, Roll,-0.037102334, Accelerometer (raw), x,-0.002624512
170212, Attitude, Yaw,-3.028300536, Accelerometer (raw), y,-0.306350708
170212, Attitude, Pitch,0.378500091, Accelerometer (raw), z,-0.833709717
170212, Attitude, Roll,-0.024266552, Accelerometer (raw), x,0.050125122
170212, Attitude, Yaw,-3.036787824, Accelerometer (raw), y,-0.365371704
170212, Attitude, Pitch,0.388881133, Accelerometer (raw), z,-0.863143921
170212, Attitude, Roll,-0.017584241, Accelerometer (raw), x,0.004959106
170212, Attitude, Yaw,-3.037668731, Accelerometer (raw), y,-0.475418091
170212, Attitude, Pitch,0.424400413, Accelerometer (raw), z,-0.831817627
170213, Attitude, Roll,-0.083858868, Accelerometer (raw), x,-0.058624268
170213, Attitude, Yaw,-3.047037676, Accelerometer (raw), y,-0.464401245
170213, Attitude, Pitch,0.42357134, Accelerometer (raw), z,-0.939834595
170213, Attitude, Roll,-0.11114781, Accelerometer (raw), x,-0.168807983
170213, Attitude, Yaw,-3.03937004, Accelerometer (raw), y,-0.281326294
170213, Attitude, Pitch,0.379077622, Accelerometer (raw), z,-1.08430481
170213, Attitude, Roll,-0.151628396, Accelerometer (raw), x,-0.321289063
170213, Attitude, Yaw,-3.031890881, Accelerometer (raw), y,-0.156661987
170213, Attitude, Pitch,0.373261613, Accelerometer (raw), z,-1.054824829
170213, Attitude, Roll,-0.129921722, Accelerometer (raw), x,-0.170623779
170213, Attitude, Yaw,-3.040990245, Accelerometer (raw), y,-0.273361206
170213, Attitude, Pitch,0.373236293, Accelerometer (raw), z,-0.780990601
170213, Attitude, Roll,-0.116373652, Accelerometer (raw), x,-0.152984619
170213, Attitude, Yaw,-3.07237445, Accelerometer (raw), y,-0.315872192
170213, Attitude, Pitch,0.355643812, Accelerometer (raw), z,-0.800140381
170213, Attitude, Roll,-0.060361305, Accelerometer (raw), x,-0.097610474
170213, Attitude, Yaw,-3.098518334, Accelerometer (raw), y,-0.334457397
170213, Attitude, Pitch,0.301465933, Accelerometer (raw), z,-0.810592651
170213, Attitude, Roll,-0.046263748, Accelerometer (raw), x,-0.026992798
170213, Attitude, Yaw,-3.102268021, Accelerometer (raw), y,-0.454772949
170213, Attitude, Pitch,0.305906567, Accelerometer (raw), z,-0.900115967
170213, Attitude, Roll,-0.037323315, Accelerometer (raw), x,-0.034362793
170213, Attitude, Yaw,-3.094673716, Accelerometer (raw), y,-0.411865234
170213, Attitude, Pitch,0.304999111, Accelerometer (raw), z,-1.010726929
170213, Attitude, Roll,-0.01724181, Accelerometer (raw), x,-0.034988403
170213, Attitude, Yaw,-3.071763089, Accelerometer (raw), y,-0.395797729
170213, Attitude, Pitch,0.314223481, Accelerometer (raw), z,-1.170959473
170213, Attitude, Roll,-0.029489888, Accelerometer (raw), x,0.018249512
170213, Attitude, Yaw,-3.06834884, Accelerometer (raw), y,-0.12902832
170213, Attitude, Pitch,0.298920948, Accelerometer (raw), z,-1.064682007
170214, Attitude, Roll,-0.031533944, Accelerometer (raw), x,-0.050811768
170214, Attitude, Yaw,-3.029898857, Accelerometer (raw), y,-0.099533081
170214, Attitude, Pitch,0.31307523, Accelerometer (raw), z,-0.965545654
170214, Attitude, Roll,-0.007962528, Accelerometer (raw), x,-0.06741333
170214, Attitude, Yaw,-3.038496497, Accelerometer (raw), y,-0.20791626
170214, Attitude, Pitch,0.330465904, Accelerometer (raw), z,-0.789535522
170214, Attitude, Roll,0.013435412, Accelerometer (raw), x,0.040328979
170214, Attitude, Yaw,-3.065659265, Accelerometer (raw), y,-0.308578491
170214, Attitude, Pitch,0.338576075, Accelerometer (raw), z,-0.796707153
170214, Attitude, Roll,0.02751943, Accelerometer (raw), x,0.05406189
170214, Attitude, Yaw,-3.088684061, Accelerometer (raw), y,-0.418609619
170214, Attitude, Pitch,0.3562456, Accelerometer (raw), z,-0.931472778
170214, Attitude, Roll,0.045118973, Accelerometer (raw), x,0.057662964
170214, Attitude, Yaw,-3.100520669, Accelerometer (raw), y,-0.441238403
170214, Attitude, Pitch,0.381507356, Accelerometer (raw), z,-0.943771362
170214, Attitude, Roll,0.060341079, Accelerometer (raw), x,0.052276611
170214, Attitude, Yaw,-3.095576527, Accelerometer (raw), y,-0.298126221
170214, Attitude, Pitch,0.36691934, Accelerometer (raw), z,-1.104370117
170214, Attitude, Roll,0.050657524, Accelerometer (raw), x,-0.067230225
170214, Attitude, Yaw,-3.092424052, Accelerometer (raw), y,-0.136001587
170214, Attitude, Pitch,0.326399565, Accelerometer (raw), z,-1.048675537
170214, Attitude, Roll,0.036245862, Accelerometer (raw), x,-0.042160034
170214, Attitude, Yaw,-3.081402717, Accelerometer (raw), y,-0.202590942
170214, Attitude, Pitch,0.344405664, Accelerometer (raw), z,-0.869247437
170214, Attitude, Roll,0.046805857, Accelerometer (raw), x,0.007247925
170214, Attitude, Yaw,-3.100077785, Accelerometer (raw), y,-0.27394104
170214, Attitude, Pitch,0.351591014, Accelerometer (raw), z,-0.819335938
170214, Attitude, Roll,0.042070388, Accelerometer (raw), x,-0.039993286
170214, Attitude, Yaw,-3.101064769, Accelerometer (raw), y,-0.333465576
170214, Attitude, Pitch,0.350730037, Accelerometer (raw), z,-0.83833313
170215, Attitude, Roll,0.060499382, Accelerometer (raw), x,0.021331787
170215, Attitude, Yaw,-3.105896522, Accelerometer (raw), y,-0.419967651
170215, Attitude, Pitch,0.36220169, Accelerometer (raw), z,-0.824005127
170215, Attitude, Roll,0.060090898, Accelerometer (raw), x,0.032150269
170215, Attitude, Yaw,-3.08221058, Accelerometer (raw), y,-0.450134277
170215, Attitude, Pitch,0.370491716, Accelerometer (raw), z,-0.962921143
170215, Attitude, Roll,0.059274602, Accelerometer (raw), x,0.071044922
170215, Attitude, Yaw,-3.05446134, Accelerometer (raw), y,-0.469680786
170215, Attitude, Pitch,0.367837579, Accelerometer (raw), z,-1.053314209
170215, Attitude, Roll,0.063268634, Accelerometer (raw), x,0.070632935
170215, Attitude, Yaw,-3.061134166, Accelerometer (raw), y,-0.208999634
170215, Attitude, Pitch,0.363925208, Accelerometer (raw), z,-0.985305786
170215, Attitude, Roll,0.059364885, Accelerometer (raw), x,0.11100769
170215, Attitude, Yaw,-3.068344636, Accelerometer (raw), y,-0.117324829
170215, Attitude, Pitch,0.342793056, Accelerometer (raw), z,-0.985595703
170215, Attitude, Roll,0.071116602, Accelerometer (raw), x,0.053161621
170215, Attitude, Yaw,-3.045300623, Accelerometer (raw), y,-0.196212769
170215, Attitude, Pitch,0.344623748, Accelerometer (raw), z,-0.840637207
170215, Attitude, Roll,0.079526168, Accelerometer (raw), x,0.069061279
170215, Attitude, Yaw,-3.041328171, Accelerometer (raw), y,-0.280303955
170215, Attitude, Pitch,0.336009693, Accelerometer (raw), z,-0.870864868
170215, Attitude, Roll,0.088820884, Accelerometer (raw), x,0.089630127
170215, Attitude, Yaw,-3.046932465, Accelerometer (raw), y,-0.403900146
170215, Attitude, Pitch,0.337702244, Accelerometer (raw), z,-0.90184021
170215, Attitude, Roll,0.089009995, Accelerometer (raw), x,0.075592041
170215, Attitude, Yaw,-3.05546622, Accelerometer (raw), y,-0.467300415
170215, Attitude, Pitch,0.351119912, Accelerometer (raw), z,-0.917831421
170215, Attitude, Roll,0.077367988, Accelerometer (raw), x,0.023269653
170215, Attitude, Yaw,-3.05727507, Accelerometer (raw), y,-0.41317749
170215, Attitude, Pitch,0.376971403, Accelerometer (raw), z,-1.007614136
170216, Attitude, Roll,-0.007005052, Accelerometer (raw), x,-0.092407227
170216, Attitude, Yaw,-3.074045966, Accelerometer (raw), y,-0.124771118
170216, Attitude, Pitch,0.360221237, Accelerometer (raw), z,-1.118545532
170216, Attitude, Roll,-0.027358232, Accelerometer (raw), x,-0.114303589
170216, Attitude, Yaw,-3.079737394, Accelerometer (raw), y,-0.10093689
170216, Attitude, Pitch,0.350787821, Accelerometer (raw), z,-0.995422363
170216, Attitude, Roll,-0.027568809, Accelerometer (raw), x,-0.01524353
170216, Attitude, Yaw,-3.088050084, Accelerometer (raw), y,-0.250289917
170216, Attitude, Pitch,0.35080336, Accelerometer (raw), z,-0.760925293
170216, Attitude, Roll,-0.03215125, Accelerometer (raw), x,-0.074584961
170216, Attitude, Yaw,-3.096765108, Accelerometer (raw), y,-0.302581787
170216, Attitude, Pitch,0.335434435, Accelerometer (raw), z,-0.86517334
170216, Attitude, Roll,-0.012908768, Accelerometer (raw), x,-0.042831421
170216, Attitude, Yaw,-3.107093578, Accelerometer (raw), y,-0.359329224
170216, Attitude, Pitch,0.319881264, Accelerometer (raw), z,-0.840255737
170216, Attitude, Roll,-0.008434437, Accelerometer (raw), x,-0.065093994
170216, Attitude, Yaw,-3.092364594, Accelerometer (raw), y,-0.455627441
170216, Attitude, Pitch,0.334044628, Accelerometer (raw), z,-0.93586731
170216, Attitude, Roll,-0.028466133, Accelerometer (raw), x,-0.013778687
170216, Attitude, Yaw,-3.07928153, Accelerometer (raw), y,-0.40322876
170216, Attitude, Pitch,0.355252716, Accelerometer (raw), z,-1.030410767
170216, Attitude, Roll,-0.013581983, Accelerometer (raw), x,-0.035232544
170216, Attitude, Yaw,-3.065680124, Accelerometer (raw), y,-0.26423645
170216, Attitude, Pitch,0.355217035, Accelerometer (raw), z,-1.328674316
170216, Attitude, Roll,-0.035675348, Accelerometer (raw), x,-0.018966675
170216, Attitude, Yaw,-3.03923168, Accelerometer (raw), y,-0.214782715
170216, Attitude, Pitch,0.353239768, Accelerometer (raw), z,-0.995727539
170216, Attitude, Roll,-0.039575504, Accelerometer (raw), x,-0.006240845
170216, Attitude, Yaw,-3.02356922, Accelerometer (raw), y,-0.18598938
170216, Attitude, Pitch,0.363201949, Accelerometer (raw), z,-0.830413818
170217, Attitude, Roll,-0.01333432, Accelerometer (raw), x,0.032012939
170217, Attitude, Yaw,-3.027695973, Accelerometer (raw), y,-0.266723633
170217, Attitude, Pitch,0.370794458, Accelerometer (raw), z,-0.841537476
170217, Attitude, Roll,-3.77E-05, Accelerometer (raw), x,0.054718018
170217, Attitude, Yaw,-3.040880069, Accelerometer (raw), y,-0.315643311
170217, Attitude, Pitch,0.374052566, Accelerometer (raw), z,-0.867675781
170217, Attitude, Roll,0.009163822, Accelerometer (raw), x,0.072937012
170217, Attitude, Yaw,-3.049729624, Accelerometer (raw), y,-0.427001953
170217, Attitude, Pitch,0.384844836, Accelerometer (raw), z,-0.881088257
170217, Attitude, Roll,0.00913006, Accelerometer (raw), x,0.055587769
170217, Attitude, Yaw,-3.052933061, Accelerometer (raw), y,-0.43711853
170217, Attitude, Pitch,0.404161206, Accelerometer (raw), z,-0.950668335
170217, Attitude, Roll,-0.012921092, Accelerometer (raw), x,-0.079574585
170217, Attitude, Yaw,-3.051543723, Accelerometer (raw), y,-0.215896606
170217, Attitude, Pitch,0.390328759, Accelerometer (raw), z,-1.165115356
170217, Attitude, Roll,-0.035178373, Accelerometer (raw), x,-0.236785889
170217, Attitude, Yaw,-3.049666631, Accelerometer (raw), y,-0.027572632
170217, Attitude, Pitch,0.351205797, Accelerometer (raw), z,-1.134597778
170217, Attitude, Roll,-0.051276343, Accelerometer (raw), x,-0.097183228
170217, Attitude, Yaw,-3.029807588, Accelerometer (raw), y,-0.208114624
170217, Attitude, Pitch,0.362537156, Accelerometer (raw), z,-0.721481323
170217, Attitude, Roll,-0.061301917, Accelerometer (raw), x,-0.078308105
170217, Attitude, Yaw,-3.026742467, Accelerometer (raw), y,-0.311630249
170217, Attitude, Pitch,0.363494067, Accelerometer (raw), z,-0.817932129
170217, Attitude, Roll,-0.060507286, Accelerometer (raw), x,-0.107299805
170217, Attitude, Yaw,-3.03925547, Accelerometer (raw), y,-0.323501587
170217, Attitude, Pitch,0.335401588, Accelerometer (raw), z,-0.866729736
170217, Attitude, Roll,-0.047490231, Accelerometer (raw), x,-0.033462524
170217, Attitude, Yaw,-3.051439361, Accelerometer (raw), y,-0.406921387
170217, Attitude, Pitch,0.312664933, Accelerometer (raw), z,-0.91355896
170218, Attitude, Roll,-0.012827791, Accelerometer (raw), x,-0.016387939
170218, Attitude, Yaw,-3.057266788, Accelerometer (raw), y,-0.421585083
170218, Attitude, Pitch,0.315270878, Accelerometer (raw), z,-1.058853149
170218, Attitude, Roll,0.015926955, Accelerometer (raw), x,0.026321411
170218, Attitude, Yaw,-3.054333648, Accelerometer (raw), y,-0.302963257
170218, Attitude, Pitch,0.327683743, Accelerometer (raw), z,-1.182907104
170218, Attitude, Roll,0.010846388, Accelerometer (raw), x,-0.022277832
170218, Attitude, Yaw,-3.042561627, Accelerometer (raw), y,-0.136962891
170218, Attitude, Pitch,0.347778186, Accelerometer (raw), z,-1.027877808
170218, Attitude, Roll,-0.001979456, Accelerometer (raw), x,-0.05947876
170218, Attitude, Yaw,-3.010382722, Accelerometer (raw), y,-0.15574646
170218, Attitude, Pitch,0.349630433, Accelerometer (raw), z,-0.926742554
170218, Attitude, Roll,-0.002679127, Accelerometer (raw), x,0.001266479
170218, Attitude, Yaw,-2.992446579, Accelerometer (raw), y,-0.208602905
170218, Attitude, Pitch,0.36170112, Accelerometer (raw), z,-0.862670898
170218, Attitude, Roll,0.014145711, Accelerometer (raw), x,0.051055908
170218, Attitude, Yaw,-3.002048867, Accelerometer (raw), y,-0.282989502
170218, Attitude, Pitch,0.367964137, Accelerometer (raw), z,-0.853790283
170218, Attitude, Roll,0.027068296, Accelerometer (raw), x,0.041900635
170218, Attitude, Yaw,-3.030877335, Accelerometer (raw), y,-0.392196655
170218, Attitude, Pitch,0.365161403, Accelerometer (raw), z,-0.908416748
170218, Attitude, Roll,0.025527276, Accelerometer (raw), x,0.029647827
170218, Attitude, Yaw,-3.047726265, Accelerometer (raw), y,-0.460479736
170218, Attitude, Pitch,0.39160824, Accelerometer (raw), z,-0.885513306
170218, Attitude, Roll,0.011609353, Accelerometer (raw), x,-0.06036377
170218, Attitude, Yaw,-3.046911428, Accelerometer (raw), y,-0.305419922
170218, Attitude, Pitch,0.418066106, Accelerometer (raw), z,-1.145706177
170218, Attitude, Roll,-0.042132027, Accelerometer (raw), x,-0.252288818
170218, Attitude, Yaw,-3.05206202, Accelerometer (raw), y,-0.177032471
170218, Attitude, Pitch,0.374174148, Accelerometer (raw), z,-1.039627075
170219, Attitude, Roll,-0.114191747, Accelerometer (raw), x,-0.110794067
170219, Attitude, Yaw,-2.993865833, Accelerometer (raw), y,-0.192062378
170219, Attitude, Pitch,0.372939564, Accelerometer (raw), z,-0.852478027
170219, Attitude, Roll,-0.089090864, Accelerometer (raw), x,-0.104095459
170219, Attitude, Yaw,-3.022775807, Accelerometer (raw), y,-0.264862061
170219, Attitude, Pitch,0.373191864, Accelerometer (raw), z,-0.787582397
170219, Attitude, Roll,-0.033604321, Accelerometer (raw), x,-0.071624756
170219, Attitude, Yaw,-3.054701357, Accelerometer (raw), y,-0.348190308
170219, Attitude, Pitch,0.368180838, Accelerometer (raw), z,-0.830871582
170219, Attitude, Roll,0.000727234, Accelerometer (raw), x,-0.044494629
170219, Attitude, Yaw,-3.089416962, Accelerometer (raw), y,-0.42755127
170219, Attitude, Pitch,0.359456825, Accelerometer (raw), z,-0.896987915
170219, Attitude, Roll,0.010216731, Accelerometer (raw), x,-0.070755005
170219, Attitude, Yaw,-3.089616253, Accelerometer (raw), y,-0.428024292
170219, Attitude, Pitch,0.371309115, Accelerometer (raw), z,-1.010803223
170219, Attitude, Roll,0.005908122, Accelerometer (raw), x,0.028823853
170219, Attitude, Yaw,-3.070021362, Accelerometer (raw), y,-0.367858887
170219, Attitude, Pitch,0.386907736, Accelerometer (raw), z,-1.03012085
170219, Attitude, Roll,-0.004400106, Accelerometer (raw), x,0.049682617
170219, Attitude, Yaw,-3.059176086, Accelerometer (raw), y,-0.192810059
170219, Attitude, Pitch,0.385357685, Accelerometer (raw), z,-1.038284302
170219, Attitude, Roll,-0.024253138, Accelerometer (raw), x,-0.035354614
170219, Attitude, Yaw,-3.04253667, Accelerometer (raw), y,-0.168563843
170219, Attitude, Pitch,0.385939377, Accelerometer (raw), z,-0.937759399
170219, Attitude, Roll,-0.019835251, Accelerometer (raw), x,0.009963989
170219, Attitude, Yaw,-3.033233443, Accelerometer (raw), y,-0.251327515
170219, Attitude, Pitch,0.362271535, Accelerometer (raw), z,-0.852005005
170219, Attitude, Roll,0.002373699, Accelerometer (raw), x,0.009643555
170219, Attitude, Yaw,-3.029858332, Accelerometer (raw), y,-0.303146362
170219, Attitude, Pitch,0.35511149, Accelerometer (raw), z,-0.838287354
170220, Attitude, Roll,0.023557132, Accelerometer (raw), x,0.053649902
170220, Attitude, Yaw,-3.075672575, Accelerometer (raw), y,-0.36366272
170220, Attitude, Pitch,0.379981436, Accelerometer (raw), z,-0.857650757
170220, Attitude, Roll,0.026085126, Accelerometer (raw), x,0.10369873
170220, Attitude, Yaw,-3.100020465, Accelerometer (raw), y,-0.43963623
170220, Attitude, Pitch,0.391351689, Accelerometer (raw), z,-0.880523682
170220, Attitude, Roll,0.016112314, Accelerometer (raw), x,0.033218384
170220, Attitude, Yaw,-3.105533093, Accelerometer (raw), y,-0.350387573
170220, Attitude, Pitch,0.399230585, Accelerometer (raw), z,-0.973068237
170220, Attitude, Roll,-0.013982535, Accelerometer (raw), x,-0.144546509
170220, Attitude, Yaw,-3.10621316, Accelerometer (raw), y,0.04649353
170220, Attitude, Pitch,0.345402873, Accelerometer (raw), z,-1.295684814
170220, Attitude, Roll,-0.045079375, Accelerometer (raw), x,-0.184951782
170220, Attitude, Yaw,-3.085141915, Accelerometer (raw), y,-0.142303467
170220, Attitude, Pitch,0.321359906, Accelerometer (raw), z,-0.93107605
170220, Attitude, Roll,-0.0431689, Accelerometer (raw), x,-0.047317505
170220, Attitude, Yaw,-3.068905705, Accelerometer (raw), y,-0.259536743
170220, Attitude, Pitch,0.341606877, Accelerometer (raw), z,-0.726776123
170220, Attitude, Roll,-0.030122, Accelerometer (raw), x,-0.063369751
170220, Attitude, Yaw,-3.086917877, Accelerometer (raw), y,-0.276519775
170220, Attitude, Pitch,0.334717531, Accelerometer (raw), z,-0.865463257
170220, Attitude, Roll,-0.027518281, Accelerometer (raw), x,-0.042526245
170220, Attitude, Yaw,-3.105459229, Accelerometer (raw), y,-0.327713013
170220, Attitude, Pitch,0.307235444, Accelerometer (raw), z,-0.883056641
170220, Attitude, Roll,-0.026142039, Accelerometer (raw), x,0.009475708
170220, Attitude, Yaw,-3.112522042, Accelerometer (raw), y,-0.371200562
170220, Attitude, Pitch,0.300973271, Accelerometer (raw), z,-1.037597656
170220, Attitude, Roll,-0.024030429, Accelerometer (raw), x,0.06578064
170220, Attitude, Yaw,-3.107098207, Accelerometer (raw), y,-0.372543335
170220, Attitude, Pitch,0.304911222, Accelerometer (raw), z,-1.03074646
170221, Attitude, Roll,0.01936465, Accelerometer (raw), x,0.048202515
170221, Attitude, Yaw,-3.044526693, Accelerometer (raw), y,-0.107437134
170221, Attitude, Pitch,0.294998239, Accelerometer (raw), z,-1.163757324
170221, Attitude, Roll,-0.004071697, Accelerometer (raw), x,0.017318726
170221, Attitude, Yaw,-2.997293451, Accelerometer (raw), y,-0.09854126
170221, Attitude, Pitch,0.345363736, Accelerometer (raw), z,-1.098770142
170221, Attitude, Roll,0.004715737, Accelerometer (raw), x,-0.028503418
170221, Attitude, Yaw,-2.96744836, Accelerometer (raw), y,-0.163665771
170221, Attitude, Pitch,0.375882981, Accelerometer (raw), z,-0.821212769
170221, Attitude, Roll,0.012817335, Accelerometer (raw), x,0.006744385
170221, Attitude, Yaw,-2.971590548, Accelerometer (raw), y,-0.247558594
170221, Attitude, Pitch,0.386909688, Accelerometer (raw), z,-0.80809021
170221, Attitude, Roll,0.02776233, Accelerometer (raw), x,0.045150757
170221, Attitude, Yaw,-2.990345529, Accelerometer (raw), y,-0.384033203
170221, Attitude, Pitch,0.406958543, Accelerometer (raw), z,-0.866104126
170221, Attitude, Roll,0.033574806, Accelerometer (raw), x,0.041152954
170221, Attitude, Yaw,-3.010019945, Accelerometer (raw), y,-0.459182739
170221, Attitude, Pitch,0.434297208, Accelerometer (raw), z,-0.935440063
170221, Attitude, Roll,0.019451809, Accelerometer (raw), x,0.071166992
170221, Attitude, Yaw,-3.014978052, Accelerometer (raw), y,-0.414260864
170221, Attitude, Pitch,0.420555241, Accelerometer (raw), z,-0.986526489
170221, Attitude, Roll,0.021340018, Accelerometer (raw), x,-0.074188232
170221, Attitude, Yaw,-3.000433649, Accelerometer (raw), y,-0.050186157
170221, Attitude, Pitch,0.3319862, Accelerometer (raw), z,-1.10848999
170221, Attitude, Roll,-0.010510344, Accelerometer (raw), x,-0.188369751
170221, Attitude, Yaw,-2.981659602, Accelerometer (raw), y,-0.071884155
170221, Attitude, Pitch,0.351033169, Accelerometer (raw), z,-1.007522583
170221, Attitude, Roll,-0.00273766, Accelerometer (raw), x,-0.026885986
170221, Attitude, Yaw,-3.008155591, Accelerometer (raw), y,-0.202377319
170221, Attitude, Pitch,0.351444951, Accelerometer (raw), z,-0.809616089
170222, Attitude, Roll,-0.009112966, Accelerometer (raw), x,-0.042724609
170222, Attitude, Yaw,-3.034563087, Accelerometer (raw), y,-0.295959473
170222, Attitude, Pitch,0.340786448, Accelerometer (raw), z,-0.804656982
170222, Attitude, Roll,-0.029436348, Accelerometer (raw), x,-0.07208252
170222, Attitude, Yaw,-3.031493919, Accelerometer (raw), y,-0.357192993
170222, Attitude, Pitch,0.354602891, Accelerometer (raw), z,-0.85848999
170222, Attitude, Roll,-0.031909995, Accelerometer (raw), x,-0.025100708
170222, Attitude, Yaw,-3.027023329, Accelerometer (raw), y,-0.431274414
170222, Attitude, Pitch,0.37182844, Accelerometer (raw), z,-0.948516846
170222, Attitude, Roll,-0.012845005, Accelerometer (raw), x,0.050628662
170222, Attitude, Yaw,-3.020520759, Accelerometer (raw), y,-0.401672363
170222, Attitude, Pitch,0.383199687, Accelerometer (raw), z,-0.969512939
170222, Attitude, Roll,-0.058112844, Accelerometer (raw), x,-0.071777344
170222, Attitude, Yaw,-2.975411827, Accelerometer (raw), y,-0.258956909
170222, Attitude, Pitch,0.364997833, Accelerometer (raw), z,-1.301574707
170222, Attitude, Roll,-0.051962669, Accelerometer (raw), x,-0.079086304
170222, Attitude, Yaw,-2.929160418, Accelerometer (raw), y,-0.190811157
170222, Attitude, Pitch,0.36995086, Accelerometer (raw), z,-1.056228638
170222, Attitude, Roll,-0.062991641, Accelerometer (raw), x,-0.135345459
170222, Attitude, Yaw,-2.898852617, Accelerometer (raw), y,-0.164932251
170222, Attitude, Pitch,0.375951857, Accelerometer (raw), z,-0.874908447
170222, Attitude, Roll,-0.049412094, Accelerometer (raw), x,-0.03515625
170222, Attitude, Yaw,-2.902295417, Accelerometer (raw), y,-0.2472229
170222, Attitude, Pitch,0.416698272, Accelerometer (raw), z,-0.775421143
170222, Attitude, Roll,-0.033404453, Accelerometer (raw), x,0.022094727
170222, Attitude, Yaw,-2.922465831, Accelerometer (raw), y,-0.422439575
170222, Attitude, Pitch,0.430558025, Accelerometer (raw), z,-0.855270386
170222, Attitude, Roll,-0.006859207, Accelerometer (raw), x,0.00604248
170222, Attitude, Yaw,-2.948556368, Accelerometer (raw), y,-0.469818115
170222, Attitude, Pitch,0.446884047, Accelerometer (raw), z,-0.894683838
170223, Attitude, Roll,-0.003336348, Accelerometer (raw), x,0.019714355
170223, Attitude, Yaw,-2.962311048, Accelerometer (raw), y,-0.472091675
170223, Attitude, Pitch,0.451836505, Accelerometer (raw), z,-0.919799805
170223, Attitude, Roll,-0.039001096, Accelerometer (raw), x,-0.138290405
170223, Attitude, Yaw,-2.961290818, Accelerometer (raw), y,-0.144714355
170223, Attitude, Pitch,0.419745919, Accelerometer (raw), z,-1.202514648
170223, Attitude, Roll,-0.031958558, Accelerometer (raw), x,-0.208084106
170223, Attitude, Yaw,-2.967054191, Accelerometer (raw), y,-0.133483887
170223, Attitude, Pitch,0.441173366, Accelerometer (raw), z,-0.947433472
170223, Attitude, Roll,-0.024590923, Accelerometer (raw), x,-0.027084351
170223, Attitude, Yaw,-3.000385143, Accelerometer (raw), y,-0.239776611
170223, Attitude, Pitch,0.434921811, Accelerometer (raw), z,-0.714736938
170223, Attitude, Roll,-0.029412604, Accelerometer (raw), x,-0.085174561
170223, Attitude, Yaw,-3.018435594, Accelerometer (raw), y,-0.289764404
170223, Attitude, Pitch,0.407080578, Accelerometer (raw), z,-0.790618896
170223, Attitude, Roll,-0.028590109, Accelerometer (raw), x,-0.085403442
170223, Attitude, Yaw,-3.031608846, Accelerometer (raw), y,-0.371307373
170223, Attitude, Pitch,0.375689517, Accelerometer (raw), z,-0.818145752
170223, Attitude, Roll,-0.045584763, Accelerometer (raw), x,-0.056716919
170223, Attitude, Yaw,-3.028250955, Accelerometer (raw), y,-0.422424316
170223, Attitude, Pitch,0.361684857, Accelerometer (raw), z,-0.95211792
170223, Attitude, Roll,-0.064007937, Accelerometer (raw), x,-0.062957764
170223, Attitude, Yaw,-3.014540154, Accelerometer (raw), y,-0.399581909
170223, Attitude, Pitch,0.335231834, Accelerometer (raw), z,-1.061264038
170223, Attitude, Roll,-0.065691843, Accelerometer (raw), x,-0.093093872
170223, Attitude, Yaw,-2.995065696, Accelerometer (raw), y,-0.130462646
170223, Attitude, Pitch,0.307496705, Accelerometer (raw), z,-1.284057617
170223, Attitude, Roll,-0.08030992, Accelerometer (raw), x,-0.051544189
170223, Attitude, Yaw,-2.967205513, Accelerometer (raw), y,-0.150482178
170223, Attitude, Pitch,0.326356366, Accelerometer (raw), z,-1.04800415
170224, Attitude, Roll,-0.061612653, Accelerometer (raw), x,-0.055328369
170224, Attitude, Yaw,-2.943725448, Accelerometer (raw), y,-0.127349854
170224, Attitude, Pitch,0.348067737, Accelerometer (raw), z,-0.823532104
170224, Attitude, Roll,-0.039960262, Accelerometer (raw), x,-0.043167114
170224, Attitude, Yaw,-2.964473778, Accelerometer (raw), y,-0.233215332
170224, Attitude, Pitch,0.353967617, Accelerometer (raw), z,-0.786514282
170224, Attitude, Roll,-0.016265118, Accelerometer (raw), x,0.018661499
170224, Attitude, Yaw,-2.99614709, Accelerometer (raw), y,-0.400497437
170224, Attitude, Pitch,0.361689169, Accelerometer (raw), z,-0.883407593
170224, Attitude, Roll,0.0021571, Accelerometer (raw), x,0.045928955
170224, Attitude, Yaw,-3.016329581, Accelerometer (raw), y,-0.470046997
170224, Attitude, Pitch,0.386116864, Accelerometer (raw), z,-0.957138062
170224, Attitude, Roll,-0.001338026, Accelerometer (raw), x,-0.017913818
170224, Attitude, Yaw,-3.014087553, Accelerometer (raw), y,-0.414657593
170224, Attitude, Pitch,0.416535698, Accelerometer (raw), z,-0.981674194
170224, Attitude, Roll,-0.041094993, Accelerometer (raw), x,-0.106307983
170224, Attitude, Yaw,-3.017334918, Accelerometer (raw), y,-0.099411011
170224, Attitude, Pitch,0.39243087, Accelerometer (raw), z,-1.205413818
170224, Attitude, Roll,-0.058290411, Accelerometer (raw), x,-0.226287842
170224, Attitude, Yaw,-2.996431264, Accelerometer (raw), y,-0.106872559
170224, Attitude, Pitch,0.410803495, Accelerometer (raw), z,-0.943908691
170224, Attitude, Roll,-0.04966447, Accelerometer (raw), x,-0.084640503
170224, Attitude, Yaw,-2.995420959, Accelerometer (raw), y,-0.258453369
170224, Attitude, Pitch,0.432909276, Accelerometer (raw), z,-0.703536987
170224, Attitude, Roll,-0.044893788, Accelerometer (raw), x,-0.123123169
170224, Attitude, Yaw,-3.024881213, Accelerometer (raw), y,-0.325485229
170224, Attitude, Pitch,0.416236253, Accelerometer (raw), z,-0.775894165
170224, Attitude, Roll,-0.036323209, Accelerometer (raw), x,-0.09286499
170224, Attitude, Yaw,-3.060532253, Accelerometer (raw), y,-0.340606689
170224, Attitude, Pitch,0.394020122, Accelerometer (raw), z,-0.831253052
170225, Attitude, Roll,-0.029316547, Accelerometer (raw), x,0.013809204
170225, Attitude, Yaw,-3.099075743, Accelerometer (raw), y,-0.479507446
170225, Attitude, Pitch,0.370972144, Accelerometer (raw), z,-0.915802002
170225, Attitude, Roll,-0.010027422, Accelerometer (raw), x,0.011978149
170225, Attitude, Yaw,-3.089246955, Accelerometer (raw), y,-0.386459351
170225, Attitude, Pitch,0.35136128, Accelerometer (raw), z,-1.125320435
170225, Attitude, Roll,0.021431949, Accelerometer (raw), x,0.014572144
170225, Attitude, Yaw,-3.056378257, Accelerometer (raw), y,-0.153396606
170225, Attitude, Pitch,0.328722414, Accelerometer (raw), z,-1.24559021
170225, Attitude, Roll,0.010818204, Accelerometer (raw), x,0.025970459
170225, Attitude, Yaw,-3.009664938, Accelerometer (raw), y,-0.103729248
170225, Attitude, Pitch,0.356974526, Accelerometer (raw), z,-1.052902222
170225, Attitude, Roll,0.016406395, Accelerometer (raw), x,-0.035018921
170225, Attitude, Yaw,-2.967117735, Accelerometer (raw), y,-0.146972656
170225, Attitude, Pitch,0.379775881, Accelerometer (raw), z,-0.794143677
170225, Attitude, Roll,0.023560198, Accelerometer (raw), x,-0.01763916
170225, Attitude, Yaw,-2.938297129, Accelerometer (raw), y,-0.241348267
170225, Attitude, Pitch,0.392691135, Accelerometer (raw), z,-0.870376587
170225, Attitude, Roll,0.02127182, Accelerometer (raw), x,0.04510498
170225, Attitude, Yaw,-2.937019751, Accelerometer (raw), y,-0.379470825
170225, Attitude, Pitch,0.385655386, Accelerometer (raw), z,-0.845031738
170225, Attitude, Roll,0.034852508, Accelerometer (raw), x,0.023590088
170225, Attitude, Yaw,-2.945931622, Accelerometer (raw), y,-0.450637817
170225, Attitude, Pitch,0.391902125, Accelerometer (raw), z,-0.96333313
170225, Attitude, Roll,0.052643006, Accelerometer (raw), x,0.0521698
170225, Attitude, Yaw,-2.953047355, Accelerometer (raw), y,-0.455657959
170225, Attitude, Pitch,0.412638223, Accelerometer (raw), z,-0.947998047
170225, Attitude, Roll,0.039941302, Accelerometer (raw), x,-0.061798096
170225, Attitude, Yaw,-2.946479122, Accelerometer (raw), y,-0.220016479
170225, Attitude, Pitch,0.43232367, Accelerometer (raw), z,-1.052764893
170226, Attitude, Roll,0.015235228, Accelerometer (raw), x,-0.119354248
170226, Attitude, Yaw,-2.962474864, Accelerometer (raw), y,-0.072738647
170226, Attitude, Pitch,0.396300577, Accelerometer (raw), z,-1.105529785
170226, Attitude, Roll,-0.003855053, Accelerometer (raw), x,-0.071014404
170226, Attitude, Yaw,-2.955578945, Accelerometer (raw), y,-0.249343872
170226, Attitude, Pitch,0.400105609, Accelerometer (raw), z,-0.836578369
170226, Attitude, Roll,-0.028792413, Accelerometer (raw), x,-0.055160522
170226, Attitude, Yaw,-2.957066843, Accelerometer (raw), y,-0.299438477
170226, Attitude, Pitch,0.398707452, Accelerometer (raw), z,-0.838012695
170226, Attitude, Roll,-0.03980534, Accelerometer (raw), x,-0.034317017
170226, Attitude, Yaw,-2.976083321, Accelerometer (raw), y,-0.319000244
170226, Attitude, Pitch,0.401767213, Accelerometer (raw), z,-0.809341431
170226, Attitude, Roll,-0.046134904, Accelerometer (raw), x,-0.037399292
170226, Attitude, Yaw,-2.982469331, Accelerometer (raw), y,-0.433792114
170226, Attitude, Pitch,0.415081379, Accelerometer (raw), z,-0.828857422
170226, Attitude, Roll,-0.068436064, Accelerometer (raw), x,-0.145401001
170226, Attitude, Yaw,-2.959551085, Accelerometer (raw), y,-0.429962158
170226, Attitude, Pitch,0.435644981, Accelerometer (raw), z,-0.929595947
170226, Attitude, Roll,-0.075171138, Accelerometer (raw), x,-0.040420532
170226, Attitude, Yaw,-2.951074714, Accelerometer (raw), y,-0.331359863
170226, Attitude, Pitch,0.416667643, Accelerometer (raw), z,-1.181686401
170226, Attitude, Roll,-0.073792709, Accelerometer (raw), x,-0.05229187
170226, Attitude, Yaw,-2.94312543, Accelerometer (raw), y,-0.188262939
170226, Attitude, Pitch,0.373260999, Accelerometer (raw), z,-1.112533569
170226, Attitude, Roll,-0.088521943, Accelerometer (raw), x,-0.055984497
170226, Attitude, Yaw,-2.882962352, Accelerometer (raw), y,-0.173355103
170226, Attitude, Pitch,0.355933375, Accelerometer (raw), z,-0.879379272
170226, Attitude, Roll,-0.063550086, Accelerometer (raw), x,-0.090881348
170226, Attitude, Yaw,-2.854060907, Accelerometer (raw), y,-0.232192993
170226, Attitude, Pitch,0.342700727, Accelerometer (raw), z,-0.828720093
170227, Attitude, Roll,-0.047668838, Accelerometer (raw), x,-0.024841309
170227, Attitude, Yaw,-2.848540916, Accelerometer (raw), y,-0.288543701
170227, Attitude, Pitch,0.342141607, Accelerometer (raw), z,-0.879364014
170227, Attitude, Roll,-0.031475572, Accelerometer (raw), x,-0.014877319
170227, Attitude, Yaw,-2.861767901, Accelerometer (raw), y,-0.422180176
170227, Attitude, Pitch,0.345774037, Accelerometer (raw), z,-0.928237915
170227, Attitude, Roll,-0.036375869, Accelerometer (raw), x,-0.045730591
170227, Attitude, Yaw,-2.859872437, Accelerometer (raw), y,-0.474517822
170227, Attitude, Pitch,0.379364527, Accelerometer (raw), z,-0.916320801
170227, Attitude, Roll,-0.068036281, Accelerometer (raw), x,-0.121429443
170227, Attitude, Yaw,-2.861119311, Accelerometer (raw), y,-0.330810547
170227, Attitude, Pitch,0.395222811, Accelerometer (raw), z,-1.163742065
170227, Attitude, Roll,-0.097079446, Accelerometer (raw), x,-0.190124512
170227, Attitude, Yaw,-2.885505425, Accelerometer (raw), y,-0.098434448
170227, Attitude, Pitch,0.376804795, Accelerometer (raw), z,-1.166275024
170227, Attitude, Roll,-0.083822392, Accelerometer (raw), x,-0.182022095
170227, Attitude, Yaw,-2.915719995, Accelerometer (raw), y,-0.178192139
170227, Attitude, Pitch,0.387313036, Accelerometer (raw), z,-0.895751953
170227, Attitude, Roll,-0.049815121, Accelerometer (raw), x,-0.058822632
170227, Attitude, Yaw,-2.972004845, Accelerometer (raw), y,-0.235153198
170227, Attitude, Pitch,0.402714058, Accelerometer (raw), z,-0.727005005
170227, Attitude, Roll,-0.041353555, Accelerometer (raw), x,-0.085250854
170227, Attitude, Yaw,-3.019514568, Accelerometer (raw), y,-0.293014526
170227, Attitude, Pitch,0.411464447, Accelerometer (raw), z,-0.83656311
170227, Attitude, Roll,-0.038370356, Accelerometer (raw), x,-0.033828735
170227, Attitude, Yaw,-3.049976825, Accelerometer (raw), y,-0.465194702
170227, Attitude, Pitch,0.408229724, Accelerometer (raw), z,-0.823226929
170227, Attitude, Roll,-0.030275852, Accelerometer (raw), x,-0.03352356
170227, Attitude, Yaw,-3.072620495, Accelerometer (raw), y,-0.408935547
170227, Attitude, Pitch,0.415186089, Accelerometer (raw), z,-1.014801025
170228, Attitude, Roll,0.005231165, Accelerometer (raw), x,0.066223145
170228, Attitude, Yaw,-3.099184961, Accelerometer (raw), y,-0.419647217
170228, Attitude, Pitch,0.4330821, Accelerometer (raw), z,-0.945953369
170228, Attitude, Roll,-0.00031215, Accelerometer (raw), x,-0.007156372
170228, Attitude, Yaw,-3.088947534, Accelerometer (raw), y,-0.225341797
170228, Attitude, Pitch,0.418053476, Accelerometer (raw), z,-1.142425537
170228, Attitude, Roll,-4.76E-05, Accelerometer (raw), x,-0.068527222
170228, Attitude, Yaw,-3.063169737, Accelerometer (raw), y,-0.225921631
170228, Attitude, Pitch,0.40431984, Accelerometer (raw), z,-1.004180908
170228, Attitude, Roll,-0.004091144, Accelerometer (raw), x,-0.05531311
170228, Attitude, Yaw,-3.044511508, Accelerometer (raw), y,-0.228057861
170228, Attitude, Pitch,0.381144756, Accelerometer (raw), z,-0.844268799
170228, Attitude, Roll,0.002679332, Accelerometer (raw), x,0.078170776
170228, Attitude, Yaw,-3.037948263, Accelerometer (raw), y,-0.344146729
170228, Attitude, Pitch,0.382823349, Accelerometer (raw), z,-0.800003052
170228, Attitude, Roll,0.019819222, Accelerometer (raw), x,0.096862793
170228, Attitude, Yaw,-3.047802827, Accelerometer (raw), y,-0.452590942
170228, Attitude, Pitch,0.383301889, Accelerometer (raw), z,-0.889663696
170228, Attitude, Roll,0.030306403, Accelerometer (raw), x,0.047119141
170228, Attitude, Yaw,-3.049276673, Accelerometer (raw), y,-0.47984314
170228, Attitude, Pitch,0.399688796, Accelerometer (raw), z,-0.925460815
170228, Attitude, Roll,0.039455613, Accelerometer (raw), x,-0.053207397
170228, Attitude, Yaw,-3.047911747, Accelerometer (raw), y,-0.415054321
170228, Attitude, Pitch,0.425676707, Accelerometer (raw), z,-0.967590332
170228, Attitude, Roll,0.024909658, Accelerometer (raw), x,-0.083221436
170228, Attitude, Yaw,-3.034865927, Accelerometer (raw), y,-0.122695923
170228, Attitude, Pitch,0.428662147, Accelerometer (raw), z,-1.107757568
170228, Attitude, Roll,0.028300408, Accelerometer (raw), x,-0.112808228
170228, Attitude, Yaw,-3.042386328, Accelerometer (raw), y,-0.17678833
170228, Attitude, Pitch,0.386263561, Accelerometer (raw), z,-0.918197632
170229, Attitude, Roll,-0.021485867, Accelerometer (raw), x,-0.042816162
170229, Attitude, Yaw,-3.033820712, Accelerometer (raw), y,-0.276412964
170229, Attitude, Pitch,0.38080941, Accelerometer (raw), z,-0.75579834
170229, Attitude, Roll,-0.043190292, Accelerometer (raw), x,-0.096481323
170229, Attitude, Yaw,-3.041329755, Accelerometer (raw), y,-0.35067749
170229, Attitude, Pitch,0.372953733, Accelerometer (raw), z,-0.813247681
170229, Attitude, Roll,-0.049165425, Accelerometer (raw), x,-0.073486328
170229, Attitude, Yaw,-3.056859889, Accelerometer (raw), y,-0.446640015
170229, Attitude, Pitch,0.365068124, Accelerometer (raw), z,-0.82069397
170229, Attitude, Roll,-0.03397214, Accelerometer (raw), x,-0.035766602
170229, Attitude, Yaw,-3.066116248, Accelerometer (raw), y,-0.435440063
170229, Attitude, Pitch,0.3706519, Accelerometer (raw), z,-0.96887207
170229, Attitude, Roll,-0.026787198, Accelerometer (raw), x,-0.006439209
170229, Attitude, Yaw,-3.070912094, Accelerometer (raw), y,-0.437713623
170229, Attitude, Pitch,0.36568178, Accelerometer (raw), z,-1.134124756
170229, Attitude, Roll,-0.032662045, Accelerometer (raw), x,0.018173218
170229, Attitude, Yaw,-3.072092791, Accelerometer (raw), y,-0.191635132
170229, Attitude, Pitch,0.347250281, Accelerometer (raw), z,-1.102828979
170229, Attitude, Roll,-0.040625631, Accelerometer (raw), x,-0.025253296
170229, Attitude, Yaw,-3.058070315, Accelerometer (raw), y,-0.189376831
170229, Attitude, Pitch,0.376787212, Accelerometer (raw), z,-0.940597534
170229, Attitude, Roll,-0.030794689, Accelerometer (raw), x,-0.008102417
170229, Attitude, Yaw,-3.040161048, Accelerometer (raw), y,-0.210098267
170229, Attitude, Pitch,0.350220887, Accelerometer (raw), z,-0.824005127
170229, Attitude, Roll,-0.006325057, Accelerometer (raw), x,0.039016724
170229, Attitude, Yaw,-3.026055005, Accelerometer (raw), y,-0.276885986
170229, Attitude, Pitch,0.348685805, Accelerometer (raw), z,-0.86656189
170229, Attitude, Roll,-0.002356712, Accelerometer (raw), x,0.056625366
170229, Attitude, Yaw,-3.027569487, Accelerometer (raw), y,-0.398986816
170229, Attitude, Pitch,0.375455047, Accelerometer (raw), z,-0.867431641
170230, Attitude, Roll,0.038028538, Accelerometer (raw), x,0.009292603
170230, Attitude, Yaw,-3.03869878, Accelerometer (raw), y,-0.529220581
170230, Attitude, Pitch,0.452411984, Accelerometer (raw), z,-0.87663269
170230, Attitude, Roll,0.027521057, Accelerometer (raw), x,-0.023956299
170230, Attitude, Yaw,-3.045227486, Accelerometer (raw), y,-0.407989502
170230, Attitude, Pitch,0.478123699, Accelerometer (raw), z,-1.044509888
170230, Attitude, Roll,0.018897449, Accelerometer (raw), x,-0.058151245
170230, Attitude, Yaw,-3.065663055, Accelerometer (raw), y,-0.143234253
170230, Attitude, Pitch,0.445958101, Accelerometer (raw), z,-1.012771606
170230, Attitude, Roll,-0.005982548, Accelerometer (raw), x,-0.107666016
170230, Attitude, Yaw,-3.067615099, Accelerometer (raw), y,-0.264434814
170230, Attitude, Pitch,0.427257067, Accelerometer (raw), z,-0.814834595
170230, Attitude, Roll,-0.013273314, Accelerometer (raw), x,-0.033554077
170230, Attitude, Yaw,-3.07911579, Accelerometer (raw), y,-0.361450195
170230, Attitude, Pitch,0.411509861, Accelerometer (raw), z,-0.724121094
170230, Attitude, Roll,-0.02497359, Accelerometer (raw), x,-0.052871704
170230, Attitude, Yaw,-3.100677127, Accelerometer (raw), y,-0.344863892
170230, Attitude, Pitch,0.385513193, Accelerometer (raw), z,-0.82901001
170230, Attitude, Roll,-0.026141375, Accelerometer (raw), x,0.054855347
170230, Attitude, Yaw,-3.128833727, Accelerometer (raw), y,-0.506668091
170230, Attitude, Pitch,0.356114657, Accelerometer (raw), z,-0.86491394
170230, Attitude, Roll,-0.017875219, Accelerometer (raw), x,-0.069351196
170230, Attitude, Yaw,-3.131856004, Accelerometer (raw), y,-0.37890625
170230, Attitude, Pitch,0.359798912, Accelerometer (raw), z,-1.162277222
170230, Attitude, Roll,-0.022997887, Accelerometer (raw), x,-0.056930542
170230, Attitude, Yaw,-3.12395583, Accelerometer (raw), y,-0.24621582
170230, Attitude, Pitch,0.339717829, Accelerometer (raw), z,-1.294189453
170230, Attitude, Roll,-0.021695281, Accelerometer (raw), x,0.021652222
170230, Attitude, Yaw,-3.088677579, Accelerometer (raw), y,-0.212768555
170230, Attitude, Pitch,0.331459502, Accelerometer (raw), z,-1.008621216
170231, Attitude, Roll,-0.030420785, Accelerometer (raw), x,-0.056625366
170231, Attitude, Yaw,-3.032066576, Accelerometer (raw), y,-0.157409668
170231, Attitude, Pitch,0.3450285, Accelerometer (raw), z,-0.865402222
170231, Attitude, Roll,-0.010025478, Accelerometer (raw), x,-0.044708252
170231, Attitude, Yaw,-3.02039328, Accelerometer (raw), y,-0.253311157
170231, Attitude, Pitch,0.344408017, Accelerometer (raw), z,-0.842269897
170231, Attitude, Roll,-0.00373784, Accelerometer (raw), x,0.074447632
170231, Attitude, Yaw,-3.027294966, Accelerometer (raw), y,-0.370956421
170231, Attitude, Pitch,0.35714747, Accelerometer (raw), z,-0.848449707
170231, Attitude, Roll,0.018205083, Accelerometer (raw), x,0.079391479
170231, Attitude, Yaw,-3.054278065, Accelerometer (raw), y,-0.474899292
170231, Attitude, Pitch,0.366433765, Accelerometer (raw), z,-0.960998535
170231, Attitude, Roll,0.023480197, Accelerometer (raw), x,0.015487671
170231, Attitude, Yaw,-3.062824205, Accelerometer (raw), y,-0.528625488
170231, Attitude, Pitch,0.385894571, Accelerometer (raw), z,-0.963241577
170231, Attitude, Roll,0.036249749, Accelerometer (raw), x,-0.003173828
170231, Attitude, Yaw,-3.059085355, Accelerometer (raw), y,-0.337646484
170231, Attitude, Pitch,0.429040014, Accelerometer (raw), z,-1.079498291
170231, Attitude, Roll,0.01972853, Accelerometer (raw), x,-0.121002197
170231, Attitude, Yaw,-3.05692376, Accelerometer (raw), y,-0.129272461
170231, Attitude, Pitch,0.441455927, Accelerometer (raw), z,-1.091171265
170231, Attitude, Roll,-0.010049828, Accelerometer (raw), x,-0.067169189
170231, Attitude, Yaw,-3.044732392, Accelerometer (raw), y,-0.300598145
170231, Attitude, Pitch,0.439593619, Accelerometer (raw), z,-0.754302979
170231, Attitude, Roll,-0.020810389, Accelerometer (raw), x,-0.028610229
170231, Attitude, Yaw,-3.038512199, Accelerometer (raw), y,-0.400039673
170231, Attitude, Pitch,0.467044572, Accelerometer (raw), z,-0.718475342
170231, Attitude, Roll,-0.013914701, Accelerometer (raw), x,-0.02722168
170231, Attitude, Yaw,-3.055190911, Accelerometer (raw), y,-0.466873169
170231, Attitude, Pitch,0.476547494, Accelerometer (raw), z,-0.771774292
170232, Attitude, Roll,9.32E-05, Accelerometer (raw), x,-0.003128052
170232, Attitude, Yaw,-3.084047806, Accelerometer (raw), y,-0.565734863
170232, Attitude, Pitch,0.470912507, Accelerometer (raw), z,-0.81968689
170232, Attitude, Roll,0.003876524, Accelerometer (raw), x,-0.013381958
170232, Attitude, Yaw,-3.084769008, Accelerometer (raw), y,-0.523696899
170232, Attitude, Pitch,0.479643942, Accelerometer (raw), z,-0.90637207
170232, Attitude, Roll,0.008405789, Accelerometer (raw), x,-0.014816284
170232, Attitude, Yaw,-3.065428636, Accelerometer (raw), y,-0.401504517
170232, Attitude, Pitch,0.489975709, Accelerometer (raw), z,-1.100799561
170232, Attitude, Roll,-0.001133731, Accelerometer (raw), x,0.006286621
170232, Attitude, Yaw,-3.058527478, Accelerometer (raw), y,-0.342010498
170232, Attitude, Pitch,0.457834701, Accelerometer (raw), z,-0.845550537
170232, Attitude, Roll,0.006562224, Accelerometer (raw), x,-0.080001831
170232, Attitude, Yaw,-3.041646817, Accelerometer (raw), y,-0.213119507
170232, Attitude, Pitch,0.425751991, Accelerometer (raw), z,-1.026306152
170232, Attitude, Roll,-0.031803248, Accelerometer (raw), x,-0.038009644
170232, Attitude, Yaw,-3.046548012, Accelerometer (raw), y,-0.262878418
170232, Attitude, Pitch,0.368035997, Accelerometer (raw), z,-0.84236145
170232, Attitude, Roll,-0.036441696, Accelerometer (raw), x,0.063949585
170232, Attitude, Yaw,-3.046770674, Accelerometer (raw), y,-0.319320679
170232, Attitude, Pitch,0.340357684, Accelerometer (raw), z,-0.882705688
170232, Attitude, Roll,-0.036628824, Accelerometer (raw), x,0.040924072
170232, Attitude, Yaw,-3.055677644, Accelerometer (raw), y,-0.365631104
170232, Attitude, Pitch,0.345384302, Accelerometer (raw), z,-0.977462769
170232, Attitude, Roll,-0.028488336, Accelerometer (raw), x,0.023071289
170232, Attitude, Yaw,-3.082044892, Accelerometer (raw), y,-0.487030029
170232, Attitude, Pitch,0.334819541, Accelerometer (raw), z,-0.981903076
170232, Attitude, Roll,-0.031442305, Accelerometer (raw), x,-0.010635376
170232, Attitude, Yaw,-3.088894229, Accelerometer (raw), y,-0.357254028
170232, Attitude, Pitch,0.346588321, Accelerometer (raw), z,-1.053146362
170233, Attitude, Roll,-0.05590288, Accelerometer (raw), x,-0.162582397
170233, Attitude, Yaw,-3.096531266, Accelerometer (raw), y,-0.047195435
170233, Attitude, Pitch,0.340779149, Accelerometer (raw), z,-1.1328125
170233, Attitude, Roll,-0.072397733, Accelerometer (raw), x,-0.234649658
170233, Attitude, Yaw,-3.059258327, Accelerometer (raw), y,-0.127853394
170233, Attitude, Pitch,0.335368251, Accelerometer (raw), z,-0.866928101
170233, Attitude, Roll,-0.059283883, Accelerometer (raw), x,-0.08744812
170233, Attitude, Yaw,-3.030051109, Accelerometer (raw), y,-0.238830566
170233, Attitude, Pitch,0.369827064, Accelerometer (raw), z,-0.762207031
170233, Attitude, Roll,-0.054731053, Accelerometer (raw), x,-0.134475708
170233, Attitude, Yaw,-3.028097976, Accelerometer (raw), y,-0.269271851
170233, Attitude, Pitch,0.359109354, Accelerometer (raw), z,-0.849441528
170233, Attitude, Roll,-0.067395192, Accelerometer (raw), x,-0.07069397
170233, Attitude, Yaw,-3.013406101, Accelerometer (raw), y,-0.379745483
170233, Attitude, Pitch,0.349754907, Accelerometer (raw), z,-0.766708374
170233, Attitude, Roll,-0.056694273, Accelerometer (raw), x,-0.115951538
170233, Attitude, Yaw,-3.011179798, Accelerometer (raw), y,-0.407577515
170233, Attitude, Pitch,0.33007583, Accelerometer (raw), z,-0.979476929
170233, Attitude, Roll,-0.083567196, Accelerometer (raw), x,-0.114074707
170233, Attitude, Yaw,-3.001631732, Accelerometer (raw), y,-0.409622192
170233, Attitude, Pitch,0.309626855, Accelerometer (raw), z,-1.076583862
170233, Attitude, Roll,-0.079994021, Accelerometer (raw), x,-0.15927124
170233, Attitude, Yaw,-2.988755139, Accelerometer (raw), y,-0.134765625
170233, Attitude, Pitch,0.28804709, Accelerometer (raw), z,-1.361282349
170233, Attitude, Roll,-0.032707519, Accelerometer (raw), x,-0.026229858
170233, Attitude, Yaw,-2.975753788, Accelerometer (raw), y,-0.042373657
170233, Attitude, Pitch,0.280652107, Accelerometer (raw), z,-0.9868927
170233, Attitude, Roll,0.004395514, Accelerometer (raw), x,-0.018066406
170233, Attitude, Yaw,-2.994749784, Accelerometer (raw), y,-0.049942017
170233, Attitude, Pitch,0.274647972, Accelerometer (raw), z,-0.872070313
170234, Attitude, Roll,0.035880264, Accelerometer (raw), x,0.060958862
170234, Attitude, Yaw,-3.015804486, Accelerometer (raw), y,-0.230728149
170234, Attitude, Pitch,0.305064514, Accelerometer (raw), z,-0.848388672
170234, Attitude, Roll,0.027074151, Accelerometer (raw), x,0.071166992
170234, Attitude, Yaw,-3.025377543, Accelerometer (raw), y,-0.31312561
170234, Attitude, Pitch,0.3006153, Accelerometer (raw), z,-0.939590454
170234, Attitude, Roll,0.022611041, Accelerometer (raw), x,0.045730591
170234, Attitude, Yaw,-3.042560167, Accelerometer (raw), y,-0.383621216
170234, Attitude, Pitch,0.321591079, Accelerometer (raw), z,-0.942733765
170234, Attitude, Roll,0.023484687, Accelerometer (raw), x,0.032775879
170234, Attitude, Yaw,-3.050110745, Accelerometer (raw), y,-0.366409302
170234, Attitude, Pitch,0.348756546, Accelerometer (raw), z,-0.941864014
170234, Attitude, Roll,0.000215425, Accelerometer (raw), x,-0.082214355
170234, Attitude, Yaw,-3.027937624, Accelerometer (raw), y,-0.128814697
170234, Attitude, Pitch,0.338249965, Accelerometer (raw), z,-1.168426514
170234, Attitude, Roll,0.014899168, Accelerometer (raw), x,-0.155883789
170234, Attitude, Yaw,-3.007822645, Accelerometer (raw), y,-0.028335571
170234, Attitude, Pitch,0.290536215, Accelerometer (raw), z,-1.015213013
170234, Attitude, Roll,4.54E-06, Accelerometer (raw), x,-0.104400635
170234, Attitude, Yaw,-2.975062096, Accelerometer (raw), y,-0.181762695
170234, Attitude, Pitch,0.326244077, Accelerometer (raw), z,-0.829956055
170234, Attitude, Roll,-0.016354387, Accelerometer (raw), x,-0.05241394
170234, Attitude, Yaw,-2.997304992, Accelerometer (raw), y,-0.260513306
170234, Attitude, Pitch,0.336323078, Accelerometer (raw), z,-0.850372314
170234, Attitude, Roll,-0.029996507, Accelerometer (raw), x,-0.087936401
170234, Attitude, Yaw,-3.020765054, Accelerometer (raw), y,-0.273254395
170234, Attitude, Pitch,0.332167677, Accelerometer (raw), z,-0.857955933
170234, Attitude, Roll,-0.032291702, Accelerometer (raw), x,-0.06388855
170234, Attitude, Yaw,-3.042071169, Accelerometer (raw), y,-0.418273926
170234, Attitude, Pitch,0.331105542, Accelerometer (raw), z,-0.862213135
170235, Attitude, Roll,-0.032934309, Accelerometer (raw), x,-0.076370239
170235, Attitude, Yaw,-3.038473512, Accelerometer (raw), y,-0.443466187
170235, Attitude, Pitch,0.370219383, Accelerometer (raw), z,-0.976593018
170235, Attitude, Roll,0.00853278, Accelerometer (raw), x,0.023086548
170235, Attitude, Yaw,-3.027194105, Accelerometer (raw), y,-0.45375061
170235, Attitude, Pitch,0.382500725, Accelerometer (raw), z,-1.009750366
170235, Attitude, Roll,0.009146899, Accelerometer (raw), x,0.029388428
170235, Attitude, Yaw,-3.039911282, Accelerometer (raw), y,-0.091781616
170235, Attitude, Pitch,0.365113759, Accelerometer (raw), z,-1.094497681
170235, Attitude, Roll,0.005984115, Accelerometer (raw), x,-0.015563965
170235, Attitude, Yaw,-3.01899172, Accelerometer (raw), y,-0.127639771
170235, Attitude, Pitch,0.363960092, Accelerometer (raw), z,-0.968887329
170235, Attitude, Roll,0.006288915, Accelerometer (raw), x,0.017272949
170235, Attitude, Yaw,-3.012316073, Accelerometer (raw), y,-0.165481567
170235, Attitude, Pitch,0.379050495, Accelerometer (raw), z,-0.852386475
170235, Attitude, Roll,-0.007846489, Accelerometer (raw), x,-0.001251221
170235, Attitude, Yaw,-3.022561449, Accelerometer (raw), y,-0.274719238
170235, Attitude, Pitch,0.379906496, Accelerometer (raw), z,-0.948669434
170235, Attitude, Roll,0.009148853, Accelerometer (raw), x,0.047470093
170235, Attitude, Yaw,-3.048289157, Accelerometer (raw), y,-0.374923706
170235, Attitude, Pitch,0.374367496, Accelerometer (raw), z,-0.831939697
170235, Attitude, Roll,0.030455961, Accelerometer (raw), x,0.040466309
170235, Attitude, Yaw,-3.067051228, Accelerometer (raw), y,-0.484771729
170235, Attitude, Pitch,0.395193621, Accelerometer (raw), z,-0.897506714
170235, Attitude, Roll,0.028115276, Accelerometer (raw), x,0.032974243
170235, Attitude, Yaw,-3.078680183, Accelerometer (raw), y,-0.46206665
170235, Attitude, Pitch,0.428984353, Accelerometer (raw), z,-0.926589966
170235, Attitude, Roll,0.015574794, Accelerometer (raw), x,-0.047775269
170235, Attitude, Yaw,-3.08527875, Accelerometer (raw), y,-0.22644043
170235, Attitude, Pitch,0.430424585, Accelerometer (raw), z,-1.147323608
170236, Attitude, Roll,-0.043406776, Accelerometer (raw), x,-0.239227295
170236, Attitude, Yaw,-3.05113237, Accelerometer (raw), y,-0.177719116
170236, Attitude, Pitch,0.397589569, Accelerometer (raw), z,-1.028518677
170236, Attitude, Roll,-0.037520694, Accelerometer (raw), x,-0.070755005
170236, Attitude, Yaw,-3.063722769, Accelerometer (raw), y,-0.257354736
170236, Attitude, Pitch,0.409145124, Accelerometer (raw), z,-0.750930786
170236, Attitude, Roll,-0.038001564, Accelerometer (raw), x,-0.061798096
170236, Attitude, Yaw,-3.088527019, Accelerometer (raw), y,-0.306900024
170236, Attitude, Pitch,0.400632682, Accelerometer (raw), z,-0.803726196
170236, Attitude, Roll,-0.037183313, Accelerometer (raw), x,-0.0834198
170236, Attitude, Yaw,-3.094003225, Accelerometer (raw), y,-0.378005981
170236, Attitude, Pitch,0.382367407, Accelerometer (raw), z,-0.835891724
170236, Attitude, Roll,-0.041382278, Accelerometer (raw), x,-0.092971802
170236, Attitude, Yaw,-3.091715941, Accelerometer (raw), y,-0.449707031
170236, Attitude, Pitch,0.384049586, Accelerometer (raw), z,-0.908798218
170236, Attitude, Roll,-0.038386232, Accelerometer (raw), x,-0.08416748
170236, Attitude, Yaw,-3.079996196, Accelerometer (raw), y,-0.434036255
170236, Attitude, Pitch,0.390511179, Accelerometer (raw), z,-0.952880859
170236, Attitude, Roll,-0.029754932, Accelerometer (raw), x,0.000900269
170236, Attitude, Yaw,-3.070493682, Accelerometer (raw), y,-0.385620117
170236, Attitude, Pitch,0.400345224, Accelerometer (raw), z,-1.132858276
170236, Attitude, Roll,-0.032941503, Accelerometer (raw), x,0.024353027
170236, Attitude, Yaw,-3.081214942, Accelerometer (raw), y,-0.194000244
170236, Attitude, Pitch,0.373762312, Accelerometer (raw), z,-1.028945923
170236, Attitude, Roll,-0.036505376, Accelerometer (raw), x,-0.046798706
170236, Attitude, Yaw,-3.068704347, Accelerometer (raw), y,-0.222457886
170236, Attitude, Pitch,0.368946131, Accelerometer (raw), z,-0.819763184
170236, Attitude, Roll,-0.105770287, Accelerometer (raw), x,-0.118087769
170236, Attitude, Yaw,-3.077756035, Accelerometer (raw), y,-0.207122803
170236, Attitude, Pitch,0.360338005, Accelerometer (raw), z,-0.857894897
170237, Attitude, Roll,-0.189364716, Accelerometer (raw), x,-0.146743774
170237, Attitude, Yaw,-3.104333579, Accelerometer (raw), y,-0.241424561
170237, Attitude, Pitch,0.33887834, Accelerometer (raw), z,-0.895675659
170237, Attitude, Roll,-0.136323731, Accelerometer (raw), x,-0.074752808
170237, Attitude, Yaw,-3.1111236, Accelerometer (raw), y,-0.292739868
170237, Attitude, Pitch,0.317675986, Accelerometer (raw), z,-0.911193848
170237, Attitude, Roll,-0.049503211, Accelerometer (raw), x,0.03767395
170237, Attitude, Yaw,-3.087738101, Accelerometer (raw), y,-0.411117554
170237, Attitude, Pitch,0.31926581, Accelerometer (raw), z,-1.026931763
170237, Attitude, Roll,0.002236025, Accelerometer (raw), x,-0.009216309
170237, Attitude, Yaw,-3.055184689, Accelerometer (raw), y,-0.32850647
170237, Attitude, Pitch,0.344635008, Accelerometer (raw), z,-1.023330688
170237, Attitude, Roll,0.011351453, Accelerometer (raw), x,-0.046691895
170237, Attitude, Yaw,-3.022862879, Accelerometer (raw), y,-0.176315308
170237, Attitude, Pitch,0.353315613, Accelerometer (raw), z,-1.019744873
170237, Attitude, Roll,-0.003091966, Accelerometer (raw), x,-0.134979248
170237, Attitude, Yaw,-3.022908814, Accelerometer (raw), y,-0.101837158
170237, Attitude, Pitch,0.351894204, Accelerometer (raw), z,-1.002624512
170237, Attitude, Roll,-0.024435067, Accelerometer (raw), x,-0.012619019
170237, Attitude, Yaw,-3.020546953, Accelerometer (raw), y,-0.273910522
170237, Attitude, Pitch,0.370355247, Accelerometer (raw), z,-0.791824341
170237, Attitude, Roll,-0.041710928, Accelerometer (raw), x,-0.116943359
170237, Attitude, Yaw,-3.060191491, Accelerometer (raw), y,-0.242614746
170237, Attitude, Pitch,0.362169664, Accelerometer (raw), z,-0.782531738
170237, Attitude, Roll,-0.051863843, Accelerometer (raw), x,-0.07723999
170237, Attitude, Yaw,-3.083216149, Accelerometer (raw), y,-0.342590332
170237, Attitude, Pitch,0.332774697, Accelerometer (raw), z,-0.826934814
170237, Attitude, Roll,-0.043711869, Accelerometer (raw), x,-0.071502686
170237, Attitude, Yaw,-3.087048742, Accelerometer (raw), y,-0.482528687
170237, Attitude, Pitch,0.317507609, Accelerometer (raw), z,-0.958999634
170238, Attitude, Roll,-0.032222503, Accelerometer (raw), x,0.004714966
170238, Attitude, Yaw,-3.079356887, Accelerometer (raw), y,-0.39201355
170238, Attitude, Pitch,0.337043135, Accelerometer (raw), z,-1.03553772
170238, Attitude, Roll,-0.023807479, Accelerometer (raw), x,-0.041625977
170238, Attitude, Yaw,-3.091044727, Accelerometer (raw), y,-0.170150757
170238, Attitude, Pitch,0.323496974, Accelerometer (raw), z,-1.150665283
170238, Attitude, Roll,-0.005613306, Accelerometer (raw), x,-0.010467529
170238, Attitude, Yaw,-3.071451358, Accelerometer (raw), y,-0.127182007
170238, Attitude, Pitch,0.33106819, Accelerometer (raw), z,-1.027099609
170238, Attitude, Roll,-0.016100494, Accelerometer (raw), x,-0.013839722
170238, Attitude, Yaw,-3.057691672, Accelerometer (raw), y,-0.164321899
170238, Attitude, Pitch,0.306615425, Accelerometer (raw), z,-0.852142334
170238, Attitude, Roll,-0.018295763, Accelerometer (raw), x,0.009765625
170238, Attitude, Yaw,-3.056653611, Accelerometer (raw), y,-0.205368042
170238, Attitude, Pitch,0.295655092, Accelerometer (raw), z,-0.887893677
170238, Attitude, Roll,-0.019349124, Accelerometer (raw), x,0.071258545
170238, Attitude, Yaw,-3.058278531, Accelerometer (raw), y,-0.273239136
170238, Attitude, Pitch,0.287519231, Accelerometer (raw), z,-0.885940552
170238, Attitude, Roll,-0.008548828, Accelerometer (raw), x,0.040756226
170238, Attitude, Yaw,-3.058809579, Accelerometer (raw), y,-0.357910156
170238, Attitude, Pitch,0.28875272, Accelerometer (raw), z,-0.972106934
170238, Attitude, Roll,-0.005279958, Accelerometer (raw), x,0.003341675
170238, Attitude, Yaw,-3.052994191, Accelerometer (raw), y,-0.356719971
170238, Attitude, Pitch,0.304742318, Accelerometer (raw), z,-1.01133728
170238, Attitude, Roll,-0.003647428, Accelerometer (raw), x,-0.072998047
170238, Attitude, Yaw,-3.047356861, Accelerometer (raw), y,-0.252532959
170238, Attitude, Pitch,0.326945803, Accelerometer (raw), z,-1.093475342
170238, Attitude, Roll,-0.010127731, Accelerometer (raw), x,-0.155731201
170238, Attitude, Yaw,-3.037292306, Accelerometer (raw), y,-0.082397461
170238, Attitude, Pitch,0.331040323, Accelerometer (raw), z,-1.084030151
170239, Attitude, Roll,-0.043986439, Accelerometer (raw), x,-0.164871216
170239, Attitude, Yaw,-3.00834984, Accelerometer (raw), y,-0.217941284
170239, Attitude, Pitch,0.359481244, Accelerometer (raw), z,-0.84463501
170239, Attitude, Roll,-0.04011934, Accelerometer (raw), x,-0.061325073
170239, Attitude, Yaw,-3.0298709, Accelerometer (raw), y,-0.271087646
170239, Attitude, Pitch,0.378281069, Accelerometer (raw), z,-0.832565308
170239, Attitude, Roll,-0.040427052, Accelerometer (raw), x,-0.076705933
170239, Attitude, Yaw,-3.048776183, Accelerometer (raw), y,-0.330276489
170239, Attitude, Pitch,0.389727091, Accelerometer (raw), z,-0.815124512
170239, Attitude, Roll,-0.037737542, Accelerometer (raw), x,-0.059951782
170239, Attitude, Yaw,-3.055945343, Accelerometer (raw), y,-0.400344849
170239, Attitude, Pitch,0.394872741, Accelerometer (raw), z,-0.836593628
170239, Attitude, Roll,-0.036378419, Accelerometer (raw), x,-0.033187866
170239, Attitude, Yaw,-3.060920107, Accelerometer (raw), y,-0.456741333
170239, Attitude, Pitch,0.381968039, Accelerometer (raw), z,-0.938034058
170239, Attitude, Roll,-0.032941611, Accelerometer (raw), x,-0.021438599
170239, Attitude, Yaw,-3.054023803, Accelerometer (raw), y,-0.378967285
170239, Attitude, Pitch,0.383633701, Accelerometer (raw), z,-0.968093872
170239, Attitude, Roll,-0.014750474, Accelerometer (raw), x,-0.070709229
170239, Attitude, Yaw,-3.030546843, Accelerometer (raw), y,-0.293304443
170239, Attitude, Pitch,0.410098932, Accelerometer (raw), z,-1.265518188
170239, Attitude, Roll,-0.017198014, Accelerometer (raw), x,0.016967773
170239, Attitude, Yaw,-2.989125443, Accelerometer (raw), y,-0.203689575
170239, Attitude, Pitch,0.426719071, Accelerometer (raw), z,-0.987625122
170239, Attitude, Roll,0.018242559, Accelerometer (raw), x,0.04196167
170239, Attitude, Yaw,-2.962971983, Accelerometer (raw), y,-0.17477417
170239, Attitude, Pitch,0.427860238, Accelerometer (raw), z,-0.892379761
170239, Attitude, Roll,0.041349573, Accelerometer (raw), x,0.087265015
170239, Attitude, Yaw,-2.929979608, Accelerometer (raw), y,-0.323516846
170239, Attitude, Pitch,0.440020217, Accelerometer (raw), z,-0.86541748
170240, Attitude, Roll,0.20274813, Accelerometer (raw), x,0.08946228
170240, Attitude, Yaw,-2.918375997, Accelerometer (raw), y,-0.230514526
170240, Attitude, Pitch,0.518915451, Accelerometer (raw), z,-0.949462891
170240, Attitude, Roll,0.208603979, Accelerometer (raw), x,0.188537598
170240, Attitude, Yaw,-2.932062887, Accelerometer (raw), y,-0.266860962
170240, Attitude, Pitch,0.409160314, Accelerometer (raw), z,-0.903152466
170240, Attitude, Roll,0.229785654, Accelerometer (raw), x,0.172622681
170240, Attitude, Yaw,-2.856200413, Accelerometer (raw), y,-0.267089844
170240, Attitude, Pitch,0.402858706, Accelerometer (raw), z,-0.942993164
170240, Attitude, Roll,0.20325691, Accelerometer (raw), x,0.139160156
170240, Attitude, Yaw,-2.880917884, Accelerometer (raw), y,-0.289016724
170240, Attitude, Pitch,0.423022138, Accelerometer (raw), z,-0.907211304
170240, Attitude, Roll,0.183694624, Accelerometer (raw), x,0.129989624
170240, Attitude, Yaw,-2.878858916, Accelerometer (raw), y,-0.317382813
170240, Attitude, Pitch,0.449063387, Accelerometer (raw), z,-0.909133911
170240, Attitude, Roll,0.211110036, Accelerometer (raw), x,0.251159668
170240, Attitude, Yaw,-2.863315474, Accelerometer (raw), y,-0.400253296
170240, Attitude, Pitch,0.45348435, Accelerometer (raw), z,-0.851089478
170240, Attitude, Roll,0.318013433, Accelerometer (raw), x,0.285324097
170240, Attitude, Yaw,-2.852508474, Accelerometer (raw), y,-0.457092285
170240, Attitude, Pitch,0.510946335, Accelerometer (raw), z,-0.837341309
170240, Attitude, Roll,0.354338856, Accelerometer (raw), x,0.245925903
170240, Attitude, Yaw,-2.852466089, Accelerometer (raw), y,-0.456848145
170240, Attitude, Pitch,0.552737457, Accelerometer (raw), z,-0.833190918
170240, Attitude, Roll,0.353592979, Accelerometer (raw), x,0.246017456
170240, Attitude, Yaw,-2.866015344, Accelerometer (raw), y,-0.470046997
170240, Attitude, Pitch,0.564473815, Accelerometer (raw), z,-0.808105469
170240, Attitude, Roll,0.332089389, Accelerometer (raw), x,0.273742676
170240, Attitude, Yaw,-2.868971859, Accelerometer (raw), y,-0.498046875
170240, Attitude, Pitch,0.570383226, Accelerometer (raw), z,-0.792022705
170241, Attitude, Roll,0.339978002, Accelerometer (raw), x,0.308486938
170241, Attitude, Yaw,-2.878265235, Accelerometer (raw), y,-0.509429932
170241, Attitude, Pitch,0.557734599, Accelerometer (raw), z,-0.791137695
170241, Attitude, Roll,0.35035225, Accelerometer (raw), x,0.32220459
170241, Attitude, Yaw,-2.889316473, Accelerometer (raw), y,-0.505996704
170241, Attitude, Pitch,0.561084069, Accelerometer (raw), z,-0.801589966
170241, Attitude, Roll,0.354662054, Accelerometer (raw), x,0.310211182
170241, Attitude, Yaw,-2.898006774, Accelerometer (raw), y,-0.509887695
170241, Attitude, Pitch,0.548654628, Accelerometer (raw), z,-0.828735352
